caseIndex,scenario,seed,variability,time,clearance,verticalSpeed,relativeX,relativeZ,deckDistance,relativeVx,relativeVz,requestedThrottle,appliedThrottle,requestedSelector,appliedSelector,engineBank,engineHealth,fuel,requestedPitchGimbal,requestedRollGimbal,requestedPitchRcs,requestedRollRcs,requestedYawRcs,pitch,roll,pitchGimbal,rollGimbal,pitchRcs,rollRcs,yawRcs
0,7,641145,0,0,377.7270217745099,-18.40267371525988,-45.435401393782854,30.58567110148865,54.77096837324134,0.07065233404879456,1.7154671054415906,0.4057647718079039,0,1,0,1,1,1,0.002752881274978427,-0.0011654734733334842,-0.09711812938862217,0.13680979076480446,-0.00028940347892417536,-0.04595253653824329,0.04118652515113354,0,0,0,0,0
0,7,641145,0,0.15000000000000002,374.90833273332026,-18.832325418082412,-45.39370973440765,30.832101000544792,54.874468886354165,0.39134558614022397,1.6112434785845338,0.6836808483908389,0.4057647718079039,1,0.375,1,1,0.9993153881825536,-0.0028251429782550383,-0.0013253810581221397,0.5592118856563526,-0.42475085442169663,0.001310064780902806,-0.04957381579529696,0.04625462482132459,0.002752881274978427,-0.0011654734733334842,-0.09711812938862217,0.13680979076480446,-0.00028940347892417536
0,7,641145,0,0.3,372.1606285960707,-17.98423261709326,-45.30780888926506,31.069930058418244,54.93758367621539,0.6760850467051187,1.5734377696234887,0.5314045366978496,0.6836808483908389,1,0.75,1,1,0.997776887007682,-0.004505298811547684,-0.0028508076216526767,0.48054347982215473,-0.5130287229446572,-0.000889081277854536,-0.03960420944931783,0.04169762979544597,-0.0028251429782550383,-0.0013253810581221397,0.5592118856563526,-0.42475085442169663,0.001310064780902806
0,7,641145,0,0.44999999999999996,369.66198533753175,-15.485135748005685,-45.17715441944074,31.30261275214871,54.96206734238603,0.9782975444888952,1.542677724295354,0.10267300792058254,0.5314045366978496,1,1,3,1,0.9951392994563062,-0.012980600747080507,0.0038023067372868063,-0.21615355303352304,-0.15010253802160914,-0.00022498777726451117,-0.002180456390908355,0.0109814921340945,-0.004505298811547684,-0.0028508076216526767,0.48054347982215473,-0.5130287229446572,-0.000889081277854536
0,7,641145,0,0.6,367.46034006819434,-14.709090692037156,-44.9919406724505,31.52135478003705,54.93514842650623,1.384750542522765,1.400826290748026,0.26490108465186135,0.10267300792058254,1,1,3,1,0.9936510967271683,-0.014461839141973423,0.0077106207857997175,-0.25257275088720194,0.18334281573681618,-0.0005376511416165684,0.04045397245932113,-0.03279563465536625,-0.012980600747080507,0.0038023067372868063,-0.21615355303352304,-0.15010253802160914,-0.00022498777726451117
0,7,641145,0,0.7500000000000001,365.3503559409623,-13.726933769159233,-44.737671121425215,31.706554636009997,54.833975090769144,1.8668713171265887,1.135766044733826,0.11922890905512995,0.26490108465186135,1,1,3,1,0.9920235483585418,-0.006852284194239938,-0.0003236723137465226,-0.3051758693728207,0.1260813765696968,-5.22245498402516e-05,0.06765168321257026,-0.06991676789616333,-0.014461839141973423,0.0077106207857997175,-0.25257275088720194,0.18334281573681618,-0.0005376511416165684
0,7,641145,0,0.9000000000000002,363.2566101010771,-14.074323425055608,-44.415596122580794,31.85066741578047,54.65537662256911,2.2949411436308256,0.865125571262172,0.2214452987155794,0.11922890905512995,1,1,3,1,0.9912795599660377,-0.0069661915618497924,-0.002102087314466567,0.07054010055967443,0.18847858642465268,0.000631308418390192,0.07757266928456194,-0.09674607240267216,-0.006852284194239938,-0.0003236723137465226,-0.3051758693728207,0.1260813765696968,-5.22245498402516e-05
0,7,641145,0,1.0500000000000003,361.20554218413895,-13.47403841080249,-44.02820758755672,31.939252316341104,54.39300416321834,2.7315161231921454,0.44404773225619953,0.13612624502118537,0.2214452987155794,1,1,3,1,0.9898977413020525,-0.008035091754495696,-0.005477831135974945,-0.19049790287666743,0.1767523014888972,-7.65663722331876e-05,0.08371758786368969,-0.1125028756241011,-0.0069661915618497924,-0.002102087314466567,0.07054010055967443,0.18847858642465268,0.000631308418390192
0,7,641145,0,1.2000000000000004,359.16487256244994,-13.66976577391816,-43.587285772033525,31.969072863250496,54.05435320775502,3.04622272690823,0.06958592523790386,0.19452608919448994,0.13612624502118537,1,1,3,1,0.9890483135331205,-0.007062875245775414,-0.005730417489428407,-0.03823202212265641,0.14484072064615372,0.0001703392021947614,0.08393469114974345,-0.11716073874135702,-0.008035091754495696,-0.005477831135974945,-0.19049790287666743,0.1767523014888972,-7.65663722331876e-05
0,7,641145,0,1.3500000000000005,357.14903904945743,-13.323305765255826,-43.10397187008502,31.93290032616652,53.64384880131148,3.310887550298977,-0.40198980051168975,0.14584168429054772,0.19452608919448994,1,1,3,1,0.987834470736547,-0.006703351155399441,-0.007955653344660215,-0.14809184378725615,0.10884639326167708,-5.194398057960739e-05,0.07953534029980461,-0.11277655185741481,-0.007062875245775414,-0.005730417489428407,-0.03823202212265641,0.14484072064615372,0.0001703392021947614
0,7,641145,0,1.5000000000000007,355.1401023295593,-13.427408521029875,-42.593428208471025,31.829538154002,53.17254578866094,3.4503234048938154,-0.837495282031776,0.1895738517676801,0.14584168429054772,1,1,3,1,0.986924418626574,-0.007824545709164616,-0.0058569836500012105,-0.10594106149368693,0.13740272745962057,0.0001036219447468726,0.06948089794365522,-0.1018232764435556,-0.006703351155399441,-0.007955653344660215,-0.14809184378725615,0.10884639326167708,-5.194398057960739e-05
0,7,641145,0,1.6500000000000008,353.15664290780285,-13.120382913698524,-42.069977580110724,31.655507155103763,52.64935086815263,3.5088702758602714,-1.3247479461431642,0.15457829476693186,0.1895738517676801,1,1,3,1,0.9857414777915438,-0.007960257131082442,-0.0060294992659630856,0.02167266104627254,0.016892582890412768,1.5143295689028774e-05,0.053759073189135656,-0.08433296181673139,-0.007824545709164616,-0.0058569836500012105,-0.10594106149368693,0.13740272745962057,0.0001036219447468726
0,7,641145,0,1.800000000000001,351.187012292215,-13.135716307611167,-41.54907090754855,31.411741898132398,52.08668565339307,3.455889085679691,-1.778477738801404,0.18233517641285601,0.15457829476693186,1,1,3,1,0.984776909232198,-0.01007257284736488,-0.003902979776884722,0.005188561436419243,0.019446376484771814,9.751622236230406e-05,0.03821821852710029,-0.06469967367156361,-0.007960257131082442,-0.0060294992659630856,0.02167266104627254,0.016892582890412768,1.5143295689028774e-05
0,7,641145,0,1.950000000000001,349.24141480741775,-12.887810168737683,-41.043842338169156,31.09873201675888,51.49493302190683,3.3274152302719457,-2.2432158088879897,0.15733365934441912,0.18233517641285601,1,1,3,1,0.9836391377313817,-0.00827161273081272,-0.0018136932325421272,-0.05945248998004205,-0.043937885870194246,3.0270254341398193e-05,0.024604323691416078,-0.04518625625122477,-0.01007257284736488,-0.003902979776884722,0.005188561436419243,0.019446376484771814,9.751622236230406e-05
0,7,641145,0,2.1000000000000005,347.30980611001485,-12.872008426462202,-40.56398518101621,30.71841989867862,50.882788984461506,3.140269602480527,-2.684209886408963,0.17994595511287909,0.15733365934441912,1,1,3,1,0.9826573756970725,-0.008743109805127373,0.001766049121089936,-0.08235905902998784,0.00045816681693191993,0.00014818371443654852,0.010073533969388317,-0.028149903365733035,-0.00827161273081272,-0.0018136932325421272,-0.05945248998004205,-0.043937885870194246,3.0270254341398193e-05
0,7,641145,0,2.25,345.40192548215015,-12.642739421150074,-40.11648305373238,30.27277895504635,50.2570727187875,2.911504624281922,-3.1162717427566378,0.1526701706461206,0.17994595511287909,1,1,3,1,0.981534512937168,-0.004234964332978541,0.003992351211430367,0.13129127880300012,-0.10307997667511092,7.794157118263552e-05,-0.007325454023542916,-0.013037413897171134,-0.008743109805127373,0.001766049121089936,-0.08235905902998784,0.00045816681693191993,0.00014818371443654852
0,7,641145,0,2.3999999999999995,343.50286398881923,-12.669242209797916,-39.705036958391176,29.764321692085915,49.622623929586645,2.66791892535037,-3.5286985982831367,0.18542812471072762,0.1526701706461206,1,1,3,1,0.9805818510723362,-0.00986651649385751,0.007128335480685017,0.022122323141415746,0.012786013253415222,1.4287049596727103e-05,-0.02002820795671187,-0.0028217115397201984,-0.004234964332978541,0.003992351211430367,0.13129127880300012,-0.10307997667511092,7.794157118263552e-05
0,7,641145,0,2.549999999999999,341.6305473630086,-12.38859913817475,-39.33209077268995,29.195993174539034,48.9838685895556,2.4064866525339887,-3.9205569400590106,0.15757824890780364,0.18542812471072762,1,1,3,1,0.9794247795741413,-0.009486188434618943,0.008478179521660578,0.12619321939477224,-0.02497345710686512,6.743889891822818e-05,-0.028424981594629424,0.005119665152625068,-0.00986651649385751,0.007128335480685017,0.022122323141415746,0.012786013253415222,1.4287049596727103e-05
0,7,641145,0,2.6999999999999984,339.7741402599202,-12.369786016693453,-38.996149134922476,28.57077410306741,48.342411816143624,2.1687731465529643,-4.293029818734623,0.17382605573833937,0.15757824890780364,1,1,3,1,0.9784414913009565,-0.010038197785183972,0.012934791131427384,0.09160067733721859,-0.0007038287954636444,0.00013414531764918117,-0.0308945435013152,0.01158637543316113,-0.009486188434618943,0.008478179521660578,0.12619321939477224,-0.02497345710686512,6.743889891822818e-05
0,7,641145,0,2.849999999999998,337.935786831407,-12.198627951281571,-38.693839919753074,27.893350797013607,47.699604468179146,1.9522548947706397,-4.628081151471222,0.1628964206631312,0.17382605573833937,1,1,3,1,0.9773568167131492,-0.010324994404309925,0.013744201159950419,-0.0016063118501670852,0.02158615943239614,3.9021184683144074e-05,-0.027215804801253546,0.016770504638713355,-0.010038197785183972,0.012934791131427384,0.09160067733721859,-0.0007038287954636444,0.00013414531764918117
0,7,641145,0,2.9999999999999973,336.1128624666214,-12.129900667136615,-38.42046416101635,27.168815329993045,47.056100484243345,1.7707240548934238,-4.9308715961189575,0.17091127210612672,0.1628964206631312,1,1,3,1,0.9763403430482112,-0.009730523248275004,0.015993672964381096,-0.03210265865089187,0.05414596543590401,0.00011311352867006003,-0.021854406633417523,0.02196124322655702,-0.010324994404309925,0.013744201159950419,-0.0016063118501670852,0.02158615943239614,3.9021184683144074e-05
0,7,641145,0,3.149999999999997,334.30778060443794,-11.985870348348712,-38.171931126296485,26.403718145389846,46.413927412059316,1.6115349531062169,-5.18400685404728,0.17087894436037965,0.17091127210612672,1,1,3,1,0.9752738567102688,-0.010783936580651634,0.015579794431042291,0.09807028398434303,0.02127925289084678,3.9501807055670455e-05,-0.017737115586928545,0.02869934138778115,-0.009730523248275004,0.015993672964381096,-0.03210265865089187,0.05414596543590401,0.00011311352867006003
0,7,641145,0,3.2999999999999963,332.52426107232145,-11.842272989945792,-37.946312293105294,25.60582771592508,45.77751663932318,1.4605597098589156,-5.384561612543305,0.16616908501259042,0.17087894436037965,1,1,3,1,0.97420757209746,-0.010063430037860937,0.015298633281016006,0.014798221551065876,-0.02228978808970549,-3.186338724698244e-05,-0.01050144305493416,0.036234106443582256,-0.010783936580651634,0.015579794431042291,0.09807028398434303,0.02127925289084678,3.9501807055670455e-05
0,7,641145,0,3.4499999999999957,330.7578533343001,-11.742950282513162,-37.74296596263123,24.783357412520626,45.1524781633642,1.3118941855646862,-5.5299067913396325,0.16316584838253517,0.16616908501259042,1,1,3,1,0.9731706770069813,-0.008131097407506793,0.017403032735890583,0.03254643770883532,-0.015296667844180314,-3.1705428080259982e-06,-0.0010900684296917449,0.042330380779342786,-0.010063430037860937,0.015298633281016006,0.014798221551065876,-0.02228978808970549,-3.186338724698244e-05
0,7,641145,0,3.599999999999995,329.0034993584576,-11.672076956578957,-37.56271757539281,23.945062316832427,44.54574907896052,1.1536145786595224,-5.615649157705252,0.17001535075918178,0.16316584838253517,1,1,3,1,0.9721525221130742,-0.010015356125354806,0.01876881456149971,0.027689925196100182,0.03633708851530444,2.3224554824140122e-05,0.009449714530976008,0.04652368086221961,-0.008131097407506793,0.017403032735890583,0.03254643770883532,-0.015296667844180314,-3.1705428080259982e-06
0,7,641145,0,3.7499999999999947,327.26617703689556,-11.537220670105896,-37.4087224395865,23.10028699748105,43.96630270932518,0.9691800840072398,-5.637659869699603,0.16103503529767788,0.17001535075918178,1,1,3,1,0.9710916263243371,-0.00902594402396847,0.021209304718131584,0.00155018979874486,0.03124608161470089,-1.214098663813327e-05,0.021211512354589165,0.050908334851297504,-0.010015356125354806,0.01876881456149971,0.027689925196100182,0.03633708851530444,2.3224554824140122e-05
0,7,641145,0,3.899999999999994,325.54058093139906,-11.487421249969294,-37.28527166665576,22.25773208263702,43.42347430502046,0.7551728855733517,-5.6045974886309375,0.16254983549635182,0.16103503529767788,1,1,3,1,0.9700867677040794,-0.0068103850024030825,0.020968964549073276,-0.02381643573314978,-0.003803978525332035,1.0249390513303675e-05,0.03305283130594429,0.056164053172334395,-0.00902594402396847,0.021209304718131584,0.00155018979874486,0.03124608161470089,-1.214098663813327e-05
0,7,641145,0,4.049999999999994,323.82379559236034,-11.424237460278196,-37.19683189363809,21.425736974679737,42.92629156859151,0.5118704105236862,-5.516029407481508,0.16637681416107136,0.16254983549635182,1,1,3,1,0.9690724567305823,-0.00580223935167391,0.022681567547732925,-0.11982333396054816,0.06219862171594589,-4.002983610024807e-06,0.04349828895135993,0.060833248641762656,-0.0068103850024030825,0.020968964549073276,-0.02381643573314978,-0.003803978525332035,1.0249390513303675e-05
0,7,641145,0,4.199999999999993,322.11996161830444,-11.326322670230745,-37.1477390355092,20.612637815149643,42.48335383593003,0.24006159275083805,-5.371817221419351,0.16241890373140588,0.16637681416107136,1,1,3,1,0.9680342654102172,-0.003236758299422088,0.02264705873886765,0.003621380370245406,0.016114670034669907,3.9934367648429394e-05,0.048594872285552926,0.06671278317171107,-0.00580223935167391,0.022681567547732925,-0.11982333396054816,0.06219862171594589,-4.002983610024807e-06
0,7,641145,0,4.3499999999999925,320.42700012394164,-11.266552190101939,-37.14211801805534,19.825603115568953,42.10215516767769,-0.05792376114463016,-5.183845163895125,0.16987602784542943,0.16241890373140588,1,1,3,1,0.9670207714509333,-0.0032726353998055588,0.02073978676865286,0.00932280510187313,-0.006642386956379509,-3.8190914894041926e-05,0.0514559940438729,0.07320111614006641,-0.003236758299422088,0.02264705873886765,0.003621380370245406,0.016114670034669907,3.9934367648429394e-05
0,7,641145,0,4.499999999999992,318.7499240219062,-11.13758706364652,-37.182312314804854,19.07125421761468,41.788001705137496,-0.36507769828934533,-4.951922728743487,0.1657954241434078,0.16987602784542943,1,1,3,1,0.9659607450371779,-0.003286247965889131,0.01926637153001884,-0.012596031712357913,-0.02088212531190603,-1.3051396762983287e-05,0.05464424868584263,0.0786117978925189,-0.0032726353998055588,0.02073978676865286,0.00932280510187313,-0.006642386956379509,-3.8190914894041926e-05
0,7,641145,0,4.6499999999999915,317.08831279879297,-11.04738807286224,-37.26823418907392,18.354359042259073,41.54279450667487,-0.6666087295119874,-4.694523148863416,0.1676052841681407,0.1657954241434078,1,1,3,1,0.9649261815905229,-0.0008296456369418745,0.01959017792766059,0.072549685784072,-0.04232306732792023,8.153284084213361e-05,0.0574317607359999,0.0821319482123735,-0.003286247965889131,0.01926637153001884,-0.012596031712357913,-0.02088212531190603,-1.3051396762983287e-05
0,7,641145,0,4.799999999999991,315.4418472617534,-10.941006336402173,-37.39614569302637,17.678477345757887,41.36423907143137,-0.9332287864748205,-4.414365895977444,0.16302255323472126,0.1676052841681407,1,1,3,1,0.9638803246173137,-0.000961669081365461,0.01798872396701272,0.1203960603517989,-0.06731677942633901,6.100691616132701e-05,0.06254089654893649,0.082846565676449,-0.0008296456369418745,0.01959017792766059,0.072549685784072,-0.04232306732792023,8.153284084213361e-05
0,7,641145,0,4.94999999999999,313.80704153110884,-10.87759190164626,-37.55905526550106,17.045022826991353,41.245792944367295,-1.147088187629492,-4.131581070804797,0.16486689397868204,0.16302255323472126,1,1,3,1,0.9628630638851289,-0.00036856463144123615,0.020232242115500707,-0.03792516471328402,-1.770773084426635e-05,3.7433827171235418e-06,0.07309948636682098,0.07967057112620655,-0.000961669081365461,0.01798872396701272,0.1203960603517989,-0.06731677942633901,6.100691616132701e-05
0,7,641145,0,5.09999999999999,312.1735122345058,-10.995353156385788,-37.74680522330567,16.453487274697054,41.17691766104882,-1.2954637542758185,-3.8637133705456597,0.24388052140281846,0.16486689397868204,1,1,3,0,0.9619661879818847,0.0005512613950148774,0.019736037742200167,0.11500146271325005,-0.04674170193763044,0.00014423976657089186,0.08400122249008708,0.07489367339457072,-0.00036856463144123615,0.020232242115500707,-0.03792516471328402,-1.770773084426635e-05,3.7433827171235418e-06
0,7,641145,0,5.249999999999989,310.51834252585536,-11.05409935384051,-37.947898625723965,15.901026424107954,41.14469165577015,-1.3448349915383786,-3.598541170667151,0.22985684548183932,0.24388052140281846,1,1,3,0,0.961029686779698,0.0007494115653832794,0.01955800104227544,-0.0762834254229928,0.026990411883118764,-8.796490398183034e-05,0.09975037698656061,0.0681599975327673,0.0005512613950148774,0.019736037742200167,0.11500146271325005,-0.04674170193763044,0.00014423976657089186
0,7,641145,0,5.399999999999989,308.8461953212789,-11.194559740654434,-38.14685262736675,15.386481326069276,41.13303019437683,-1.2984853042964422,-3.352232196478752,0.23633589912006392,0.22985684548183932,1,1,3,0,0.9601470364930478,0.0016619641961587105,0.018434869598045477,-0.09591992801544433,0.04601015514227035,-3.728819748396985e-05,0.11599821120622775,0.06147345448854562,0.0007494115653832794,0.01955800104227544,-0.0762834254229928,0.026990411883118764,-8.796490398183034e-05
0,7,641145,0,5.549999999999988,307.1565691401809,-11.299132218543164,-38.32815576616727,14.90787369600333,41.125323373458954,-1.1463250212560223,-3.115722809974904,0.23086829627214228,0.23633589912006392,1,1,3,0,0.9592395066404268,0.0034400680744372447,0.016368268187017376,-0.0903310898353819,0.01271105873054663,1.656319871692358e-05,0.1285653673468365,0.05688826749304734,0.0016619641961587105,0.018434869598045477,-0.09591992801544433,0.04601015514227035,-3.728819748396985e-05
0,7,641145,0,5.699999999999988,305.44798359097376,-11.436405387855569,-38.477905091930076,14.463524910381961,41.10648042701805,-0.9088641360359055,-2.8909457081726435,0.22264998855250345,0.23086829627214228,1,1,3,0,0.9583529723827418,0.005406326796147124,0.014486577008177466,-0.014036919336978116,-0.05372295980095897,1.1600131609093915e-06,0.1375542109608746,0.053430942324466234,0.0034400680744372447,0.016368268187017376,-0.0903310898353819,0.01271105873054663,1.656319871692358e-05
0,7,641145,0,5.849999999999987,303.7139864732563,-11.621856892721956,-38.585299183787,14.052004139978154,41.06439008986152,-0.606222839448999,-2.6748939867448023,0.22434342083458964,0.22264998855250345,1,1,3,0,0.9574979964267003,0.004820966988365626,0.013436257379498886,-0.007450938040985287,-0.054864510008540895,2.646400000426629e-05,0.14613117720786933,0.04803896882460008,0.005406326796147124,0.014486577008177466,-0.014036919336978116,-0.05372295980095897,1.1600131609093915e-06
0,7,641145,0,5.999999999999987,301.9530769511161,-11.79827421707545,-38.64176057417272,13.672534036947631,40.98931381791089,-0.250313577100608,-2.462443909207387,0.22485400507053338,0.22434342083458964,1,1,3,0,0.9566365176906954,0.003893264256360754,0.013033645755102373,-0.02779324425324057,-0.03871807436917497,4.822198737947161e-05,0.1560145112514904,0.03963721464168344,0.004820966988365626,0.013436257379498886,-0.007450938040985287,-0.054864510008540895,2.646400000426629e-05
0,7,641145,0,6.149999999999986,300.16591172856965,-11.972650457102306,-38.64117224184052,13.324681300891285,40.874042178305636,0.1400549937716602,-2.2523647438722554,0.23174590674358803,0.22485400507053338,1,1,3,0,0.9557730783112245,0.0008280153984434853,0.012516892455049375,-0.15305792389609216,0.06132181417045236,-1.4732962909797158e-06,0.1665847993624661,0.02901517289680447,0.003893264256360754,0.013033645755102373,-0.02779324425324057,-0.03871807436917497,4.822198737947161e-05
0,7,641145,0,6.299999999999986,298.3564814775538,-12.108074361076584,-38.579826876873625,13.008473210240329,40.71392166214255,0.5500058414072031,-2.0403283748671814,0.23492236529982946,0.23174590674358803,1,1,3,0,0.9548831740293291,0.0008852567965097898,0.011075002902533732,-0.15189505847565604,0.045768495532542496,7.535050374920751e-05,0.17294043548632596,0.020312093608651535,0.0008280153984434853,0.012516892455049375,-0.15305792389609216,0.06132181417045236,-1.4732962909797158e-06
0,7,641145,0,6.449999999999985,296.52851490456993,-12.225598564078986,-38.45685274873851,12.724787629958264,40.507403564850904,0.9588928134185863,-1.8201417958113482,0.22897396759683541,0.23492236529982946,1,1,3,0,0.9539810721465777,0.00214296663627404,0.007511316257267546,-0.0005812743106619035,-0.05050395926516864,2.708436623651317e-06,0.17322918757913602,0.014658037894622812,0.0008852567965097898,0.011075002902533732,-0.15189505847565604,0.045768495532542496,7.535050374920751e-05
0,7,641145,0,6.5999999999999845,294.6795574970531,-12.376713286869965,-38.27486402142677,12.475261899505755,40.256643865577885,1.343459563302777,-1.5882589604716357,0.24547831087686656,0.22897396759683541,1,1,3,0,0.953101812111006,-0.0028214719867419628,0.008740075937753241,-0.16871042387879415,0.11989076670045569,-0.000126835818125879,0.17349591688878832,0.008097269035449302,0.00214296663627404,0.007511316257267546,-0.0005812743106619035,-0.05050395926516864,2.708436623651317e-06
0,7,641145,0,6.749999999999984,292.81753864386576,-12.431735344789056,-38.03641029117815,12.262621423858011,39.96423891460595,1.715348353396322,-1.334862660185168,0.2541802138575519,0.24547831087686656,1,1,3,0,0.9521591753972388,-0.0051955325497520305,0.005315488801970229,-0.140070196760956,0.0698712056494437,2.1578906109709714e-05,0.17040779522748425,0.005246523539421737,-0.0028214719867419628,0.008740075937753241,-0.16871042387879415,0.11989076670045569,-0.000126835818125879
0,7,641145,0,6.8999999999999835,290.9524505986016,-12.434790129066249,-37.7442524264422,12.090178346641451,39.63333197807857,2.066122724238557,-1.0586840044723331,0.25704964881111214,0.2541802138575519,1,1,3,0,0.951183123376026,-0.005848572896052844,0.0036257640046531807,-0.08203929106684439,0.027524386866796362,-5.637546854869972e-05,0.1623343672427062,0.007136519394372848,-0.0051955325497520305,0.005315488801970229,-0.140070196760956,0.0698712056494437,2.1578906109709714e-05
0,7,641145,0,7.049999999999983,289.0887948534691,-12.418891303907259,-37.4016474737068,11.962187373222582,39.26801701766368,2.3958770154344133,-0.7520151947439515,0.25074195919355213,0.25704964881111214,1,1,3,0,0.9501960527245912,-0.005827040380841071,0.0022401848005989037,-0.1407830732302374,-0.01761355412159275,-9.54473345764988e-05,0.15230838406494857,0.011051964680031457,-0.005848572896052844,0.0036257640046531807,-0.08203929106684439,0.027524386866796362,-5.637546854869972e-05
0,7,641145,0,7.199999999999982,287.22414899923876,-12.436708492392112,-37.011397543754335,11.883270143373638,38.87229935882645,2.7085560028455404,-0.4150240231294262,0.24372034875858245,0.25074195919355213,1,1,3,0,0.9492332036012879,-0.0036368631448384916,-9.873595116478656e-05,-0.08447021656602213,-0.1278529916506631,3.05741900823862e-05,0.13933634236443396,0.01447350209032498,-0.005827040380841071,0.0022401848005989037,-0.1407830732302374,-0.01761355412159275,-9.54473345764988e-05
0,7,641145,0,7.349999999999982,285.3530395293545,-12.492406344658479,-36.57462648719048,11.857221880526623,38.44862823822893,3.0186686323847445,-0.05611254920841513,0.2486000993663045,0.24372034875858245,1,1,3,0,0.9482973174620548,-0.005195521252019793,0.0019471839590873793,-0.09953055735339032,-0.043801103323937975,-1.8367625135512466e-05,0.12459322667839842,0.012608156037538598,-0.0036368631448384916,-9.873595116478656e-05,-0.08447021656602213,-0.1278529916506631,3.05741900823862e-05
0,7,641145,0,7.499999999999981,283.4767132668101,-12.51673158480236,-36.08993582530718,11.886655662537486,37.997053184615844,3.344011196512667,0.3177200586916452,0.22895424775572443,0.2486000993663045,1,1,3,0,0.9473426930804882,-0.003098616913330081,0.0018722056579919984,0.046172153348967904,-0.11201958970898127,4.699983353546986e-05,0.10868747596250193,0.006901745594430763,-0.005195521252019793,0.0019471839590873793,-0.09953055735339032,-0.043801103323937975,-1.8367625135512466e-05
0,7,641145,0,7.649999999999981,281.58562305668664,-12.652297193424838,-35.55480156019884,11.972219971946128,37.51636929450641,3.687422564193189,0.6905881137710622,0.24895731251318276,0.22895424775572443,1,1,3,0,0.9464635087691061,-0.008179978590567275,0.002021953185670866,-0.13572258816513064,0.022683676938756045,-4.0218983710666744e-05,0.09679685203589204,-0.0034103841802790996,-0.003098616913330081,0.0018722056579919984,0.046172153348967904,-0.11201958970898127,4.699983353546986e-05
0,7,641145,0,7.79999999999998,279.6860289221616,-12.669615499913526,-34.9636585522428,12.112321932937252,37.00223995875025,4.0763437918034615,1.0480587366564735,0.25216842513086546,0.24895731251318276,1,1,3,0,0.9455075126890554,-0.010216462241779743,-0.0022528381285988434,-0.01354947292483859,-0.03861156549226897,0.00012273672179726643,0.08469922587688884,-0.014283653703276248,-0.008179978590567275,0.002021953185670866,-0.13572258816513064,0.022683676938756045,-4.0218983710666744e-05
0,7,641145,0,7.94999999999998,277.785864405761,-12.666712408205008,-34.31007918658853,12.303039724738355,36.44922935067991,4.506001799533936,1.3744106400626004,0.2614216085197437,0.25216842513086546,1,1,3,0,0.944539185936553,-0.014025818528408542,-0.0031484732319400958,-0.0960547847096232,0.03142304601463279,1.382167987581538e-05,0.07374807249397201,-0.0254303008796145,-0.010216462241779743,-0.0022528381285988434,-0.01354947292483859,-0.03861156549226897,0.00012273672179726643
0,7,641145,0,8.09999999999998,275.89162548105105,-12.60896459806566,-33.58808258350671,12.539027727455295,35.85228734664442,4.974470558328463,1.662890877058692,0.2453984420087263,0.2614216085197437,1,1,3,0,0.9435353269598372,-0.012783110502486587,-0.00500651218746326,-0.12733126230071198,0.004314655141442188,-1.3373462355404348e-06,0.06313047847324167,-0.03528914726402504,-0.014025818528408542,-0.0031484732319400958,-0.0960547847096232,0.03142304601463279,1.382167987581538e-05
0,7,641145,0,8.249999999999982,273.99678266734355,-12.643881953117944,-32.79288435845355,12.814293094085716,35.207660701160485,5.470349899254686,1.9108228721545693,0.26356252314745,0.2453984420087263,1,1,3,0,0.9425929969425236,-0.01645591011591056,-0.008452430949526765,-0.0514767465728263,0.00035139713256579253,6.236537455043753e-05,0.05016282969505429,-0.043639618207688406,-0.012783110502486587,-0.00500651218746326,-0.12733126230071198,0.004314655141442188,-1.3373462355404348e-06
0,7,641145,0,8.399999999999984,272.10729475605916,-12.572919317482144,-31.922146248148803,13.121033956823256,34.51354738627007,5.975273181354577,2.1008117990187904,0.25111600762902053,0.26356252314745,1,1,3,0,0.9415809168536375,-0.01671219643209358,-0.008915048639103005,-0.15432462086783624,0.00693174623759714,-1.0386241419128356e-05,0.037315941431378806,-0.05112080918380851,-0.01645591011591056,-0.008452430949526765,-0.0514767465728263,0.00035139713256579253,6.236537455043753e-05
0,7,641145,0,8.549999999999986,270.2212240629049,-12.574248817286849,-30.9764826231276,13.45134586206554,33.7710109591323,6.469322294245332,2.2410583810265177,0.25321211090353646,0.25111600762902053,1,1,3,0,0.9406166313843422,-0.01751667250981677,-0.012177938639134417,-0.041471779336630495,-0.05197254988824041,3.575886531596213e-05,0.0221667095101833,-0.057578421192658304,-0.01671219643209358,-0.008915048639103005,-0.15432462086783624,0.00693174623759714,-1.0386241419128356e-05
0,7,641145,0,8.699999999999989,268.33612395468583,-12.563934379398091,-29.960028993463773,13.796484552985955,32.98403133805766,6.927282064279128,2.318643400351546,0.24570500458715155,0.25321211090353646,1,1,3,0,0.9396442968784725,-0.01749852547153109,-0.010538141442094712,-0.09697427168628737,-0.011636913726647947,-2.0881443451632445e-05,0.007187680832774388,-0.06506882480264542,-0.01751667250981677,-0.012177938639134417,-0.041471779336630495,-0.05197254988824041,3.575886531596213e-05
0,7,641145,0,8.84999999999999,266.4481584259754,-12.597793244894124,-28.880085348664025,14.147654498757436,32.159220412850964,7.330812787758631,2.3397901098447407,0.2433649755017777,0.24570500458715155,1,1,3,0,0.9387007896608577,-0.018970566447029345,-0.010852304939393471,-0.016313515998083308,-0.014772459194241591,1.9505009081345627e-05,-0.007647812820545008,-0.07310379440426625,-0.01749852547153109,-0.010538141442094712,-0.09697427168628737,-0.011636913726647947,-2.0881443451632445e-05
0,7,641145,0,8.999999999999993,264.5536381700622,-12.646447411543598,-27.746966793668165,14.495777114222971,31.305298599345036,7.658915306589925,2.298749209810654,0.24165805794509498,0.2433649755017777,1,1,3,0,0.9377662681549309,-0.01944758681874886,-0.0114591894028768,-0.11095229445329426,-0.022099604949186624,1.4394470838884226e-05,-0.0203374129128472,-0.08105028981589046,-0.018970566447029345,-0.010852304939393471,-0.016313515998083308,-0.014772459194241591,1.9505009081345627e-05
0,7,641145,0,9.149999999999995,262.6506846000719,-12.706485096372033,-26.573013825033367,14.831537426711591,30.43188403936505,7.901870863962104,2.1958422515295632,0.2422510115456652,0.24165805794509498,1,1,3,0,0.9368383012124218,-0.019864624637955384,-0.011562097044621451,-0.09066345857963219,0.023481224529604522,-1.75353442095938e-05,-0.033020594985728506,-0.0892290913538498,-0.01944758681874886,-0.0114591894028768,-0.11095229445329426,-0.022099604949186624,1.4394470838884226e-05
0,7,641145,0,9.299999999999997,260.7388931521248,-12.764876700839707,-25.372001974432184,15.145909291290126,29.548892575705427,8.050081277433783,2.033999778211692,0.25627444416076817,0.2422510115456652,1,1,3,0,0.9359080573280864,-0.023483019601604708,-0.012425885958651857,-0.13556506370345894,0.08759588370925882,-2.081615583705113e-05,-0.046616869834961404,-0.09606577717059049,-0.019864624637955384,-0.011562097044621451,-0.09066345857963219,0.023481224529604522,-1.75353442095938e-05
0,7,641145,0,9.45,258.826210359347,-12.744609284494311,-24.159544515098656,15.429938195739128,28.666471423971295,8.09014000207206,1.812706847544764,0.25214366978710223,0.25627444416076817,1,1,3,0,0.9349239634625091,-0.023170603790753894,-0.013873605917321412,-0.0960232325966772,0.043907091083383754,-3.330500025429626e-05,-0.06223470170429716,-0.09842552529489113,-0.023483019601604708,-0.012425885958651857,-0.13556506370345894,0.08759588370925882,-2.081615583705113e-05
0,7,641145,0,9.600000000000001,256.9139740128735,-12.750259809508462,-22.95028171144294,15.676941302220984,27.793558952172255,8.038770067525032,1.5545232951994077,0.24440931831267343,0.25214366978710223,1,1,3,0,0.9339557317705267,-0.0211355672862429,-0.012368081808058547,-0.0812705316448937,0.039726032712374106,-4.559312221505314e-05,-0.07905970801131541,-0.09701991659590502,-0.023170603790753894,-0.013873605917321412,-0.0960232325966772,0.043907091083383754,-3.330500025429626e-05
0,7,641145,0,9.750000000000004,254.9963068424853,-12.801728694194212,-21.75631928498158,15.883185014871678,26.937204662821003,7.912883815108074,1.2772022989463505,0.25701176954595295,0.24440931831267343,1,1,3,0,0.933017199988206,-0.02397804884314232,-0.014253137582941932,-0.0694336337314545,0.009815052229839572,-1.4628832355739823e-05,-0.09581047303978264,-0.09306649049277849,-0.0211355672862429,-0.012368081808058547,-0.0812705316448937,0.039726032712374106,-4.559312221505314e-05
0,7,641145,0,9.900000000000006,253.07792235922057,-12.783196888604367,-20.589373036115397,16.045266441809538,26.103119683458814,7.707332395798197,0.9753113467996506,0.2524730231249429,0.25701176954595295,1,1,3,0,0.9320302747931495,-0.024048520694857484,-0.014794683021690678,-0.12434003721827969,0.0063045588323194885,1.4160238926992672e-05,-0.11171832258848259,-0.08788099430574285,-0.02397804884314232,-0.014253137582941932,-0.0694336337314545,0.009815052229839572,-1.4628832355739823e-05
0,7,641145,0,10.050000000000008,251.15949570599594,-12.792926890588726,-19.457913135002297,16.161482033453908,25.294344923064294,7.4569458500910155,0.6684152755054802,0.2366426363697507,0.2524730231249429,1,1,3,0,0.9310607783843499,-0.019943311190425608,-0.011615416509739357,-0.0622946508020041,-0.025182548934883524,2.6309535806313165e-05,-0.12862359544226598,-0.08218345888781467,-0.024048520694857484,-0.014794683021690678,-0.12434003721827969,0.0063045588323194885,1.4160238926992672e-05
0,7,641145,0,10.20000000000001,249.23039918246087,-12.894791070684464,-18.365352782370145,16.23275209058409,24.51098576669802,7.19478071473029,0.37289870469019815,0.24446864198395524,0.2366426363697507,1,1,3,0,0.9301520706606902,-0.01979664174605005,-0.00896937405007316,-0.06456291521931885,0.02807442730167933,1.314783177812409e-05,-0.14526260907595315,-0.07731067778664048,-0.019943311190425608,-0.011615416509739357,-0.0622946508020041,-0.025182548934883524,2.6309535806313165e-05
0,7,641145,0,10.350000000000012,247.2902731564734,-12.954180284101012,-17.314626457089616,16.260040778313776,23.752583342890823,6.908738990450787,0.0813634888944132,0.24851835420030544,0.24446864198395524,1,1,3,0,0.9292133110754719,-0.020550128577617763,-0.0075277855098996324,-0.004169961331539789,0.0268013047244315,1.7546850454200147e-05,-0.16062048988225644,-0.07189276463375976,-0.01979664174605005,-0.00896937405007316,-0.06456291521931885,0.02807442730167933,1.314783177812409e-05
0,7,641145,0,10.500000000000014,245.3432788214897,-12.993116305591185,-16.307967159691923,16.244512231730333,23.018122654300605,6.6120060031312775,-0.20052107481730352,0.25175043951040765,0.24851835420030544,1,1,3,0,0.9282590005953428,-0.022084825571492557,-0.008204363971560893,-0.0017018353926243574,0.006496797552260115,3.782824495475365e-05,-0.1725352531750998,-0.06509898408754144,-0.020550128577617763,-0.0075277855098996324,-0.004169961331539789,0.0268013047244315,1.7546850454200147e-05
0,7,641145,0,10.650000000000016,243.3920439127107,-13.015939039924888,-15.346129208642303,16.187751678977172,22.305761276149546,6.312629691820987,-0.47170055889881557,0.25902475245214346,0.25175043951040765,1,1,3,0,0.9272922789076228,-0.02378125432419892,-0.0062635856656938806,-0.057828986708412196,0.05134213378077578,3.6570578580382596e-05,-0.1799865055946396,-0.0577901788391372,-0.022084825571492557,-0.008204363971560893,-0.0017018353926243574,0.006496797552260115,3.782824495475365e-05
0,7,641145,0,10.800000000000018,241.44140504489076,-12.998489843852418,-14.429680993946057,16.091766668174476,21.613899418892906,6.007922771669,-0.72819284293297,0.2545385986840774,0.25902475245214346,1,1,3,0,0.9262976238582067,-0.02246574357350041,-0.006673148128123618,0.05516101340717933,-0.06401038741168077,8.988984354222796e-05,-0.1852222487261276,-0.04873824657636349,-0.02378125432419892,-0.0062635856656938806,-0.057828986708412196,0.05134213378077578,3.6570578580382596e-05
0,7,641145,0,10.95000000000002,239.49082840345525,-13.006465906606788,-13.558097659636381,15.958783859086754,20.94050606860506,5.710769534676928,-0.9703608878374912,0.26968827049675204,0.2545385986840774,1,1,3,0,0.9253201956392597,-0.025509109640614168,-0.0045215045501879846,-0.0690732331811395,0.0293443880242397,-0.0001028622750686675,-0.18524371156440406,-0.04152110029343711,-0.02246574357350041,-0.006673148128123618,0.05516101340717933,-0.06401038741168077,8.988984354222796e-05
0,7,641145,0,11.100000000000023,237.5477210213896,-12.927680613643563,-12.733861290111046,15.790392968649261,20.28516042480701,5.3845038718653475,-1.2039193823073255,0.25288534215778247,0.26968827049675204,1,1,3,0,0.9242845926805523,-0.02277146214414173,-0.0011992185485349043,-0.11550344210979192,0.017289878063796928,-2.2900304437559937e-05,-0.18287272422575082,-0.03468707888789151,-0.025509109640614168,-0.0045215045501879846,-0.0690732331811395,0.0293443880242397,-0.0001028622750686675
0,7,641145,0,11.250000000000025,235.60707485012958,-12.942517018395169,-11.958012710231124,15.588137303126524,19.64647786650762,5.061374185720151,-1.4261622515927859,0.25461658156286826,0.25288534215778247,1,1,3,0,0.9233135129666663,-0.02069809468809052,0.00031241549038811154,-0.07322869853208702,0.015531963707542252,-7.512299761688074e-06,-0.18229498100798822,-0.02706331302603252,-0.02277146214414173,-0.0011992185485349043,-0.11550344210979192,0.017289878063796928,-2.2900304437559937e-05
0,7,641145,0,11.400000000000027,233.66532803692908,-12.946163316065038,-11.234463016620047,15.352864459288288,19.024289904674,4.6976653067667264,-1.645647704826204,0.25932641337436735,0.25461658156286826,1,1,3,0,0.9223357852934649,-0.02042334298330603,-9.06043938286082e-05,-0.05352136566708928,-0.007430473140598279,-6.233935115260389e-05,-0.18275225766009512,-0.019051241636453067,-0.02069809468809052,0.00031241549038811154,-0.07322869853208702,0.015531963707542252,-7.512299761688074e-06
0,7,641145,0,11.55000000000003,231.72577404811287,-12.922412823689164,-10.571563573190442,15.084316448785327,18.419950030038155,4.271355918094655,-1.8692206750617668,0.26043457532319614,0.25932641337436735,1,1,3,0,0.9213399718661073,-0.020883966509421165,0.00014963270880589605,-0.05076864770105847,-0.0354099891806148,-2.1748855024163222e-05,-0.18270158640478643,-0.011563229099028245,-0.02042334298330603,-9.06043938286082e-05,-0.05352136566708928,-0.007430473140598279,-6.233935115260389e-05
0,7,641145,0,11.700000000000031,229.79045026310095,-12.891966716229208,-9.979442937286215,14.781426311444196,17.83479310615087,3.77570900907752,-2.1016194736031037,0.24750129035025276,0.26043457532319614,1,1,3,0,0.9203399030968661,-0.016439681988430373,0.003632671423363315,0.03379725015284853,-0.030624267108013296,-3.3334816580133254e-05,-0.181716606418087,-0.00601379210512892,-0.020883966509421165,0.00014963270880589605,-0.05076864770105847,-0.0354099891806148,-2.1748855024163222e-05
0,7,641145,0,11.850000000000033,227.8524984861123,-12.93337548120506,-9.46653133750089,14.442475829631267,17.268477745689392,3.2314812116738145,-2.3468361713577135,0.25325352258493394,0.24750129035025276,1,1,3,0,0.9193894981419213,-0.01695383979329501,0.006507839918428286,-0.04333947208253037,0.03197682110447867,-5.600339161003649e-05,-0.17679890749914146,-0.0026749239908416805,-0.016439681988430373,0.003632671423363315,0.03379725015284853,-0.030624267108013296,-3.3334816580133254e-05
0,7,641145,0,12.000000000000036,225.9118067857964,-12.939980164063776,-9.042344548495386,14.065039440062593,16.7209248961958,2.6172164168449252,-2.6093836366212466,0.24296226354991335,0.25325352258493394,1,1,3,0,0.9184170046151952,-0.014071878282517105,0.008710311731828556,0.039429525026924324,0.010750950401118642,1.9164080572123227e-05,-0.16955407673612596,0.0009041808964475985,-0.01695383979329501,0.006507839918428286,-0.04333947208253037,0.03197682110447867,-5.600339161003649e-05
0,7,641145,0,12.150000000000038,223.96452262934386,-13.002537908696768,-8.714055884694481,13.64612123117224,16.191089976200747,1.9669131392181272,-2.8929007507704183,0.2591593764422178,0.24296226354991335,1,1,3,0,0.9174840295231633,-0.015819139725119412,0.0073033946243492645,0.05052486408477726,0.018387734908336395,-3.252252046270951e-05,-0.1585223984889657,0.0049866651470778164,-0.014071878282517105,0.008710311731828556,0.039429525026924324,0.010750950401118642,1.9164080572123227e-05
0,7,641145,0,12.30000000000004,222.0174701910646,-12.968796552729003,-8.48845243613911,13.182540765903676,15.679069035032287,1.2679621354733543,-3.197571100000122,0.25838434576066216,0.2591593764422178,1,1,3,0,0.9164888575176253,-0.015022442670429043,0.008508347931672364,-0.12088207899902206,0.0507199608676159,6.838586644207581e-06,-0.14200984350730447,0.009437800211408004,-0.015819139725119412,0.0073033946243492645,0.05052486408477726,0.018387734908336395,-3.252252046270951e-05
0,7,641145,0,12.450000000000042,220.0754718591947,-12.935166504676348,-8.368041391298627,12.671515854684575,15.185237264593846,0.5677803434717803,-3.5190667824742308,0.27035324020559603,0.25838434576066216,1,1,3,0,0.9154966616299045,-0.013382346691011607,0.00957942398067303,-0.06004720823624146,0.0833536041436727,0.00010212842773026498,-0.12651006181610583,0.015549709922990023,-0.015022442670429043,0.008508347931672364,-0.12088207899902206,0.0507199608676159,6.838586644207581e-06
0,7,641145,0,12.600000000000044,218.14580805601733,-12.828749040177874,-8.351950586547082,12.11151970623524,14.712035487812306,-0.12326494791856257,-3.8468390850530128,0.268295375963972,0.27035324020559603,1,1,3,0,0.9144585051875149,-0.01087854573385308,0.009795870299886404,0.04676910197132284,0.03959900517490068,4.930623420400527e-06,-0.1128548376396326,0.024958533567743267,-0.013382346691011607,0.00957942398067303,-0.06004720823624146,0.0833536041436727,0.00010212842773026498
0,7,641145,0,12.750000000000046,216.2312161670666,-12.731266580099987,-8.435322081917722,11.502320540580788,14.263871719976853,-0.7697609202552376,-4.1738138451019475,0.28137950335831186,0.268295375963972,1,1,3,0,0.9134282509438134,-0.01169198404207999,0.009623847041233247,-0.05562410162210611,0.03616631790585656,-5.7706666884480174e-05,-0.0959905606787612,0.03640105773975246,-0.01087854573385308,0.009795870299886404,0.04676910197132284,0.03959900517490068,4.930623420400527e-06
0,7,641145,0,12.900000000000048,214.33908548945874,-12.555431358993927,-8.610311072657783,10.845467719548209,13.847802238033855,-1.3603294937117396,-4.485696088661806,0.276533021390574,0.28137950335831186,1,1,3,0,0.9123477536509175,-0.007545835342251342,0.013022618079680855,-0.08313854467446814,0.05270708052757826,2.5920266431045536e-05,-0.07803375396127188,0.04881843802953896,-0.01169198404207999,0.009623847041233247,-0.05562410162210611,0.03616631790585656,-5.7706666884480174e-05
0,7,641145,0,13.05000000000005,212.4707077634414,-12.4059674671786,-8.864880615973066,10.144225009080136,13.471874753363092,-1.8599691722463754,-4.772421888279274,0.2671225338583433,0.276533021390574,1,1,3,0,0.9112858668487777,-0.002492187013286145,0.012131651276364503,0.12067291086559072,-0.08915234628968137,0.0001377687328455518,-0.06207972149789082,0.06262046287541219,-0.007545835342251342,0.013022618079680855,-0.08313854467446814,0.05270708052757826,2.5920266431045536e-05
0,7,641145,0,13.200000000000053,210.61938894491445,-12.310137649596426,-9.184406385272089,9.402439866193367,13.14378925908389,-2.258809671190911,-5.033948477853224,0.2665884039737367,0.2671225338583433,1,1,3,0,0.9102601163187615,-0.0008552476834870389,0.0175610811327283,0.09134588414163322,-0.06287077671669035,2.93175371641421e-05,-0.0411937081904849,0.0727678805451878,-0.002492187013286145,0.012131651276364503,0.12067291086559072,-0.08915234628968137,0.0001377687328455518
0,7,641145,0,13.350000000000055,208.78214578278732,-12.217278479127176,-9.553359332636473,8.62544454113554,12.871090399444691,-2.5527252546170027,-5.255281486254879,0.263853695785073,0.2665884039737367,1,1,3,0,0.9092364168475024,-0.0013975541484804721,0.022054444453725213,-0.03806901734020797,0.03519688381024584,2.6545323472958205e-05,-0.013244013277985921,0.07781004625904214,-0.0008552476834870389,0.0175610811327283,0.09134588414163322,-0.06287077671669035,2.93175371641421e-05
0,7,641145,0,13.500000000000057,206.95721962826093,-12.140644380275575,-9.955788117234913,7.819162096153988,12.659265891875688,-2.741166822585711,-5.436873905417946,0.2720595497913081,0.263853695785073,1,1,3,0,0.9082232186556878,-0.00028559117342352415,0.018843176878723306,-0.07294736209235564,-0.023344548209772255,0.0001294132964211227,0.015945362941636513,0.08203297356779254,-0.0013975541484804721,0.022054444453725213,-0.03806901734020797,0.03519688381024584,2.6545323472958205e-05
0,7,641145,0,13.650000000000059,205.14854420411638,-12.016591131371456,-10.376522352378835,6.989719254135073,12.511130699542873,-2.8318174232415743,-5.576939272941343,0.272699268002072,0.2720595497913081,1,1,3,0,0.907178509984489,0.00036255708438646315,0.0204985334840732,-0.12491185676185786,0.037992909007488494,-2.5400039586739363e-06,0.042610554976460394,0.0851095939677982,-0.00028559117342352415,0.018843176878723306,-0.07294736209235564,-0.023344548209772255,0.0001294132964211227
0,7,641145,0,13.800000000000061,203.35864774924133,-11.890906187572678,-10.802752991499128,6.144180731650495,12.427808698983444,-2.844195562099653,-5.667241474411945,0.27008614022262367,0.272699268002072,1,1,3,0,0.9061313447953612,0.002151239622398141,0.02232627506398467,-0.09952318255017582,0.06598322708867052,-9.171790489574054e-06,0.06429001288142631,0.08831449745289663,0.00036255708438646315,0.0204985334840732,-0.12491185676185786,0.037992909007488494,-2.5400039586739363e-06
0,7,641145,0,13.950000000000063,201.58580215564177,-11.78330068015978,-11.225115358428175,5.290493296613871,12.409372833932277,-2.8022636733548043,-5.702741248597056,0.2544984456027635,0.27008614022262367,1,1,3,0,0.9050942140169064,0.006610657002265911,0.023370590398959855,-0.05573682041788029,0.008493289377793029,-3.096116622014831e-05,0.08121171127080348,0.09372695489963927,0.002151239622398141,0.02232627506398467,-0.09952318255017582,0.06598322708867052,-9.171790489574054e-06
0,7,641145,0,14.100000000000065,199.8197017982337,-11.769665675699809,-11.638145951476396,4.436538428992774,12.45509190732032,-2.7324475785589977,-5.687308284837752,0.2604530812482134,0.2544984456027635,1,1,3,0,0.9041169399857919,0.006794896408076658,0.023642509964801946,-0.09071589479596441,0.013741012949754702,-6.383192204273572e-05,0.09561523740841472,0.09957220488978306,0.006610657002265911,0.023370590398959855,-0.05573682041788029,0.008493289377793029,-3.096116622014831e-05
0,7,641145,0,14.250000000000068,198.05880424533078,-11.724446920543471,-12.038916192218599,3.5913758754268414,12.563179683577763,-2.646617251251079,-5.607176853545041,0.2518791751910615,0.2604530812482134,1,1,3,0,0.9031168001537987,0.008068555296188683,0.024104867489697108,-0.047426264084757315,-0.026636756136676244,9.445353232933433e-07,0.10710062001091264,0.10496401455889562,0.006794896408076658,0.023642509964801946,-0.09071589479596441,0.013741012949754702,-6.383192204273572e-05
0,7,641145,0,14.40000000000007,196.29945178745973,-11.73154554056244,-12.427235826368003,2.7635523492401006,12.730805625377952,-2.5663551928053017,-5.474351638253844,0.26180327822788974,0.2518791751910615,1,1,3,0,0.902149584121065,0.006916126222859478,0.024126289294814158,-0.0862187068520368,0.015390755465097534,-4.037351651898612e-05,0.11678913310236942,0.10853414827792403,0.008068555296188683,0.024104867489697108,-0.047426264084757315,-0.026636756136676244,9.445353232933433e-07
0,7,641145,0,14.550000000000072,194.5445753720885,-11.683193295122955,-12.803571822952993,1.9616493583005514,12.95297338955179,-2.4871179630219356,-5.282198790314397,0.2700698739178402,0.26180327822788974,1,1,3,0,0.90114425953267,0.005003885138143295,0.022701993923297432,-0.04357448623134706,0.015221465395991732,-7.29891847129986e-05,0.12415146436868607,0.11121010767577175,0.006916126222859478,0.024126289294814158,-0.0862187068520368,0.015390755465097534,-4.037351651898612e-05
0,7,641145,0,14.700000000000074,192.80161529313168,-11.58818259379583,-13.168360280227889,1.1937081525417987,13.222354239065305,-2.4109799247490007,-5.039267793261125,0.26874981055658076,0.2700698739178402,1,1,3,0,0.9001071912168256,0.005233598252930827,0.021125217824194683,-0.07929715758531765,-0.042941366323231735,-2.9868619167269792e-06,0.1302409703464333,0.11380864972277134,0.005003885138143295,0.022701993923297432,-0.04357448623134706,0.015221465395991732,-7.29891847129986e-05
0,7,641145,0,14.850000000000076,191.07202683480497,-11.501903542942381,-13.521793837383205,0.46593723095863737,13.529819144537292,-2.33461168092766,-4.760041102767688,0.2661107956950786,0.26874981055658076,1,1,3,0,0.8990751919442883,0.0071689488385733,0.023946155893358245,-0.09455125851089598,0.019095306863556132,-1.8706648237920947e-06,0.13456757460383573,0.11422700139347247,0.005233598252930827,0.021125217824194683,-0.07929715758531765,-0.042941366323231735,-2.9868619167269792e-06
0,7,641145,0,15.000000000000078,189.35370057966014,-11.432321538974163,-13.8625993090279,-0.2166909012347844,13.864292789368621,-2.245396343367014,-4.449226569179651,0.2554348247119169,0.2661107956950786,1,1,3,0,0.8980533264888192,0.008753512871247681,0.024035268680750115,-0.08890903624583116,0.019255034910201047,1.9763956098000437e-06,0.1359599142054842,0.11381265311378917,0.0071689488385733,0.023946155893358245,-0.09455125851089598,0.019095306863556132,-1.8706648237920947e-06
0,7,641145,0,15.15000000000008,187.63964882178811,-11.424300571113868,-14.188405372629015,-0.851195576749749,14.213915045754502,-2.1386480996984965,-4.124096488461181,0.2629907181724704,0.2554348247119169,1,1,3,0,0.8970724567619256,0.0077333553404358565,0.020729848315937327,0.032502108050130867,-0.037139191779734744,3.7667767329557966e-06,0.13447158910681756,0.11373783855864031,0.008753512871247681,0.024035268680750115,-0.08890903624583116,0.019255034910201047,1.9763956098000437e-06
0,7,641145,0,15.300000000000082,185.93130011238205,-11.371274051713316,-14.493855754847587,-1.4352545292695993,14.564745456276173,-1.9865422641560584,-3.7831677142572744,0.26068084084527765,0.2629907181724704,1,1,3,0,0.8960625724041434,0.006759587135121274,0.018817051651310437,-0.035957603217386315,-0.04990737937829194,-1.7625206661516155e-05,0.13487273679200243,0.11196422131966643,0.0077333553404358565,0.020729848315937327,0.032502108050130867,-0.037139191779734744,3.7667767329557966e-06
0,7,641145,0,15.450000000000085,184.22968560826592,-11.330432447459682,-14.77095897902548,-1.968012492427448,14.901486581224168,-1.777299625290083,-3.441783390603067,0.25901145770455036,0.26068084084527765,1,1,3,0,0.8950615579752976,0.0065765001465372275,0.020234721732557324,-0.04718506674423751,-0.00373418797282715,3.089186843566183e-05,0.13671227004292974,0.107185093328957,0.006759587135121274,0.018817051651310437,-0.035957603217386315,-0.04990737937829194,-1.7625206661516155e-05
0,7,641145,0,15.600000000000087,182.53329755350686,-11.29854964295123,-15.009479756029648,-2.4498393016897815,15.208096368407444,-1.4951848467938627,-3.1039446732559477,0.25475298621223774,0.25901145770455036,1,1,3,0,0.8940669539777123,0.006465289066471986,0.019090721423020124,-0.02928770246305833,-0.01494238341605177,3.851686551667026e-05,0.1382424096188827,0.10106843597153944,0.0065765001465372275,0.020234721732557324,-0.04718506674423751,-0.00373418797282715,3.089186843566183e-05
0,7,641145,0,15.750000000000089,180.83936542320149,-11.289925611195482,-15.19799420936636,-2.8823522983351566,15.468903734901557,-1.1359275641612405,-2.7801431598643447,0.24732222110992835,0.25475298621223774,1,1,3,0,0.8930887025106573,0.005818375824510648,0.016848488093048324,-0.0558760227228207,-0.027272914991122325,1.81648226932016e-05,0.13993624961361636,0.0941392145599458,0.006465289066471986,0.019090721423020124,-0.02928770246305833,-0.01494238341605177,3.851686551667026e-05
0,7,641145,0,15.900000000000091,179.14259800030183,-11.32257378934231,-15.325167154697304,-3.2683248744643265,15.66980203462875,-0.7027249000436551,-2.476926718244644,0.23723137352516532,0.24732222110992835,1,1,3,0,0.8921389851815951,0.007261127381080166,0.01583340406994542,-0.06486038356942445,-0.05049619027215121,5.925329670572244e-05,0.14114038312401234,0.08586402396382793,0.005818375824510648,0.016848488093048324,-0.0558760227228207,-0.027272914991122325,1.81648226932016e-05
0,7,641145,0,16.050000000000093,177.43522363065588,-11.412273987111039,-15.38054415991116,-3.6110221648577188,15.798753739775522,-0.20287535729992712,-2.1959636791430452,0.25411916568632276,0.23723137352516532,1,1,3,0,0.8912280167072584,0.0044699175916619914,0.015492935558303242,-0.12316209114166506,0.045507542068361766,-1.3752776468305143e-06,0.14107559950002294,0.0753115804851833,0.007261127381080166,0.01583340406994542,-0.06486038356942445,-0.05049619027215121,5.925329670572244e-05
0,7,641145,0,16.200000000000095,175.72441501030585,-11.401711342783791,-15.353781173818142,-3.9124525659468326,15.844427456183967,0.3661524868511603,-1.9235866504641377,0.25596228338281346,0.25411916568632276,1,1,3,0,0.8902521991110229,0.0009896371734499103,0.012123184382892987,-0.13686952556734105,0.04556425432910468,4.0792925421303355e-05,0.13757404789050728,0.06576095295496423,0.0044699175916619914,0.015492935558303242,-0.12316209114166506,0.045507542068361766,-1.3752776468305143e-06
0,7,641145,0,16.350000000000097,174.0166028587894,-11.376980735176982,-15.238352154171658,-4.174585912595866,15.799827338176575,0.9651397478557044,-1.665914794716072,0.253393786854166,0.25596228338281346,1,1,3,0,0.889269303942833,0.0006764658015045579,0.011533781076423418,-0.07052677881532654,0.014416120144976615,1.1363180839482736e-05,0.1293984494773307,0.058941230670002884,0.0009896371734499103,0.012123184382892987,-0.13686952556734105,0.04556425432910468,4.0792925421303355e-05
0,7,641145,0,16.5000000000001,172.3112888037104,-11.364347997269666,-15.032360084883194,-4.3986359585587635,15.662689680176763,1.5682073680752093,-1.4130947093495632,0.25436658041960614,0.253393786854166,1,1,3,0,0.8882962718013131,-0.0006686162451789897,0.009454929231052208,-0.16225548818125976,0.03214086054729518,-5.817857753046024e-05,0.1190928899454309,0.053569854963842076,0.0006764658015045579,0.011533781076423418,-0.07052677881532654,0.014416120144976615,1.1363180839482736e-05
0,7,641145,0,16.6500000000001,170.60875286466043,-11.34286076470453,-14.737596506858548,-4.584756551134369,15.434271716933676,2.1512529880992295,-1.159408074704022,0.2641606146543528,0.25436658041960614,1,1,3,0,0.8873195041325017,-0.004417941970127227,0.004686115492525339,-0.093972327430851,-0.01790199275901072,1.9616430957973433e-05,0.10463106813370637,0.04969237982206377,-0.0006686162451789897,0.009454929231052208,-0.16225548818125976,0.03214086054729518,-5.817857753046024e-05
0,7,641145,0,16.800000000000104,168.91556117263013,-11.260149873446485,-14.35966995174704,-4.732238718025769,15.119332141582479,2.688379859672486,-0.8992243329067152,0.25004072184148673,0.2641606146543528,1,1,3,0,0.8863051273722289,-0.0033752661365818817,0.005654470083933083,-0.08073110449164689,-0.041207502515246505,-5.840145115357525e-05,0.08723472688579456,0.04579574037242274,-0.004417941970127227,0.004686115492525339,-0.093972327430851,-0.01790199275901072,1.9616430957973433e-05
0,7,641145,0,16.950000000000106,167.22678520099805,-11.257381514654494,-13.908122588791805,-4.839557087335095,14.726071667163522,3.1542460984215652,-0.6274094710265237,0.24470450164886992,0.25004072184148673,1,1,3,0,0.8853449710003575,-0.0028879643198156052,0.0035114669925044232,-0.0616446496335994,-0.07109913449914136,-2.9362904945231246e-05,0.0688063782200065,0.04014855159307356,-0.0033752661365818817,0.005654470083933083,-0.08073110449164689,-0.041207502515246505,-5.840145115357525e-05
0,7,641145,0,17.100000000000108,165.535564539012,-11.283255498287502,-13.394444774643986,-4.905067683524106,14.26432051662259,3.5415772161038324,-0.345307369268655,0.2539720063481664,0.24470450164886992,1,1,3,0,0.8844053057140258,-0.00575618594983256,0.006168173176628627,-0.08239599320798675,0.014605578651913005,-1.3202477776828792e-07,0.05033022784673132,0.031379047041760054,-0.0028879643198156052,0.0035114669925044232,-0.0616446496335994,-0.07109913449914136,-2.9362904945231246e-05
0,7,641145,0,17.25000000000011,163.846125562104,-11.252562965969371,-12.830896222256033,-4.926338340230576,13.74411537017679,3.8461783390594206,-0.043960149948500615,0.24675909097056298,0.2539720063481664,1,1,3,0,0.883430053209649,-0.00654534158427461,0.004772825071756842,-0.13646144805378518,0.021199543392268306,8.171170620490206e-06,0.031448308907504316,0.022284559203752056,-0.00575618594983256,0.006168173176628627,-0.08239599320798675,0.014605578651913005,-1.3202477776828792e-07
0,7,641145,0,17.400000000000112,162.15721061586922,-11.26274723301568,-12.23002877370411,-4.901244572265597,13.175575970817876,4.067271192183722,0.26934531784554505,0.2556558695558989,0.24675909097056298,1,1,3,0,0.882482498300322,-0.008003594637512738,0.00029682247501972963,-0.0397657978416678,-0.013883585847452671,-9.001803797404888e-06,0.009850627528089077,0.01468083361854226,-0.00654534158427461,0.004772825071756842,-0.13646144805378518,0.021199543392268306,8.171170620490206e-06
0,7,641145,0,17.550000000000114,160.47209080106592,-11.21980323518807,-11.603908979540893,-4.82806446318288,12.568250079709552,4.210050082790089,0.5934705492418114,0.24547784242789128,0.2556558695558989,1,1,3,0,0.8815007797612272,-0.006983788180576194,0.0001589548751923268,-0.04405474034085815,-0.011915388464339304,-8.18206709285161e-05,-0.011648600842168405,0.007396382950122514,-0.008003594637512738,0.00029682247501972963,-0.0397657978416678,-0.013883585847452671,-9.001803797404888e-06
0,7,641145,0,17.700000000000117,158.78741971116332,-11.236855374277086,-10.96247967468928,-4.704971618873248,11.929489450616835,4.293630554110144,0.9301375667402947,0.26213264337287495,0.24547784242789128,1,1,3,0,0.8805581448463041,-0.01002194903589795,-0.00043757123223698717,-0.08260071188546982,0.041922786474918844,-4.463421826380812e-05,-0.03148944883340172,-0.00010427069877592433,-0.006983788180576194,0.0001589548751923268,-0.04405474034085815,-0.011915388464339304,-8.18206709285161e-05
0,7,641145,0,17.85000000000012,157.1098987918847,-11.156922261690212,-10.313952997879547,-4.530451905689102,11.26510634269515,4.324286840241922,1.2756581929827893,0.2579704615858966,0.26213264337287495,1,1,3,0,0.8795515554957524,-0.010689192743839731,-0.0033728337996007593,-0.03596318939792974,-0.017171682940039235,1.0348702372133041e-05,-0.05122504105482174,-0.005768704558402037,-0.01002194903589795,-0.00043757123223698717,-0.08260071188546982,0.041922786474918844,-4.463421826380812e-05
0,7,641145,0,18.00000000000012,155.44176157449292,-11.10311249586798,-9.663959476795469,-4.303947821541357,10.579039635982822,4.32529624157364,1.6221847365006168,0.2729213617722115,0.2579704615858966,1,1,3,0,0.8785609489232626,-0.013995745423492197,-0.007888016467762186,0.06960609171166131,-0.04186395713521384,-1.718120857908858e-05,-0.0698150535781885,-0.010862373881362478,-0.010689192743839731,-0.0033728337996007593,-0.03596318939792974,-0.017171682940039235,1.0348702372133041e-05
0,7,641145,0,18.150000000000123,153.79022164817,-10.964066009960126,-9.016596335018907,-4.026402452224627,9.8747620819925,4.30026876685314,1.9581495523346306,0.26619178188332376,0.2729213617722115,1,1,3,0,0.8775129308940572,-0.015064169768408832,-0.005655866521082701,-0.031055925177929548,0.018924053253334856,2.732035675623269e-06,-0.08253224442465595,-0.01726915536449644,-0.013995745423492197,-0.007888016467762186,0.06960609171166131,-0.04186395713521384,-1.718120857908858e-05
0,7,641145,0,18.300000000000125,152.15541099363946,-10.866240231858564,-8.372450634391345,-3.699363530791004,9.153317440046889,4.282013278895953,2.2840894000875833,0.25855690573541024,0.26619178188332376,1,1,3,0,0.8764907544516253,-0.014239533868552885,-0.008167354061663325,-0.03782880834543426,-0.010644701748307495,3.381984713695439e-05,-0.09156966356650656,-0.023104257359812426,-0.015064169768408832,-0.005655866521082701,-0.031055925177929548,0.018924053253334856,2.732035675623269e-06
0,7,641145,0,18.450000000000127,150.5306622114206,-10.814516316368557,-7.729301603403599,-3.3258702402198708,8.414482523076368,4.281307846190351,2.584807443314191,0.2669052767039095,0.25855690573541024,1,1,3,0,0.8754978959336012,-0.01544730278041649,-0.010928912927702246,0.004283855725267979,-0.06518988165201534,4.424597086916903e-05,-0.0992962619323746,-0.028376978037607085,-0.014239533868552885,-0.008167354061663325,-0.03782880834543426,-0.010644701748307495,3.381984713695439e-05
0,7,641145,0,18.60000000000013,148.91838641309985,-10.715639903182153,-7.08591450552278,-2.910884963695022,7.660511448424571,4.283491842333281,2.848084451586746,0.2639323887844786,0.2669052767039095,1,1,3,0,0.8744729796710581,-0.016087722031646885,-0.00981726802099686,-0.11375486607833697,0.03453193233992107,-4.8270919559398655e-05,-0.10436924142177482,-0.03558463425349623,-0.01544730278041649,-0.010928912927702246,0.004283855725267979,-0.06518988165201534,4.424597086916903e-05
0,7,641145,0,18.75000000000013,147.31907902956254,-10.635404310396225,-6.441528183822776,-2.46043827453898,6.895436305687951,4.290864761155385,3.0701797367211476,0.254201389513966,0.2639323887844786,1,1,3,0,0.8734594792981256,-0.013224996536741368,-0.012290963285612912,0.03972809886927133,-0.0746162995023085,0.00010607117268777448,-0.11057268846673567,-0.041895022025391124,-0.016087722031646885,-0.00981726802099686,-0.11375486607833697,0.03453193233992107,-4.8270919559398655e-05
0,7,641145,0,18.900000000000134,145.72601513703117,-10.613072868083526,-5.7959535071564545,-1.9817130080209893,6.125378641625251,4.297226383784466,3.2411384924775986,0.2603874999728555,0.254201389513966,1,1,3,0,0.872483345962392,-0.015808765885407486,-0.013545106995963367,-0.007814063812718857,-0.027074941986661803,-4.287596634897131e-05,-0.11438923520680053,-0.04956899965561951,-0.013224996536741368,-0.012290963285612912,0.03972809886927133,-0.0746162995023085,0.00010607117268777448
0,7,641145,0,19.050000000000136,144.1397439306744,-10.556271929774029,-5.152705374185661,-1.4835051159017674,5.362010826366216,4.269062599783919,3.3495245724144853,0.2705515568574941,0.2603874999728555,1,1,3,0,0.8714834579624963,-0.019088984979088758,-0.015480502416663664,-0.1350766015617768,0.024159334773198895,1.6837119056662896e-05,-0.11495019982616483,-0.05867753481232678,-0.015808765885407486,-0.013545106995963367,-0.007814063812718857,-0.027074941986661803,-4.287596634897131e-05
0,7,641145,0,19.200000000000138,142.5677396047978,-10.442045926975913,-4.519086931333213,-0.9761304440011216,4.623308051239119,4.184322361080648,3.3867958082801337,0.24836085530270607,0.2705515568574941,1,1,3,0,0.8704445399841634,-0.014198099711826168,-0.01586983734817932,-0.049403376338398655,-0.03575681205318052,0.00011156881702612757,-0.11793996349707501,-0.06630608275409772,-0.019088984979088758,-0.015480502416663664,-0.1350766015617768,0.024159334773198895,1.6837119056662896e-05
0,7,641145,0,19.35000000000014,140.99989398319804,-10.45760155617916,-3.9019749190580804,-0.46883722608799516,3.9300402814124182,4.0592589576774625,3.3674937286097313,0.2544584847200164,0.24836085530270607,1,1,3,0,0.8694908342998011,-0.013317095375626883,-0.016309287513121502,-0.04742096401939143,0.005062021545354335,-2.120187783012416e-05,-0.12245548571834299,-0.07383457365247072,-0.014198099711826168,-0.01586983734817932,-0.049403376338398655,-0.03575681205318052,0.00011156881702612757
0,7,641145,0,19.500000000000142,139.43311709743378,-10.43915096223089,-3.3120331021192513,0.028743314720767188,3.3121578234852893,3.848554940563786,3.280151772622971,0.25509369720223307,0.2544584847200164,1,1,3,0,0.8685137137184762,-0.014368622051386429,-0.015884924831020247,-0.03017464949713009,0.038895211688970414,-1.4357364751997813e-05,-0.12685493043420118,-0.08083634332354478,-0.013317095375626883,-0.016309287513121502,-0.04742096401939143,0.005062021545354335,-2.120187783012416e-05
0,7,641145,0,19.650000000000144,137.86930528762397,-10.418686172061841,-2.7629335823979524,0.507095206404971,2.8090830406204232,3.544773697388053,3.132250132872745,0.2645634017546593,0.25509369720223307,1,1,3,0,0.8675341539212197,-0.016252869384686928,-0.018462948255400163,0.031150247636857923,0.03791519808756198,-3.9401857035782557e-05,-0.13046165109540014,-0.08535909494873223,-0.014368622051386429,-0.015884924831020247,-0.03017464949713009,0.038895211688970414,-1.4357364751997813e-05
0,7,641145,0,19.800000000000146,136.31388207672347,-10.34492560199828,-2.269766004118569,0.9569625160351976,2.463252924599663,3.1377919806813166,2.922356572589246,0.2483672463258536,0.2645634017546593,1,1,3,0,0.8665182304584818,-0.014796493251826082,-0.01785406099933458,-0.01457612873023127,0.009494010224419692,-2.4211352736547757e-05,-0.13070036196377016,-0.08692875911807266,-0.016252869384686928,-0.018462948255400163,0.031150247636857923,0.03791519808756198,-3.9401857035782557e-05
0,7,641145,0,19.95000000000015,134.76017581272808,-10.364523455954748,-1.844259518018145,1.3717419812016356,2.298471064162329,2.665929873925065,2.677440898766749,0.25342400620120636,0.2483672463258536,1,1,3,0,0.8655645002325904,-0.01447121718000862,-0.014806368786695381,0.09097204760236731,0.05255898288327596,1.795182498348791e-05,-0.12842090572504622,-0.08681129791613211,-0.014796493251826082,-0.01785406099933458,-0.01457612873023127,0.009494010224419692,-2.4211352736547757e-05
0,7,641145,0,20.10000000000015,133.20662308633447,-10.353051046125751,-1.4967692711029024,1.746261184687862,2.299944863701165,2.123912130943597,2.398425484398091,0.24013073777946203,0.25342400620120636,1,1,3,0,0.8645913520487777,-0.012459746870283525,-0.015995964643441173,-0.04195477501619734,0.006571451188717701,-3.17877481930484e-05,-0.1207405712539732,-0.08411280889082232,-0.01447121718000862,-0.014806368786695381,0.09097204760236731,0.05255898288327596,1.795182498348791e-05
0,7,641145,0,20.250000000000153,131.6473177584845,-10.416233871405213,-1.2336617257082843,2.0767639775645783,2.4155475304757283,1.5535390871374628,2.098897974072085,0.25421908865557874,0.24013073777946203,1,1,3,0,0.8636692500157047,-0.01164666781013889,-0.014357022973251343,-0.027936092120824967,0.04410914201746459,3.3383306223402466e-05,-0.11107358209110996,-0.07994462391593697,-0.012459746870283525,-0.015995964643441173,-0.04195477501619734,0.006571451188717701,-3.17877481930484e-05
0,7,641145,0,20.400000000000155,130.08705355850142,-10.394221038968599,-1.0594039258914094,2.3601282204674714,2.5869947613478237,0.9525709620045664,1.7784600490956062,0.2503181734874662,0.25421908865557874,1,1,3,0,0.8626930487152672,-0.009027806283265225,-0.015451531300754311,0.05360123346821371,-0.018920932025310897,3.2522892978752295e-05,-0.10144657567163373,-0.07385917414081805,-0.01164666781013889,-0.014357022973251343,-0.027936092120824967,0.04410914201746459,3.3383306223402466e-05
0,7,641145,0,20.550000000000157,128.52812136970687,-10.391882245181513,-0.9747016072621726,2.59470416810262,2.771738253004524,0.3601524094151294,1.4517005893530022,0.2548495348048419,0.2503181734874662,1,1,3,0,0.8617318269290754,-0.008727936619037778,-0.013189707279654007,0.019067476975964524,0.002821807991262052,-1.4845287904108576e-05,-0.0886519507954428,-0.06762367585465093,-0.009027806283265225,-0.015451531300754311,0.05360123346821371,-0.018920932025310897,3.2522892978752295e-05
0,7,641145,0,20.70000000000016,126.97253096353177,-10.359619333321742,-0.9765630139019308,2.7802740609376695,2.9467947288611844,-0.20665092296586773,1.1256388922195344,0.25052170885359365,0.2548495348048419,1,1,3,0,0.8607532047154246,-0.005531193879547292,-0.009764946032750431,-0.07260509887536382,0.035338186273286366,8.670371854800538e-07,-0.07273661251535406,-0.06161487851688907,-0.008727936619037778,-0.013189707279654007,0.019067476975964524,0.002821807991262052,-1.4845287904108576e-05
0,7,641145,0,20.85000000000016,125.41961083577203,-10.349101762328196,-1.0580996621430607,2.917989803599081,3.1039071166733487,-0.7185581522699738,0.8108584207981939,0.26313450558937906,0.25052170885359365,1,1,3,0,0.8597912013534267,-0.0038287896783437783,-0.009347640050047833,0.027022623443069663,0.04484718283065856,5.762104385074778e-05,-0.05799480008340482,-0.05431756759941969,-0.005531193879547292,-0.009764946032750431,-0.07260509887536382,0.035338186273286366,8.670371854800538e-07
0,7,641145,0,21.000000000000163,123.87595848757235,-10.261706370772208,-1.2110000298331727,3.0091638659482314,3.243699777165644,-1.1752252808581667,0.5036257784574187,0.2489488396506342,0.26313450558937906,1,1,3,0,0.8587807648519634,-2.2592940935245423e-05,-0.008541904948433484,-0.06347640084210467,-0.016610805681671593,5.013477637462089e-06,-0.04239690567458854,-0.044913355517287076,-0.0038287896783437783,-0.009347640050047833,0.027022623443069663,0.04484718283065856,5.762104385074778e-05
0,7,641145,0,21.150000000000166,122.33730936735998,-10.25543957845572,-1.4248979252727274,3.056348276791107,3.372180138499498,-1.5568754927239372,0.21754555388539232,0.25832022556382767,0.2489488396506342,1,1,3,0,0.8578248013077051,0.0023518895377685404,-0.006047735719213524,-0.0005802507199909763,-0.009882071727978756,-5.134322301939526e-05,-0.0276640727783966,-0.03566617136041068,-2.2592940935245423e-05,-0.008541904948433484,-0.06347640084210467,-0.016610805681671593,5.013477637462089e-06
0,7,641145,0,21.300000000000168,120.80531177880698,-10.192126332785943,-1.6896423849316413,3.062288740411388,3.497499638114041,-1.8751529189743208,-0.051971078678183735,0.2676866111765981,0.25832022556382767,1,1,3,0,0.8568328516415401,0.001607741416433474,-0.0040057665788118405,0.06970364011356622,0.01834416899549141,-3.083603057192614e-05,-0.013148527462864176,-0.027485046654102407,0.0023518895377685404,-0.006047735719213524,-0.0005802507199909763,-0.009882071727978756,-5.134322301939526e-05
0,7,641145,0,21.45000000000017,119.28845414640232,-10.07243276714283,-1.9966202820341827,3.0293037498281734,3.62810884061563,-2.13894604005889,-0.30664970257191393,0.25515329405899273,0.2676866111765981,1,1,3,0,0.8558049350546221,0.0035679791106541263,-0.003296351790398918,-0.10491560042792406,-0.036072335513208306,-6.85744750804221e-05,0.004861686333453055,-0.01919700829790987,0.001607741416433474,-0.0040057665788118405,0.06970364011356622,0.01834416899549141,-3.083603057192614e-05
0,7,641145,0,21.600000000000172,117.78218968572162,-10.026417873236792,-2.337870500336372,2.959464378900428,3.771480861190142,-2.3515989894414258,-0.548365768654963,0.2628610713992916,0.25515329405899273,1,1,3,0,0.8548251464054355,0.005042135893191395,-0.0008971135336563568,-0.0594088821910643,0.01584169629738274,-1.8073918025418228e-05,0.02088441356266845,-0.012347552864226686,0.0035679791106541263,-0.003296351790398918,-0.10491560042792406,-0.036072335513208306,-6.85744750804221e-05
0,7,641145,0,21.750000000000174,116.28737793811416,-9.934941470618178,-2.707650661664239,2.8541347883529475,3.9341399944202946,-2.532941844813304,-0.782895523651075,0.2674891727254567,0.2628610713992916,1,1,3,0,0.8538157598912623,0.0052118342063036185,0.0004746078317685,-0.06829226651659245,0.06325758304218089,1.9067934078859927e-06,0.033503192034500064,-0.0059641333145538065,0.005042135893191395,-0.0008971135336563568,-0.0594088821910643,0.01584169629738274,-1.8073918025418228e-05
0,7,641145,0,21.900000000000176,114.8089872784824,-9.816487090891908,-3.1034130064334775,2.713953395817901,4.1227072808012935,-2.7041803236915047,-1.0142364984063184,0.25950759599700723,0.2674891727254567,1,1,3,0,0.8527886014679965,0.007935310024412598,-0.00010871456630154136,0.04939281500899226,-0.06158906113369596,3.72860432321098e-08,0.043380924141150315,0.002619856954123079,0.0052118342063036185,0.0004746078317685,-0.06829226651659245,0.06325758304218089,1.9067934078859927e-06
0,7,641145,0,22.05000000000018,113.3435744516581,-9.745968045996973,-3.525259624798341,2.538954577920709,4.344392451307532,-2.880724169049297,-1.2473245158487551,0.26527026560631906,0.25950759599700723,1,1,3,0,0.8517920922993679,0.006941861351539909,0.001113688707768987,0.0031695216081216214,-0.02731213990509101,-8.50126589486323e-05,0.05478952338034187,0.009501508827878903,0.007935310024412598,-0.00010871456630154136,0.04939281500899226,-0.06158906113369596,3.72860432321098e-08
0,7,641145,0,22.20000000000018,111.89205520795129,-9.64234630079431,-3.9747826761738985,2.328355380519355,4.606531895125179,-3.069594240503783,-1.48768725345553,0.26426820796619777,0.26527026560631906,1,1,3,0,0.8507734544794396,0.0067031268978279554,0.004105473713586303,0.05643402390687593,-0.010120485873149437,5.49393623049678e-05,0.06800610803361921,0.013785574795317104,0.006941861351539909,0.001113688707768987,0.0031695216081216214,-0.02731213990509101,-8.50126589486323e-05
0,7,641145,0,22.350000000000183,110.45534113566244,-9.546168701142342,-4.4540862532572625,2.0805879133787606,4.916068593576894,-3.272668978633826,-1.7397404996369907,0.26650898265217615,0.26426820796619777,1,1,3,0,0.8497586645608496,0.005937490724192188,0.006242154597731793,0.013882899067868793,0.03598055171305033,1.9651763165104644e-05,0.08402315004400004,0.016821178209349693,0.0067031268978279554,0.004105473713586303,0.05643402390687593,-0.010120485873149437,5.49393623049678e-05
0,7,641145,0,22.500000000000185,109.03416420117097,-9.438976774690513,-4.96454775333866,1.7933741804574357,5.27853439377933,-3.4816047061864888,-2.008263913303078,0.26804524151958264,0.26650898265217615,1,1,3,0,0.8487352700674652,0.005974785052703793,0.004674878627304201,-0.032574070974703544,-0.001778480006213703,-3.7389425322801844e-05,0.10202786940257672,0.020626547462908203,0.005937490724192188,0.006242154597731793,0.013882899067868793,0.03598055171305033,1.9651763165104644e-05
0,7,641145,0,22.650000000000187,107.62968791572004,-9.325623976974436,-5.505851266917162,1.4636771519314244,5.697082497076851,-3.684226133348934,-2.2986690632360522,0.27306289174710674,0.26804524151958264,1,1,3,0,0.8477059763400299,0.0068325982164498715,0.007116704042167119,-0.10173116522302747,0.058742969417893885,-3.593926263742387e-05,0.11937268320651304,0.024598578126649027,0.005974785052703793,0.004674878627304201,-0.032574070974703544,-0.001778480006213703,-3.7389425322801844e-05
0,7,641145,0,22.80000000000019,106.24481458616101,-9.18626332945261,-6.075323970606249,1.0890129818130063,6.172156075665953,-3.863257517090337,-2.602603787786826,0.26712371688302045,0.27306289174710674,1,1,3,0,0.8466574148357209,0.010040409822935149,0.008344338950095904,0.029738949836823986,0.025099061354708616,3.938895752143011e-05,0.1326447725624415,0.030240946684423876,0.0068325982164498715,0.007116704042167119,-0.10173116522302747,0.058742969417893885,-3.593926263742387e-05
0,7,641145,0,22.95000000000019,104.8769895097143,-9.085469373904733,-6.668644792264523,0.6675924036033649,6.701977542691833,-4.010301961665201,-2.9174147369960632,0.269216457024719,0.26712371688302045,1,1,3,0,0.8456316597628902,0.009886622390514528,0.008897608070564722,-0.04572097156751155,0.0471734604045172,-5.200124277285461e-05,0.14559990201680278,0.03724312363214287,0.010040409822935149,0.008344338950095904,0.029738949836823986,0.025099061354708616,3.938895752143011e-05
0,7,641145,0,23.100000000000193,103.52516537008303,-8.975906887209034,-7.278760774752637,0.19847810173637548,7.281466333984281,-4.102418455217738,-3.2360343645469243,0.2627954286484045,0.269216457024719,1,1,3,0,0.8445978685679152,0.011845901822195833,0.009978428521526281,0.04181558566973587,-0.01654313832730264,-9.438850214730567e-06,0.15777750473019556,0.04569883570398416,0.009886622390514528,0.008897608070564722,-0.04572097156751155,0.0471734604045172,-5.200124277285461e-05
0,7,641145,0,23.250000000000195,102.18560449120776,-8.90809427192301,-7.896028653899723,-0.31822043158849844,7.902438405092813,-4.125804249665992,-3.5517513946691026,0.2676938662155163,0.2627954286484045,1,1,3,0,0.8435887341219054,0.01096357919684748,0.013588237484007325,-0.07909682990248608,0.07803879117342907,-8.276898288419189e-06,0.17103016825491058,0.05353216403334651,0.011845901822195833,0.009978428521526281,0.04181558566973587,-0.01654313832730264,-9.438850214730567e-06
0,7,641145,0,23.400000000000198,100.85863284532222,-8.816145362798096,-8.507471343207573,-0.8807050280910698,8.552935753412566,-4.054318494736802,-3.8505947964304577,0.2591133639067421,0.2676938662155163,1,1,3,0,0.8425607896756379,0.012989205895837698,0.012374896452400119,-0.031338968575186844,-0.019143012918170055,3.45276608015466e-05,0.18237122338096473,0.06303729345115687,0.01096357919684748,0.013588237484007325,-0.07909682990248608,0.07803879117342907,-8.276898288419189e-06
0,7,641145,0,23.5500000000002,99.54002382865687,-8.77842779154545,-9.099098741612337,-1.4864921302651481,9.219721078370616,-3.8914544582766846,-4.133034502543013,0.2612468155148721,0.2591133639067421,1,1,3,0,0.841565794358236,0.013538969968893543,0.015020648391190133,-0.05607423915489247,-0.0026687194612189393,3.474033436646419e-05,0.19145383300925173,0.07221620677837719,0.012989205895837698,0.012374896452400119,-0.031338968575186844,-0.019143012918170055,3.45276608015466e-05
0,7,641145,0,23.700000000000202,98.22790373632112,-8.732337646291828,-9.655836890531813,-2.1313607114448825,9.88827004783172,-3.6241378771178705,-4.381768142753961,0.2503612321684383,0.2612468155148721,1,1,3,0,0.8405626065866587,0.014098530160688795,0.018324722081626423,-0.004126151545064702,0.01265877325292578,-1.7806762722188022e-05,0.19832930649179864,0.07990380875522596,0.013538969968893543,0.015020648391190133,-0.05607423915489247,-0.0026687194612189393,3.474033436646419e-05
0,7,641145,0,23.850000000000204,96.91606105713066,-8.752559666772386,-10.164088381072279,-2.810001517120874,10.545368705951923,-3.2737658166397114,-4.594213134315684,0.2571572413175127,0.2503612321684383,1,1,3,0,0.8396012194551318,0.011427995205872638,0.015947186878615113,-0.1116212618333592,-0.01940259868899581,5.708353724943115e-06,0.20459813876037886,0.08698059622676024,0.014098530160688795,0.018324722081626423,-0.004126151545064702,0.01265877325292578,-1.7806762722188022e-05
0,7,641145,0,24.000000000000206,95.60496248441842,-8.73491197224389,-10.610559867427927,-3.516160011546331,11.177985593436308,-2.832881927816803,-4.762316860024585,0.25725296942330456,0.2571572413175127,1,1,3,0,0.8386137356484726,0.011340482364811317,0.01716557319582481,-0.06472102018278639,-0.006980626324207812,3.924788649936862e-05,0.20731664867429372,0.09259228329756164,0.011427995205872638,0.015947186878615113,-0.1116212618333592,-0.01940259868899581,5.708353724943115e-06
0,7,641145,0,24.150000000000208,94.29643326789173,-8.717873691420632,-10.984114752246079,-4.242421199948682,11.774927368280618,-2.3267114329306,-4.8786609265572585,0.2582582138347484,0.25725296942330456,1,1,3,0,0.8376258842458871,0.009864874379611649,0.019248901270315387,-0.023530453424048452,0.00873769281434713,1.668262064001791e-05,0.20653204102604258,0.09670942976797273,0.011340482364811317,0.01716557319582481,-0.06472102018278639,-0.006980626324207812,3.924788649936862e-05
0,7,641145,0,24.30000000000021,92.99104705215468,-8.69490597044232,-11.27728821063004,-4.980347386593062,12.328061059094395,-1.7784118293812563,-4.936602703077821,0.24425748226451993,0.2582582138347484,1,1,3,0,0.8366341727047618,0.010275554410117868,0.019608242755791865,-0.058939352294782206,-0.019481636652725762,-4.604543298995366e-05,0.2048684816489354,0.10017855704840266,0.009864874379611649,0.019248901270315387,-0.023530453424048452,0.00873769281434713,1.668262064001791e-05
0,7,641145,0,24.450000000000212,91.68105610455544,-8.752377069046075,-11.48760830234044,-5.722000437051726,12.833800431268251,-1.2264621084451026,-4.944668189562193,0.23851839774387879,0.24425748226451993,1,1,3,0,0.835696223972866,0.010690541423371903,0.021910094198018037,-0.0756732455171206,-0.021533077400638225,-4.20644476604363e-05,0.20183387841220393,0.10227654863296115,0.010275554410117868,0.019608242755791865,-0.058939352294782206,-0.019481636652725762,-4.604543298995366e-05
0,7,641145,0,24.600000000000215,90.35919620646119,-8.842218664884934,-11.615636685488145,-6.459138273213348,13.290729206546477,-0.6819620776982028,-4.895557528634184,0.24489486676719624,0.23851839774387879,1,1,3,0,0.8347803133255295,0.007933112720303382,0.019630109618774993,-0.09613821545773685,-0.039891842389824024,1.0518773846887533e-05,0.1962762055308299,0.1024807102583999,0.010690541423371903,0.021910094198018037,-0.0756732455171206,-0.021533077400638225,-4.20644476604363e-05
0,7,641145,0,24.750000000000217,89.02787549949996,-8.891764055635003,-11.66353384396103,-7.183248855923976,13.698068690708098,-0.15507036680004047,-4.79020564433831,0.26272186106201023,0.24489486676719624,1,1,3,0,0.8338399170371436,0.003126297595050428,0.019504860255234097,-0.058364256595685136,0.024127741887588497,-1.2224880300922245e-05,0.18737724293493688,0.1002173054230717,0.007933112720303382,0.019630109618774993,-0.09613821545773685,-0.039891842389824024,1.0518773846887533e-05
0,7,641145,0,24.90000000000022,87.69992040577405,-8.83324714869283,-11.634695694073415,-7.885345107312309,14.055063548597161,0.34733309457793793,-4.6231432138683495,0.26006853170155264,0.26272186106201023,1,1,3,0,0.8328310650906655,0.0018722821905064729,0.019892069181696784,-0.24107062707625598,0.09459701629675898,-0.00010241621967227287,0.17651044733804047,0.09767362824940042,0.003126297595050428,0.019504860255234097,-0.058364256595685136,0.024127741887588497,-1.2224880300922245e-05
0,7,641145,0,25.05000000000022,86.37962573185513,-8.785805080832732,-11.535794705612972,-8.557668285228365,14.363434337582765,0.7955006391838955,-4.408840931047992,0.2490725916163874,0.26006853170155264,1,1,3,0,0.8318324019289317,0.004229669929084579,0.019955670399306118,-0.058403456245932156,0.0141274752910448,-1.672851762481244e-05,0.15779562004402417,0.09861072588553034,0.0018722821905064729,0.019892069181696784,-0.24107062707625598,0.09459701629675898,-0.00010241621967227287
0,7,641145,0,25.200000000000223,85.0604879812799,-8.79792639816135,-11.376377093353774,-9.193662527475485,14.626872066142214,1.1762644605720816,-4.152887481968842,0.24668985822105888,0.2490725916163874,1,1,3,0,0.8308759631771248,0.004024477412461845,0.018344660482516005,-0.11241325238689577,-0.027194772512179253,-9.916650642715013e-05,0.13515442456649626,0.10111287672853832,0.004229669929084579,0.019955670399306118,-0.058403456245932156,0.0141274752910448,-1.672851762481244e-05
0,7,641145,0,25.350000000000225,83.73864799773905,-8.818916176291232,-11.165740055840391,-9.787306043990316,14.848067571011656,1.4988645043585258,-3.858257822142928,0.24828854865739952,0.24668985822105888,1,1,3,0,0.8299286741215558,0.003965475338550126,0.01936595685983361,-0.05541182558700201,0.005994714919118358,-5.143398905794907e-05,0.11013274229845468,0.10214133273178368,0.004024477412461845,0.018344660482516005,-0.11241325238689577,-0.027194772512179253,-9.916650642715013e-05
0,7,641145,0,25.500000000000227,82.41504124466785,-8.826136433073414,-10.911465132600341,-10.333117269294341,15.027753785610873,1.7751566015373346,-3.528214622260804,0.2530257883058251,0.24828854865739952,1,1,3,0,0.8289752460947115,0.0015282289676034934,0.01851923946554968,0.003614661518207371,-0.03528024002436586,3.003955982520768e-06,0.08402715322483958,0.10226812912578184,0.003965475338550126,0.01936595685983361,-0.05541182558700201,0.005994714919118358,-5.143398905794907e-05
0,7,641145,0,25.65000000000023,81.09357006407987,-8.801278433723995,-10.619374261994825,-10.826712576169479,15.165382122561386,2.017084421892323,-3.1721146385473005,0.24846607098139117,0.2530257883058251,1,1,3,0,0.8280036270676171,-9.558280627378456e-05,0.01571635419831259,0.07960306742519352,-0.07732268552713456,-4.5244934301754767e-05,0.06016854347148657,0.10062595451753818,0.0015282289676034934,0.01851923946554968,0.003614661518207371,-0.03528024002436586,3.003955982520768e-06
0,7,641145,0,25.80000000000023,79.77350391579357,-8.799737201830128,-10.293065337496667,-11.26622884544797,15.260245949524512,2.2408853038442262,-2.8107457146218113,0.2533702347394571,0.24846607098139117,1,1,3,0,0.8270495173550486,-0.002723141134546572,0.016296409022821506,0.08027710309786407,-0.04038279187908254,-3.513658889053139e-05,0.042332250336566506,0.0951009073736418,-9.558280627378456e-05,0.01571635419831259,0.07960306742519352,-0.07732268552713456,-4.5244934301754767e-05
0,7,641145,0,25.950000000000234,78.45681446303436,-8.766780504122165,-9.932691884323795,-11.651082291006368,15.310326143512226,2.4720820920477773,-2.4460715515209417,0.24645035317095754,0.2533702347394571,1,1,3,0,0.8260765756536491,-0.0049731414890971295,0.014573816202149594,-0.05583919558668862,-0.03807474212908958,6.408662661156214e-05,0.03158404672471535,0.08656747807682498,-0.002723141134546572,0.016296409022821506,0.08027710309786407,-0.04038279187908254,-3.513658889053139e-05
0,7,641145,0,26.100000000000236,77.14122412500164,-8.772287155295894,-9.535496200948291,-11.982875074961232,15.313882031034014,2.7260498477236776,-2.0985836400672153,0.2647581940246506,0.24645035317095754,1,1,3,0,0.8251302062974728,-0.007252624013830813,0.015389839759770374,-0.18539293038394986,0.08526261645161226,3.464876181361558e-05,0.022501888074923523,0.07601073065392644,-0.0049731414890971295,0.014573816202149594,-0.05583919558668862,-0.03807474212908958,6.408662661156214e-05
0,7,641145,0,26.250000000000238,75.83584013219547,-8.6675145073963,-9.097174076769935,-12.263015848758815,15.268927070687214,3.0096021939374156,-1.755848450518187,0.24825729259514823,0.2647581940246506,1,1,3,0,0.8241135348324181,-0.004525041685998561,0.01096292366458122,-0.04054652074791141,-0.026757224303805817,9.931558199400485e-05,0.00780406949282908,0.06814431410844929,-0.007252624013830813,0.015389839759770374,-0.18539293038394986,0.08526261645161226,3.464876181361558e-05
0,7,641145,0,26.40000000000024,74.53657424149011,-8.658792784828266,-8.61399565142035,-12.49460774611828,15.17617026169803,3.315364619233211,-1.4413789017747525,0.2647126894592705,0.24825729259514823,1,1,3,0,0.8231602268288528,-0.008581143277910059,0.010193556777468,0.04793638195178811,0.02970088221930712,-5.9650101158903336e-05,-0.009188032286658768,0.060969019626691746,-0.004525041685998561,0.01096292366458122,-0.04054652074791141,-0.026757224303805817,9.931558199400485e-05
0,7,641145,0,26.550000000000242,73.24845902715663,-8.551707884008628,-8.084489512647611,-12.679740555511442,15.037778799915593,3.6247839523184697,-1.1339581324789063,0.2646047330404322,0.2647126894592705,1,1,3,0,0.8221437301013292,-0.01105885421084489,0.007472662402223099,-0.059881715775435176,0.007741677543931664,-6.787337913642953e-05,-0.022390681241976285,0.054557540492733966,-0.008581143277910059,0.010193556777468,0.04793638195178811,0.02970088221930712,-5.9650101158903336e-05
0,7,641145,0,26.700000000000244,71.97638611773174,-8.444872088286491,-7.508753275174456,-12.820332300824688,14.857398697316162,3.9308915866930754,-0.8417814983108602,0.2508765995180643,0.2646047330404322,1,1,3,0,0.8211276479264539,-0.009135959240341683,0.004375078285548738,-0.0376240353562632,-0.06354028331856149,2.478568995761587e-05,-0.03437161640042743,0.04912640743578421,-0.01105885421084489,0.007472662402223099,-0.059881715775435176,0.007741677543931664,-6.787337913642953e-05
0,7,641145,0,26.850000000000247,70.71222108251767,-8.419223712087094,-6.88806093368612,-12.918910322350248,14.640479068087243,4.22518158114226,-0.5674743159124123,0.25077986140978165,0.2508765995180643,1,1,3,0,0.8201642817843046,-0.009228285963442481,0.0049590871360922955,-0.060705896932405995,-0.03738422731834082,1.1333261857337181e-05,-0.04639121090804765,0.04168032649943338,-0.009135959240341683,0.004375078285548738,-0.0376240353562632,-0.06354028331856149,2.478568995761587e-05
0,7,641145,0,27.00000000000025,69.45182885901362,-8.394338397217764,-6.2268742941967545,-12.977055337816992,14.393676692092706,4.48050662287041,-0.30015973492891024,0.2566563459249488,0.25077986140978165,1,1,3,0,0.8192012871164909,-0.011757103595298139,0.002209954197560435,-0.0169539997659405,-0.01846549960950555,-3.195398179480361e-05,-0.05893272405111082,0.03205444292378409,-0.009228285963442481,0.0049590871360922955,-0.060705896932405995,-0.03738422731834082,1.1333261857337181e-05
0,7,641145,0,27.15000000000025,68.19860513414245,-8.33514137525302,-5.533941009751345,-12.995985010344167,14.125159450020309,4.6680702487181325,-0.041286165378913386,0.2531918056222061,0.2566563459249488,1,1,3,0,0.818215726748139,-0.011494015917113604,0.004483409687825029,-0.10499412765233486,0.046275951229086766,-7.07913827542821e-05,-0.07071430617755782,0.02161231604725424,-0.011757103595298139,0.002209954197560435,-0.0169539997659405,-0.01846549960950555,-3.195398179480361e-05
0,7,641145,0,27.300000000000253,66.95212201660604,-8.297387224724133,-4.820424618131398,-12.976066857502673,13.842499940020463,4.778189971131315,0.21859393354877232,0.26124013871638063,0.2531918056222061,1,1,3,0,0.8172434702145497,-0.013630462387448675,0.0005505583874678112,0.0024347015129548193,0.012080155841459585,-1.925400205918818e-06,-0.08424552026859587,0.013121866300066981,-0.011494015917113604,0.004483409687825029,-0.10499412765233486,0.046275951229086766,-7.07913827542821e-05
0,7,641145,0,27.450000000000255,65.71590491587665,-8.213673434925026,-4.100727258751252,-12.91709641374378,13.552392549384702,4.783662733689345,0.4800144916016136,0.26434802106689337,0.26124013871638063,1,1,3,0,0.8162403080818788,-0.015578563026847904,-0.002468730126902456,-0.03627188065503699,0.016122737097492013,-8.448340475801891e-05,-0.09699866396647205,0.006417247106104907,-0.013630462387448675,0.0005505583874678112,0.0024347015129548193,0.012080155841459585,-1.925400205918818e-06
0,7,641145,0,27.600000000000257,64.49387653105312,-8.113657225462646,-3.3909654991321077,-12.818246873407874,13.259189263448011,4.6814142419441485,0.7486803960609991,0.2545412265099649,0.26434802106689337,1,1,3,0,0.8152252116809818,-0.013548395375419122,-0.0017289817159285273,-0.055774472272786806,0.016774181457216,-4.592052329954625e-05,-0.10846974980611758,0.0010155616412640467,-0.015578563026847904,-0.002468730126902456,-0.03627188065503699,0.016122737097492013,-8.448340475801891e-05
0,7,641145,0,27.75000000000026,63.280896779379674,-8.073190404906368,-2.7057429171531915,-12.677543084066276,12.963068440075494,4.487594186781943,1.0333856357933962,0.26261031045172634,0.2545412265099649,1,1,3,0,0.8142477733711837,-0.01506607845186937,-0.0037248294207214566,0.007269972583770816,0.01718410993082266,9.324418764188427e-06,-0.12022172180279385,-0.003057922866889083,-0.013548395375419122,-0.0017289817159285273,-0.055774472272786806,0.016774181457216,-4.592052329954625e-05
0,7,641145,0,27.90000000000026,62.07850984217535,-7.987507300422795,-2.06015656069307,-12.492584243456278,12.661315339822272,4.189408763630325,1.3338272334376848,0.2659801763344334,0.26261031045172634,1,1,3,0,0.813239349779049,-0.01715366819095675,-0.007852652995150762,-0.012289716602305293,0.0016128957992911155,-9.443247611608303e-05,-0.1302617084248131,-0.00582904974547365,-0.01506607845186937,-0.0037248294207214566,0.007269972583770816,0.01718410993082266,9.324418764188427e-06
0,7,641145,0,28.050000000000264,60.890711974199846,-7.884424930974645,-1.4681889130124546,-12.26130426964792,12.34889311141606,3.804414434390985,1.6467843445971595,0.26137440980175736,0.2659801763344334,1,1,3,0,0.8122179859019247,-0.01687173659813797,-0.005318541848889112,-0.08360177869177876,0.04999224489055284,-6.91546605081689e-05,-0.13824302149359777,-0.007841174716251061,-0.01715366819095675,-0.007852652995150762,-0.012289716602305293,0.0016128957992911155,-9.443247611608303e-05
0,7,641145,0,28.200000000000266,59.71550090616786,-7.810110452399216,-0.9398339678397498,-11.980978901531454,12.017784459959634,3.362862884064227,1.9807090540964927,0.2636249840226622,0.26137440980175736,1,1,3,0,0.8112143081682859,-0.014878414203954651,-0.00894089736758645,0.08221127784165341,-0.03063698733497947,-2.138062099735726e-05,-0.14730608242924087,-0.0076508568207513394,-0.01687173659813797,-0.005318541848889112,-0.08360177869177876,0.04999224489055284,-6.91546605081689e-05
0,7,641145,0,28.350000000000268,58.55260791554812,-7.7240328697127945,-0.48223194862955765,-11.649576963208943,11.659553639569895,2.8787163887805516,2.324051754754678,0.2588390202542651,0.2636249840226622,1,1,3,0,0.8102019882296387,-0.014401103687043369,-0.009875968440815655,0.08054209053249768,-0.055633938070219484,-5.799252791713342e-05,-0.15261050968668405,-0.007458253444127961,-0.014878414203954651,-0.00894089736758645,0.08221127784165341,-0.03063698733497947,-2.138062099735726e-05
0,7,641145,0,28.50000000000027,57.39974404732875,-7.6665999237214315,-0.09865677564842912,-11.266039156370873,11.26647111709177,2.383677892395975,2.672564920340553,0.27017589387582025,0.2588390202542651,1,1,3,0,0.8092080463918624,-0.0158174479723643,-0.010753758278007364,0.04706694422542729,-0.0350699551317243,-5.8821018416013646e-05,-0.15153068010425647,-0.009588535630501428,-0.014401103687043369,-0.009875968440815655,0.08054209053249768,-0.055633938070219484,-5.799252791713342e-05
0,7,641145,0,28.650000000000272,56.262195722133754,-7.5420240986921,0.20993142370718942,-10.830826222586554,10.832860557882588,1.8838702241514664,3.0137620118511705,0.24972511012516369,0.27017589387582025,1,1,3,0,0.8081705709593793,-0.011862854656900583,-0.00944004487854872,0.11678146348783061,-0.08073860452120446,-2.14734530551393e-06,-0.14573907466069233,-0.013544147597963253,-0.0158174479723643,-0.010753758278007364,0.04706694422542729,-0.0350699551317243,-5.8821018416013646e-05
0,7,641145,0,28.800000000000274,55.131574708135986,-7.53492049455412,0.4486870794830118,-10.34580897944309,10.355533956992284,1.4373663215978179,3.3398258348902856,0.24856297090775342,0.24972511012516369,1,1,3,0,0.8072116265364987,-0.009579888091004456,-0.009965817639068378,-0.07186800560193057,-0.03699223365441578,-4.472253591941163e-05,-0.13368732497537616,-0.0205507497463155,-0.011862854656900583,-0.00944004487854872,0.11678146348783061,-0.08073860452120446,-2.14734530551393e-06
0,7,641145,0,28.950000000000276,54.00165209542367,-7.531496478238075,0.6248516754835975,-9.815034233511517,9.834903996550127,1.0353594963787074,3.632993393182084,0.2472024188131033,0.24856297090775342,1,1,3,0,0.806257144728213,-0.006726427304453624,-0.011860639199342663,0.11285893415441758,-0.08768788655183173,0.00010328759009410451,-0.121603753505014,-0.029627348506900138,-0.009579888091004456,-0.009965817639068378,-0.07186800560193057,-0.03699223365441578,-4.472253591941163e-05
0,7,641145,0,29.10000000000028,52.871695998803865,-7.533578386382881,0.7450959376731561,-9.244824828943708,9.2748021043142,0.6770713587639714,3.879423761658579,0.2629597650203288,0.2472024188131033,1,1,3,0,0.8053078874399705,-0.009364623268183294,-0.013418500940086071,-0.033602434142207746,0.030175934113781347,-7.275292985899492e-05,-0.10615372392396408,-0.04167904357603355,-0.006726427304453624,-0.011860639199342663,0.11285893415441758,-0.08768788655183173,0.00010328759009410451
0,7,641145,0,29.25000000000028,51.750916152224214,-7.4407854089256125,0.8139069416104228,-8.643843807381463,8.682078108149483,0.3414993725552229,4.062884492443531,0.26205026351554406,0.2629597650203288,1,1,3,0,0.8042981219422924,-0.007641291970334132,-0.01316940776112985,0.0026969976980277927,0.041600494132911316,-1.0977523572802523e-05,-0.08960247528615063,-0.05300493138140187,-0.009364623268183294,-0.013418500940086071,-0.033602434142207746,0.030175934113781347,-7.275292985899492e-05
0,7,641145,0,29.400000000000283,50.64372602032876,-7.351330728025049,0.8355774602873325,-8.021457582887923,8.064860286837607,0.03639036440783405,4.185115561143885,0.2554131332334547,0.26205026351554406,1,1,3,0,0.8032918489303926,-0.0034406963502365126,-0.01469190708441669,0.02396863584252975,-0.010354043798440446,2.629705519144776e-05,-0.0733534491210615,-0.061085852902362216,-0.007641291970334132,-0.01316940776112985,0.0026969976980277927,0.041600494132911316,-1.0977523572802523e-05
0,7,641145,0,29.550000000000285,49.546199144911576,-7.2994625701135964,0.8138637385561829,-7.387029625254124,7.431727986768537,-0.2464464769371395,4.244299733079787,0.26303245539754505,0.2554131332334547,1,1,3,0,0.802311062498776,-0.004412892184796218,-0.016326288639012317,-0.012167253663779904,0.05677015016906378,-5.848947356879246e-05,-0.05607741115822973,-0.06782774876870439,-0.0034406963502365126,-0.01469190708441669,0.02396863584252975,-0.010354043798440446,2.629705519144776e-05
0,7,641145,0,29.700000000000287,48.46106532287622,-7.201486923306545,0.7492102536628913,-6.750795416630451,6.792242248432569,-0.5358804399704042,4.232879914122158,0.26174322412344064,0.26303245539754505,1,1,3,0,0.8013010178700494,-0.0035326829942255804,-0.016869873459222893,0.004814410100480983,0.01583640381727524,4.7776241640560505e-05,-0.038832157338969595,-0.07172192140733556,-0.004412892184796218,-0.016326288639012317,-0.012167253663779904,0.05677015016906378,-5.848947356879246e-05
0,7,641145,0,29.85000000000029,47.38996517305645,-7.110153335151811,0.639849431598698,-6.122522158679212,6.1558658918656715,-0.8395858390798223,4.159480263979633,0.26081703479532137,0.26174322412344064,1,1,3,0,0.8002959238894155,-0.002091093185578784,-0.016669117843689858,-0.033530916743424836,0.03223451214941334,-1.699790206843559e-05,-0.021673164366737607,-0.07322558230796215,-0.0035326829942255804,-0.016869873459222893,0.004814410100480983,0.01583640381727524,4.7776241640560505e-05
0,7,641145,0,30.00000000000029,46.332107204175756,-7.023424836181494,0.48256553124598156,-5.511056161708601,5.5321433016013835,-1.1679128137646135,4.028708593246275,0.25594534809137964,0.26081703479532137,1,1,3,0,0.7992943864758015,0.0011642942396153087,-0.017322273856899245,-0.01461202732153097,-0.011550386658740067,3.5453925578582692e-06,-0.005769046507461548,-0.07263041830223423,-0.002091093185578784,-0.016669117843689858,-0.033530916743424836,0.03223451214941334,-1.699790206843559e-05
0,7,641145,0,30.150000000000293,45.28441516308826,-6.965164250319033,0.2731274136017703,-4.924392761480226,4.931961339404399,-1.5256994478085022,3.8467420618915957,0.26143818049195167,0.25594534809137964,1,1,3,0,0.7983115563391308,0.0009244460738414136,-0.01892110157637913,-0.03428201060167062,-0.0016734275239260496,4.5925971881878745e-05,0.00886486776614688,-0.07139210180266625,0.0011642942396153087,-0.017322273856899245,-0.01461202732153097,-0.011550386658740067,3.5453925578582692e-06
0,7,641145,0,30.300000000000296,44.24873713928865,-6.874185984059345,0.006367594808793342,-4.370372932133504,4.370377570895775,-1.9195773012244437,3.6119949020542044,0.2639511238146767,0.26143818049195167,1,1,3,0,0.7973076337260415,0.0025782354861965625,-0.019203777406833215,0.0719603249252147,-0.04069749817946873,-4.2614527089229124e-05,0.021881037294290386,-0.06993404742213473,0.0009244460738414136,-0.01892110157637913,-0.03428201060167062,-0.0016734275239260496,4.5925971881878745e-05
0,7,641145,0,30.450000000000298,43.228190731378426,-6.7684109027190935,-0.3222193516890677,-3.8559639571070603,3.869403487504458,-2.3393279901877535,3.33394576938223,0.2445544854441063,0.2639511238146767,1,1,3,0,0.7962940614105931,0.006755769291655153,-0.015443820995716477,-0.10280405940293433,0.01964655431397475,-5.3541203648189134e-05,0.03689975538299499,-0.06950404279461984,0.0025782354861965625,-0.019203777406833215,0.0719603249252147,-0.04069749817946873,-4.2614527089229124e-05
0,7,641145,0,30.6000000000003,42.21193358008525,-6.7784307773344254,-0.7149093008531402,-3.3853770928786124,3.4600395040278906,-2.768833570313027,3.0356692984965195,0.26013290258552246,0.2445544854441063,1,1,3,0,0.7953549721864877,0.007225035259423421,-0.013881203309855273,0.1242117679130407,0.02886293752181699,6.68263328302619e-05,0.049133514640828546,-0.06860866031271964,0.006755769291655153,-0.015443820995716477,-0.10280405940293433,0.01964655431397475,-5.3541203648189134e-05
0,7,641145,0,30.750000000000302,41.20340495579117,-6.696157075400737,-1.171541411973699,-2.9628458953524612,3.1860579215664386,-3.1908014001286373,2.705497662389348,0.2621427769016308,0.26013290258552246,1,1,3,0,0.7943560618405594,0.006004380136206732,-0.015529836037708664,-0.033360002366197274,0.02400845472798601,-9.311869081668372e-05,0.0639354339727368,-0.06591283884185041,0.007225035259423421,-0.013881203309855273,0.1242117679130407,0.02886293752181699,6.68263328302619e-05
0,7,641145,0,30.900000000000304,40.2083051762609,-6.603045515659475,-1.6888640781418829,-2.591883490734894,3.0935613625693823,-3.5836540355496536,2.3561154363304433,0.2753031691310136,0.2621427769016308,1,1,3,0,0.7933494335772573,0.005992201862262613,-0.014844157864332023,0.07167713433986722,0.04722918858246637,1.701507378746604e-05,0.07941142255676695,-0.06151787149628529,0.006004380136206732,-0.015529836037708664,-0.033360002366197274,0.02400845472798601,-9.311869081668372e-05
0,7,641145,0,31.050000000000306,39.23488253018859,-6.432873388852714,-2.2594293589749306,-2.2745310367056906,3.206011925295246,-3.916795840938468,1.9959898558040918,0.2649287771199755,0.2753031691310136,1,1,3,0,0.7922922694077941,0.008052301183110892,-0.014412397807294551,-0.08781173682789138,0.04927230561683549,1.2090904136431462e-05,0.09653268102433546,-0.05474641076437675,0.005992201862262613,-0.014844157864332023,0.07167713433986722,0.04722918858246637,1.701507378746604e-05
0,7,641145,0,31.20000000000031,38.28062765983864,-6.326283203601789,-2.8727581490498117,-2.010262677014402,3.5062651658893698,-4.175912147905622,1.646407453465196,0.2647552105725519,0.2649287771199755,1,1,3,0,0.7912749429036534,0.01222748078950379,-0.010444914636437092,0.05468741362840151,-0.0037571991465051445,2.06096526879681e-05,0.11111687800536056,-0.04528156534327973,0.008052301183110892,-0.014412397807294551,-0.08781173682789138,0.04927230561683549,1.2090904136431462e-05
0,7,641145,0,31.35000000000031,37.34207051765167,-6.222630573384697,-3.51563827499438,-1.79651462925943,3.948059940495915,-4.340471866784124,1.3167739043748705,0.24672311300315553,0.2647552105725519,1,1,3,0,0.7902582828950548,0.014989495413017093,-0.008010617454338075,0.03165350442786296,-0.04479457647262746,-4.0398819138187735e-05,0.1255807439727884,-0.03531831849365157,0.01222748078950379,-0.010444914636437092,0.05468741362840151,-0.0037571991465051445,2.06096526879681e-05
0,7,641145,0,31.500000000000313,36.40812330151235,-6.22844941759441,-4.174421251451381,-1.629606977546349,4.481228814269214,-4.416222749774484,1.0131762271906901,0.25790751154037306,0.24672311300315553,1,1,3,0,0.7893108661411227,0.013831828153647576,-0.005924979495203743,0.017893705040437368,0.020104934749801014,-3.0533976406927405e-05,0.1415527870717957,-0.027467641200339985,0.014989495413017093,-0.008010617454338075,0.03165350442786296,-0.04479457647262746,-4.0398819138187735e-05
0,7,641145,0,31.650000000000315,35.479655252046605,-6.17084258775597,-4.833443776746293,-1.506705657898587,5.062839191847899,-4.380412077456336,0.7249941530006867,0.2513328300505266,0.25790751154037306,1,1,3,0,0.7883205012968078,0.013932813560661363,-0.006275818631667098,0.013165522042857956,-0.04839625174620431,1.964194976198251e-05,0.15799713906626772,-0.020000573338122968,0.013831828153647576,-0.005924979495203743,0.017893705040437368,0.020104934749801014,-3.0533976406927405e-05
0,7,641145,0,31.800000000000317,34.5555806787491,-6.155757611739103,-5.477675667808704,-1.4253847851227572,5.660092976918575,-4.251117168052222,0.45308692383544624,0.24098274689295102,0.2513328300505266,1,1,3,0,0.7873553832294136,0.017760702507289138,-0.004160073765554681,-0.08508860130547927,-0.0664676513487491,7.922003979842056e-06,0.17446019965275752,-0.014264289336167585,0.013932813560661363,-0.006275818631667098,0.013165522042857956,-0.04839625174620431,1.964194976198251e-05
0,7,641145,0,31.95000000000032,33.6271896469328,-6.206418361141724,-6.094138713404181,-1.383303778358935,6.249164424259749,-4.039933680549456,0.19594784399792986,0.25147068438352344,0.24098274689295102,1,1,3,0,0.7864300094813447,0.016825592369716535,-0.0010110924887705413,-0.08541450338153865,0.03391324683047849,1.5348658191933694e-05,0.18716318376376997,-0.012093077033930063,0.017760702507289138,-0.004160073765554681,-0.08508860130547927,-0.0664676513487491,7.922003979842056e-06
0,7,641145,0,32.100000000000314,32.697084595473584,-6.198091901370487,-6.670958649029167,-1.3791220392221315,6.812023700496444,-3.751556093606366,-0.054845371429495415,0.26462472679439203,0.25147068438352344,1,1,3,0,0.7854643620533118,0.01359937696199423,-0.0018073893201782693,-0.03401040005256638,0.05844524304036651,2.2159359876775257e-05,0.19454923142195854,-0.009952504540228507,0.016825592369716535,-0.0010110924887705413,-0.08541450338153865,0.03391324683047849,1.5348658191933694e-05
0,7,641145,0,32.250000000000306,31.775862897380073,-6.113310921236649,-7.198957775342475,-1.4126419060179423,7.336249055600681,-3.409866245815668,-0.30636541933832184,0.2532609382939416,0.26462472679439203,1,1,3,0,0.7844482031024212,0.014694824740479106,-0.0007003131474428966,0.04086084795716041,0.009949642993249417,-2.9033120175300607e-05,0.19891240276143818,-0.005133511440285599,0.01359937696199423,-0.0018073893201782693,-0.03401040005256638,0.05844524304036651,2.2159359876775257e-05
0,7,641145,0,32.4000000000003,30.860554309644733,-6.096573510507805,-7.674570234618372,-1.4833752381201664,7.816612462132068,-3.0585431658670226,-0.5529328726594815,0.2566160095332658,0.2532609382939416,1,1,3,0,0.7834756810993725,0.013087026742124737,-0.0011311964926444078,0.06988852081931313,-0.0619577226434538,1.3076822708784334e-05,0.20414631332766223,0.0008231793476992898,0.014694824740479106,-0.0007003131474428966,0.04086084795716041,0.009949642993249417,-2.9033120175300607e-05
0,7,641145,0,32.55000000000029,29.949606568788838,-6.061457663371789,-8.096274771240722,-1.5914019699009123,8.25119539225884,-2.6959904372638412,-0.8033262126751051,0.2436286492243549,0.2566160095332658,1,1,3,0,0.7824902756227647,0.013450509331072263,0.0018560649552352528,-0.1401160926766117,0.0027364567620096914,-6.241489804114492e-05,0.21263508029056932,0.004307937131011649,0.013087026742124737,-0.0011311964926444078,0.06988852081931313,-0.0619577226434538,1.3076822708784334e-05
0,7,641145,0,32.70000000000028,29.03607194115343,-6.104794385685644,-8.465101017570575,-1.737523006112795,8.641580956887786,-2.3497214812884386,-1.0597178408843588,0.2611733266837032,0.2436286492243549,1,1,3,0,0.7815547416097431,0.01174014552210387,0.002712674078167658,-0.11700031518131077,0.03868981778850413,-4.057870491507669e-08,0.21694634282683142,0.006520332755068024,0.013450509331072263,0.0018560649552352528,-0.1401160926766117,0.0027364567620096914,-6.241489804114492e-05
0,7,641145,0,32.85000000000027,28.126273683026042,-6.045506584930661,-8.781162513661595,-1.9234928595207395,8.989362595421484,-1.9964415449465682,-1.3299625446545547,0.2587324268339246,0.2611733266837032,1,1,3,0,0.7805518360352776,0.012587444526303948,0.0019113193137834743,-0.056902308945618346,0.0022158526204925197,-5.56975335051408e-05,0.2144423617984903,0.009990642654974144,0.01174014552210387,0.002712674078167658,-0.11700031518131077,0.03868981778850413,-4.057870491507669e-08
0,7,641145,0,33.00000000000026,27.224055296199936,-5.999188351583779,-9.046673366406907,-2.15149597750881,9.298991017292826,-1.6676781015258566,-1.6150471666528563,0.250796747988233,0.2587324268339246,1,1,3,0,0.7795583035162355,0.012489904178208722,0.00422212774279611,-0.07097507949023597,0.008906106042295447,-0.00014951046316368202,0.20819360585136432,0.013944685189060065,0.012587444526303948,0.0019113193137834743,-0.056902308945618346,0.0022158526204925197,-5.56975335051408e-05
0,7,641145,0,33.150000000000254,26.324386769402288,-5.996761147997925,-9.265996435048756,-2.4232844049906195,9.577630043064254,-1.3693510936440667,-1.910227583566909,0.2698928062791918,0.250796747988233,1,1,3,0,0.7785952440039606,0.009314779959529066,0.005190359419281943,-0.08910222012930692,0.07513447345062967,-9.699239327589833e-05,0.19900541878173128,0.01790224699496906,0.012489904178208722,0.00422212774279611,-0.07097507949023597,0.008906106042295447,-0.00014951046316368202
0,7,641145,0,33.300000000000246,25.436716967142736,-5.877876817296498,-9.440030139088954,-2.7402559585513626,9.82970862972469,-1.0645562027254782,-2.2136913990713265,0.25736804447511463,0.2698928062791918,1,1,3,0,0.7775588556278484,0.01054626417843908,0.006791693543277238,-0.04336923188560823,0.039422365539974656,1.2956556886756157e-05,0.18619678587279642,0.02438073889385175,0.009314779959529066,0.005190359419281943,-0.08910222012930692,0.07513447345062967,-9.699239327589833e-05
0,7,641145,0,33.45000000000024,24.559880693499018,-5.828967011968319,-9.5700403833605,-3.102978104028689,10.060524144060897,-0.7749680937528216,-2.518520003575942,0.25763698503444254,0.25736804447511463,1,1,3,0,0.7765705623370639,0.01029389130816791,0.007723580608160796,-0.07194905934585498,0.022175167780111162,-2.8849680675456278e-05,0.1713566385510798,0.03304886751484881,0.01054626417843908,0.006791693543277238,-0.04336923188560823,0.039422365539974656,1.2956556886756157e-05
0,7,641145,0,33.60000000000023,23.690947757868173,-5.774391395216949,-9.655533623824983,-3.5108937123787567,10.274030573267508,-0.47285311920264483,-2.8171290058548477,0.25379811715967604,0.25763698503444254,1,1,3,0,0.7755812363145316,0.008699434100018767,0.00756628685993704,0.028897978872132024,-0.01714384841275337,5.744201091870858e-05,0.15437284363563783,0.04244720988764228,0.01029389130816791,0.007723580608160796,-0.07194905934585498,0.022175167780111162,-2.8849680675456278e-05
0,7,641145,0,33.75000000000022,22.82836986571384,-5.738200742589343,-9.693917735225739,-3.9625808108109166,10.472539698637148,-0.1509442702717898,-3.1048000823639117,0.2606173467880001,0.25379811715967604,1,1,3,0,0.7746066515446385,0.0067603976762598186,0.008818345901490344,-0.05204733163754828,-0.013573377678600146,-8.952246465024348e-05,0.13862330031594827,0.05075982849760993,0.008699434100018767,0.00756628685993704,0.028897978872132024,-0.01714384841275337,5.744201091870858e-05
0,7,641145,0,33.90000000000021,21.97560943346355,-5.658178206660036,-9.679746739977059,-4.455356942748162,10.655876427464367,0.2149990314731709,-3.3710968818240152,0.26715438683746684,0.2606173467880001,1,1,3,0,0.7736058809329724,0.003937866459812771,0.011654999844347624,-0.04298560591111023,0.0341855048045665,-3.9334504554090294e-05,0.1229004684858701,0.05745279043646745,0.0067603976762598186,0.008818345901490344,-0.05204733163754828,-0.013573377678600146,-8.952246465024348e-05
0,7,641145,0,34.0500000000002,21.13905132449892,-5.536197525386167,-9.606014239788443,-4.985013460911563,10.822470548839014,0.6280059340979509,-3.6056569415538147,0.2727544875501655,0.26715438683746684,1,1,3,0,0.7725800080875165,-0.000148646799606742,0.013152546237051753,-0.052723417961849796,0.08846638902757686,-2.7270794739507776e-05,0.10613351819429379,0.06438128901113144,0.003937866459812771,0.011654999844347624,-0.04298560591111023,0.0341855048045665,-3.9334504554090294e-05
0,7,641145,0,34.200000000000195,20.324416369757756,-5.37804669855676,-9.46610570141645,-5.545884131707015,10.971052271897562,1.0829214960956528,-3.7989273838615985,0.2589551276166818,0.2727544875501655,1,1,3,0,0.7715326308553239,0.00045949030548231485,0.010910976090999737,0.02031927378951654,-0.04333087227315268,-2.1097564240409988e-05,0.0882854871902096,0.07432703858150895,-0.000148646799606742,0.013152546237051753,-0.052723417961849796,0.08846638902757686,-2.7270794739507776e-05
0,7,641145,0,34.350000000000186,19.52544886034988,-5.300531479640432,-9.254860689656393,-6.131971881250065,11.101960436670122,1.5682330198064038,-3.953502355415896,0.25633862316781797,0.2589551276166818,1,1,3,0,0.7705382431652757,-0.0019498363617045282,0.0149351938400454,0.008581933828222501,-0.02506862879197151,-3.3587959679797045e-05,0.07195138791982185,0.08324482706389194,0.00045949030548231485,0.010910976090999737,0.02031927378951654,-0.04333087227315268,-2.1097564240409988e-05
0,7,641145,0,34.50000000000018,18.73660610627181,-5.2380901399173805,-8.968283967232711,-6.735507902002854,11.215934379928681,2.077731314029751,-4.050312443633771,0.24493280771611942,0.25633862316781797,1,1,3,0,0.7695539028523113,-0.0015299395606642213,0.01627680471765172,-0.13089237910207782,-0.016937607941736356,-1.1754914850494754e-05,0.05794236214088289,0.08944705662379869,-0.0019498363617045282,0.0149351938400454,0.008581933828222501,-0.02506862879197151,-3.3587959679797045e-05
0,7,641145,0,34.65000000000017,17.950362395117303,-5.24330736587833,-8.604197657353936,-7.3485304603225075,11.3151719939691,2.595786586927473,-4.096363944851678,0.2620095682555815,0.24493280771611942,1,1,3,0,0.7686133608706816,-0.005003699486102957,0.013735023372784238,-0.023358126216981977,-0.07241303097467722,2.1254274958349624e-05,0.04074426162583357,0.0936908681915188,-0.0015299395606642213,0.01627680471765172,-0.13089237910207782,-0.016937607941736356,-1.1754914850494754e-05
0,7,641145,0,34.80000000000016,17.17367532107544,-5.145122274691531,-8.163703821335393,-7.961935030048509,11.40344112560764,3.097863332333955,-4.077046141025594,0.2499387303912548,0.2620095682555815,1,1,3,0,0.7676072441285802,-0.006454263615549551,0.01512555215246672,-0.10228530563745135,-0.00661120149438568,-1.23774707494796e-05,0.022088349691227364,0.0942279678770673,-0.005003699486102957,0.013735023372784238,-0.023358126216981977,-0.07241303097467722,2.1254274958349624e-05
0,7,641145,0,34.95000000000015,16.40457132499202,-5.118396782862032,-7.652078770490327,-8.56735314859347,11.487116674018036,3.555707754793939,-4.006939453759916,0.243238438912611,0.2499387303912548,1,1,3,0,0.7666474794038778,-0.004872426521623391,0.016504546809025886,0.02003759292671738,-0.0690259374224301,6.56842692103526e-06,0.0011435147274748252,0.09273285842005832,-0.006454263615549551,0.01512555215246672,-0.10228530563745135,-0.00661120149438568,-1.23774707494796e-05
0,7,641145,0,35.10000000000014,15.635510292400262,-5.1313499066551165,-7.077714302945655,-9.156969782444706,11.573423665913511,3.952219036363021,-3.884272454018296,0.2565088971540488,0.243238438912611,1,1,3,0,0.7657134437984535,-0.009057247975536442,0.015503667836940474,0.005285358327212065,-0.030727148269377492,-1.3471581727970989e-05,-0.018873950630083264,0.08819598675919316,-0.004872426521623391,0.016504546809025886,0.02003759292671738,-0.0690259374224301,6.56842692103526e-06
0,7,641145,0,35.250000000000135,14.872493734131396,-5.0644504568431294,-6.45237409108937,-9.722464961451674,11.668738421012653,4.262512055484867,-3.705085550507949,0.2640439625129355,0.2565088971540488,1,1,3,0,0.7647284496333819,-0.014436538196179726,0.01575101572488813,-0.0006065489131137834,0.055254127803269555,-8.778645417147449e-05,-0.03628814619676099,0.08109991946733602,-0.009057247975536442,0.015503667836940474,0.005285358327212065,-0.030727148269377492,-1.3471581727970989e-05
0,7,641145,0,35.40000000000013,14.123994871615622,-4.952792484106257,-5.790273778628853,-10.256144841556829,11.777766233139015,4.474502839353109,-3.476820083542872,0.2459552544521823,0.2640439625129355,1,1,3,0,0.7637145208173322,-0.011553092473634775,0.018111511035780414,-0.17081645099620527,0.08111336382264304,-0.00011621148761660442,-0.0516023100895763,0.07546800704062914,-0.014436538196179726,0.01575101572488813,-0.0006065489131137834,0.055254127803269555,-8.778645417147449e-05
0,7,641145,0,35.55000000000012,13.381368681662124,-4.9500094101034655,-5.104460031280727,-10.752062904474482,11.902200171091001,4.605419198290161,-3.2131903505561707,0.2475030155202641,0.2459552544521823,1,1,3,0,0.7627700526402357,-0.009725479722549432,0.014399794123747684,0.021983215850462257,-0.03124706873895789,-8.049076251055137e-05,-0.07138530548549986,0.07368019993943457,-0.011553092473634775,0.018111511035780414,-0.17081645099620527,0.08111336382264304,-0.00011621148761660442
0,7,641145,0,35.70000000000011,12.639968845366663,-4.939241712685868,-4.408456520360286,-11.204689987388285,12.040746098368922,4.642292082192167,-2.912601761791737,0.2612227752517556,0.2475030155202641,1,1,3,0,0.7618196410606377,-0.014913806840623024,0.015350273166840728,-0.03167915124002446,0.09017364557262597,-0.0001394294850285717,-0.0913696698079175,0.07185896519826304,-0.009725479722549432,0.014399794123747684,0.021983215850462257,-0.03124706873895789,-8.049076251055137e-05
0,7,641145,0,35.8500000000001,11.908034439816447,-4.850061364413232,-3.7172751956235945,-11.60779872896411,12.188483343391795,4.577214351468731,-2.5683028472535185,0.2637667203500374,0.2612227752517556,1,1,3,0,0.7608165456036711,-0.016901487795943852,0.010935056326716167,-0.02242086206396604,0.010213406082246305,-5.685205489063228e-06,-0.10994515782654,0.07246255357127307,-0.014913806840623024,0.015350273166840728,-0.03167915124002446,0.09017364557262597,-0.0001394294850285717
0,7,641145,0,36.00000000000009,11.190668994732533,-4.749050554477287,-3.043851245957411,-11.956690912477411,12.338050412607187,4.434171202807015,-2.1987161288340333,0.255072455038297,0.2637667203500374,1,1,3,0,0.7598036813975269,-0.014485964446228856,0.008851486631609142,-0.07871738155896271,-0.027313184354463105,-7.988200003134818e-05,-0.1277424286204044,0.07464215235460163,-0.016901487795943852,0.010935056326716167,-0.02242086206396604,0.010213406082246305,-5.685205489063228e-06
0,7,641145,0,36.150000000000084,10.48297913395172,-4.702833680616689,-2.396600885878666,-12.248571740210304,12.480833525100513,4.246001015813212,-1.8143707067145325,0.2543100320406091,0.255072455038297,1,1,3,0,0.7588242031701798,-0.013490060517265432,0.010224261717601074,0.03738530448741823,-0.04901322536654672,-5.87370970838821e-05,-0.14678100793267185,0.07555853875235057,-0.014485964446228856,0.008851486631609142,-0.07871738155896271,-0.027313184354463105,-7.988200003134818e-05
0,7,641145,0,36.300000000000075,9.781347221845511,-4.665353060823095,-1.781554520621322,-12.481248965714077,12.60775603563477,4.020201947888161,-1.4156653537219879,0.2537631561120416,0.2543100320406091,1,1,3,0,0.7578476526471438,-0.013963960987066832,0.009011195206862142,0.0711050070927824,-0.05263167256510552,-6.213607131208249e-05,-0.16376702643627894,0.07381307896206507,-0.013490060517265432,0.010224261717601074,0.03738530448741823,-0.04901322536654672,-5.87370970838821e-05
0,7,641145,0,36.45000000000007,9.084656271170719,-4.634536219727779,-1.2026700703096393,-12.65405672973354,12.71108048189977,3.7739754047203684,-1.0174764320444956,0.24466673285119445,0.2537631561120416,1,1,3,0,0.7568732021276735,-0.013541869690657666,0.009891733547259217,0.10948827657352168,-0.030637400258801843,-9.15491198180853e-05,-0.17550222530507048,0.06906775673000495,-0.013963960987066832,0.009011195206862142,0.0711050070927824,-0.05263167256510552,-6.213607131208249e-05
0,7,641145,0,36.60000000000006,8.387024805202213,-4.6591226943303425,-0.6599416500014277,-12.768257559460624,12.785301094856154,3.5377976371011752,-0.6313486374073441,0.25729274454263906,0.24466673285119445,1,1,3,0,0.755933681873525,-0.015180679965559196,0.007530591845835306,-0.05032319577879614,-0.013975443300455104,3.024589323738217e-05,-0.1803246211704143,0.06226928319246385,-0.013541869690657666,0.009891733547259217,0.10948827657352168,-0.030637400258801843,-9.15491198180853e-05
0,7,641145,0,36.75000000000005,7.693114732498152,-4.6095359830361495,-0.1530832685481256,-12.825673501224367,12.826587045941656,3.298076982964614,-0.2570714543281083,0.26133281000879793,0.25729274454263906,1,1,3,0,0.7549456777344814,-0.015151401229917821,0.003988381476581583,0.015023113110185669,-0.045564786031360355,2.535568498615732e-05,-0.18386146743688284,0.05459927259198724,-0.015180679965559196,0.007530591845835306,-0.05032319577879614,-0.013975443300455104,3.024589323738217e-05
0,7,641145,0,36.90000000000004,7.009049171576644,-4.535885608514814,0.3185831669092094,-12.829147365032835,12.83310240541884,3.0657828108333898,0.09490822790124231,0.26918224987802025,0.26133281000879793,1,1,3,0,0.7539421597440475,-0.016200770609054248,0.005269658855781611,-0.04372910536507389,0.0714510522110863,-0.00014413450353582857,-0.1866485323156213,0.0453400336775337,-0.015151401229917821,0.003988381476581583,0.015023113110185669,-0.045564786031360355,2.535568498615732e-05
0,7,641145,0,37.05000000000003,6.340627688550169,-4.416287483537161,0.7550692364789393,-12.78140308825264,12.80368675250496,2.82927433281203,0.4313963463468422,0.2581966865740072,0.26918224987802025,1,1,3,0,0.752908499904516,-0.013724876529872171,0.00151860541315851,0.03207959069842426,-0.01475308565940056,-0.00010032380438083608,-0.18970475636278394,0.03835372708165284,-0.016200770609054248,0.005269658855781611,-0.04372910536507389,0.0714510522110863,-0.00014413450353582857
0,7,641145,0,37.200000000000024,5.683741615576386,-4.360727031031749,1.157257081171724,-12.685740310860536,12.738416353162354,2.603292545557974,0.7430100859051938,0.24834163248209634,0.2581966865740072,1,1,3,0,0.7519170246280719,-0.010690017697279662,0.0027996272233838503,0.017965603436545997,-0.027234434196640223,-6.229240661597103e-05,-0.19133990347002136,0.032486154870625325,-0.013724876529872171,0.00151860541315851,0.03207959069842426,-0.01475308565940056,-0.00010032380438083608
0,7,641145,0,37.350000000000016,5.029482456199004,-4.362158053829559,1.5254117065015858,-12.54469362867289,12.637096941608,2.3745785147942495,1.0413509056314105,0.24434965021857807,0.24834163248209634,1,1,3,0,0.7509633927593405,-0.008110735965789007,0.0009228960234815263,0.009851131943935037,-0.04116891025298209,5.269192170339856e-05,-0.1909134127884349,0.025662110258936315,-0.010690017697279662,0.0027996272233838503,0.017965603436545997,-0.027234434196640223,-6.229240661597103e-05
0,7,641145,0,37.50000000000001,4.372813981854575,-4.385494375933705,1.8567665246972886,-12.360303095844817,12.498986940883945,2.119345733436611,1.3259040164430969,0.2507532361657831,0.24434965021857807,1,1,3,0,0.7500250901025011,-0.009336525015393704,-0.002075938579173879,0.10205541650334167,-0.06840373770612095,7.463214068706637e-06,-0.1892054868517714,0.017230487034247476,-0.008110735965789007,0.0009228960234815263,0.009851131943935037,-0.04116891025298209,5.269192170339856e-05
0,7,641145,0,37.65,3.7165259841856777,-4.369914361869124,2.1440215698510325,-12.134383320369158,12.322340973112201,1.8049566092795417,1.5989970930448327,0.2660305629603211,0.2507532361657831,1,1,3,0,0.7490621976756244,-0.012818835419651826,-0.004755218183708214,-0.0017352386868835978,-0.013875381918488304,-8.394557978249655e-05,-0.18303629577019584,0.006118163015664397,-0.009336525015393704,-0.002075938579173879,0.10205541650334167,-0.06840373770612095,7.463214068706637e-06
0,7,641145,0,37.79999999999999,3.0717566657242,-4.262436498338819,2.3761258143650266,-11.868588033531598,12.104104915084854,1.4100920065678682,1.8613464634243568,0.26343009796516215,0.2660305629603211,1,1,3,0,0.7480406403138569,-0.012143394241303623,-0.003761563835525905,0.015998898350065766,0.07996449533997572,-5.145364692821663e-06,-0.17477358904667453,-0.0058861656586730255,-0.012818835419651826,-0.004755218183708214,-0.0017352386868835978,-0.013875381918488304,-8.394557978249655e-05
0,7,641145,0,37.94999999999998,2.4418507701354937,-4.167551968428876,2.543028970183237,-11.563865734802413,11.840185263572886,0.9551819296998958,2.1204053095248745,0.25682550217406513,0.26343009796516215,1,1,3,0,0.7470290687376707,-0.010224177847079347,-0.0058587773587428175,-0.051993620208546,0.07321841731818181,-0.00017336198216897546,-0.16576405231076266,-0.014265503099207289,-0.012143394241303623,-0.003761563835525905,0.015998898350065766,0.07996449533997572,-5.145364692821663e-06
0,7,641145,0,38.09999999999997,1.8225574361878056,-4.1089122800835405,2.63605436820341,-11.220178326853857,11.525675004897774,0.4440429628807365,2.3817705919771885,0.24450261290863362,0.25682550217406513,1,1,3,0,0.7460428588093224,-0.00422506943251898,-0.008557640736750369,0.05032332572381928,-0.040606676498225046,-9.771472216667136e-05,-0.15831733556027652,-0.017783636258810655,-0.010224177847079347,-0.0058587773587428175,-0.051993620208546,0.07321841731818181,-0.00017336198216897546
0,7,641145,0,38.249999999999964,1.205068200665698,-4.1202125366509135,2.6480231112985404,-10.836348966734423,11.15519992321148,-0.10989823347257088,2.6529518601219912,0.2501671220302479,0.24450261290863362,1,1,3,0,0.7451039687757534,-0.003563136331277962,-0.008601815015000095,0.11811886539550044,-0.02277978421609798,2.5694670229469382e-05,-0.14993700367118643,-0.021020509140937876,-0.00422506943251898,-0.008557640736750369,0.05032332572381928,-0.040606676498225046,-9.771472216667136e-05
0,7,641145,0,38.399999999999956,0.5895028655012595,-4.095229398699734,2.5712807987942816,-10.410615659856635,10.723451093910969,-0.7174564086795567,2.9361102256846525,0.259806264370672,0.2501671220302479,1,1,3,0,0.7441433270271571,-0.0058382852012211685,-0.01198248829089765,0.02643613612369915,-0.021120413524956614,-1.2760475725187869e-05,-0.1364077365881261,-0.02536318193211474,-0.003563136331277962,-0.008601815015000095,0.11811886539550044,-0.02277978421609798,2.5694670229469382e-05
1,7,890529,0.4,0,381.7919124062173,-20.846693602157757,-63.040234855458074,58.07371202816906,85.71246840082264,3.122835771866241,1.5901929708352718,0.4057647718079039,0,1,0,1,1,1,0.002752881274978427,-0.0011654734733334842,-0.09711812938862217,0.13680979076480446,-0.00028940347892417536,-0.005025889351963997,-0.0071116118133068085,0,0,0,0,0
1,7,890529,0.4,0.15000000000000002,378.60862032452263,-21.262591909529,-62.56554810821845,58.27339093570312,85.49991755099582,3.188681833243145,1.1983234833289436,0.6645543470734829,0.4057647718079039,1,0.39284989617678545,1,1,0.9992982522822239,-0.011423276880016191,-0.0027135609757278183,0.3151320710744945,-0.43139283388637945,0.001244002275480367,-0.008648319397815563,-0.002043024939461332,0.002752881274978427,-0.0011654734733334842,-0.09711812938862217,0.13680979076480446,-0.00028940347892417536
1,7,890529,0.4,0.3,375.49156184315893,-20.47922087714697,-62.08324209868634,58.41652272710926,85.24563963635309,3.2313477400062816,0.829000831725859,0.5050554810370038,0.6645543470734829,1,0.7856997923535708,1,1,0.9977846415426834,-0.008166795989467042,-0.0015738766201318084,0.4004996431404882,-0.5231134944722746,-0.0008665889831898991,-0.0026524726545492693,-0.006986007069227154,-0.011423276880016191,-0.0027135609757278183,0.3151320710744945,-0.43139283388637945,0.001244002275480367
1,7,890529,0.4,0.44999999999999996,372.74111176840074,-17.26875103941775,-61.59203154572619,58.50151878277143,84.94707793574001,3.3103865995634867,0.41930198369086324,0.09080979211912099,0.5050554810370038,1,1,3,1,0.9946281888132756,-0.015694169884166755,0.004705741187370665,-0.36649539546245286,-0.053806413195802386,-0.00018516985405555325,0.024157968982445488,-0.038566624023149074,-0.008166795989467042,-0.0015738766201318084,0.4004996431404882,-0.5231134944722746,-0.0008665889831898991
1,7,890529,0.4,0.6,370.2381175447017,-16.791015014787863,-61.08377040845537,58.52535795936931,84.59577135758738,3.425737044544406,0.035137165847657775,0.2957261838016165,0.09080979211912099,1,1,3,1,0.9933188269854112,-0.02019407099423065,0.008986438265664918,-0.2907274447982379,0.3094875456691626,-0.0004484507261154216,0.05142528017998647,-0.08148038362625755,-0.015694169884166755,0.004705741187370665,-0.36649539546245286,-0.053806413195802386,-0.00018516985405555325
1,7,890529,0.4,0.7500000000000001,367.8237200984785,-15.676185186586558,-60.554625640306575,58.483001867976164,84.18505920843305,3.581774762220467,-0.45961624784287536,0.12509762396040186,0.2957261838016165,1,1,3,1,0.9915728705795697,-0.012288259978905699,-0.0003155666679873172,-0.34249564589552917,0.22660863306978163,-0.00032158530625669567,0.06057980904119635,-0.11145736822230884,-0.02019407099423065,0.008986438265664918,-0.2907274447982379,0.3094875456691626,-0.0004484507261154216
1,7,890529,0.4,0.9000000000000002,365.447325646499,-15.946622334250472,-60.00975884982253,58.37447503077902,83.71828051466953,3.650362687058865,-0.8592880863525686,0.24057385671084708,0.12509762396040186,1,1,3,1,0.9907642051152062,-0.008801852169420551,-2.5049032744967325e-05,0.10879716831226713,0.21106586029292732,0.000663777597479716,0.05182239265055023,-0.1256619912072885,-0.012288259978905699,-0.0003155666679873172,-0.34249564589552917,0.22660863306978163,-0.00032158530625669567
1,7,890529,0.4,1.0500000000000003,363.12978091571347,-15.202128968910369,-59.457353779431465,58.19350449801986,83.19651966406727,3.6880154237398233,-1.3855613067852388,0.1328010779722969,0.24057385671084708,1,1,3,1,0.9892630242493307,-0.006357716205961388,-0.0025298884467282023,0.09420653486826762,0.11130646023024017,-8.10831600873468e-05,0.04030208995819704,-0.12703798170586936,-0.008801852169420551,-2.5049032744967325e-05,0.10879716831226713,0.21106586029292732,0.000663777597479716
1,7,890529,0.4,1.2000000000000004,360.82526314009345,-15.443944023313797,-58.91259276530442,57.94662068357356,82.63476529268146,3.593557556058428,-1.7804401220954513,0.21341916868805044,0.1328010779722969,1,1,3,1,0.9884343455227835,-0.009166458069729386,-0.0010628908974772667,-0.06279667244947147,0.14076508107690153,0.00020890754565655185,0.03523169033300992,-0.12035674748200528,-0.006357716205961388,-0.0025298884467282023,0.09420653486826762,0.11130646023024017,-8.10831600873468e-05
1,7,890529,0.4,1.3500000000000005,358.5585927796234,-14.944389134874683,-58.389460488095494,57.63328631533943,82.04221344891151,3.4235824102029855,-2.2460757931228215,0.15867253093206424,0.21341916868805044,1,1,3,1,0.9871026099101702,-0.009207714533213576,-0.00023046809097418533,-0.0953464410374685,0.11277252608279985,9.321979337826339e-06,0.03018631218352426,-0.10685595418842278,-0.009166458069729386,-0.0010628908974772667,-0.06279667244947147,0.14076508107690153,0.00020890754565655185
1,7,890529,0.4,1.5000000000000007,356.31692799863464,-14.944096370783136,-57.90310543966044,57.258313412931884,81.43269659326019,3.1406641915582467,-2.6296997128922097,0.1998369561835287,0.15867253093206424,1,1,3,1,0.9861124933171541,-0.00844626351918435,-0.0007117613625562008,0.0887162242273668,0.027476190025753165,0.00019355204281417746,0.021133772908996675,-0.08751970390542693,-0.009207714533213576,-0.00023046809097418533,-0.0953464410374685,0.11277252608279985,9.321979337826339e-06
1,7,890529,0.4,1.6500000000000008,354.113517132637,-14.561685662755524,-57.46808798281175,56.82519416189446,80.81883337401744,2.7695928636100584,-3.018206775727086,0.17463344685945542,0.1998369561835287,1,1,3,1,0.984865510710569,-0.01129602073087174,0.0012921159957354424,0.0127754672895543,0.02543847533182683,-6.058793992336862e-05,0.014548301483761631,-0.06638769618535545,-0.00844626351918435,-0.0007117613625562008,0.0887162242273668,0.027476190025753165,0.00019355204281417746
1,7,890529,0.4,1.800000000000001,351.94454304066073,-14.408656614600634,-57.09724535294989,56.3390705644364,80.2133798001275,2.316085816226731,-3.3544609966033754,0.19520819552298535,0.17463344685945542,1,1,3,1,0.9837757980021661,-0.010892462872239168,0.002856535029300809,0.0055540258346405275,0.0037668832997751634,0.00015669503463005687,0.010836389971118326,-0.045234892697530005,-0.01129602073087174,0.0012921159957354424,0.0127754672895543,0.02543847533182683,-6.058793992336862e-05
1,7,890529,0.4,1.950000000000001,349.81772555670807,-14.063691505098143,-56.79965197615395,55.805183434630734,79.62674778480529,1.8128501895041091,-3.663397245571008,0.17144254977724288,0.19520819552298535,1,1,3,1,0.9825576988621025,-0.0072910067059909515,0.004697189372099419,0.13278652337964728,-0.12450558782469863,0.00011603569094778087,0.00820891367637568,-0.02496686326516903,-0.010892462872239168,0.002856535029300809,0.0055540258346405275,0.0037668832997751634,0.00015669503463005687
1,7,890529,0.4,2.1000000000000005,347.7207964943269,-13.937382422840278,-56.57958062443278,55.22922023929773,79.06652712670225,1.2927498077783504,-3.930547196771333,0.1843400734960845,0.17144254977724288,1,1,3,1,0.9814878973514924,-0.007129570672962713,0.00983790106675441,0.07667260128199208,-0.051938217677917016,6.061241069371739e-05,0.011059332687825848,-0.010708475442557814,-0.0072910067059909515,0.004697189372099419,0.13278652337964728,-0.12450558782469863,0.00011603569094778087
1,7,890529,0.4,2.25,345.65477979435093,-13.691474249901697,-56.43651002534427,54.61662951598859,78.53697144356624,0.7865101319812933,-4.163498004050514,0.17321076981101347,0.1843400734960845,1,1,3,1,0.9803376152928768,-0.006142296044794817,0.012522101934478176,0.11992931229083462,-0.08423149547136753,0.00010734269422384596,0.019202670595071383,-0.0018456861874686019,-0.007129570672962713,0.00983790106675441,0.07667260128199208,-0.051938217677917016,6.061241069371739e-05
1,7,890529,0.4,2.3999999999999995,343.6153402136746,-13.548687382771165,-56.365117124935765,53.97202291699102,78.03848849292207,0.3259021365639354,-4.367299822411406,0.18502366795417274,0.17321076981101347,1,1,3,1,0.9792567800892561,-0.006400813775563094,0.013977252972097613,0.04871444974468189,-0.02943687255707263,8.303846645782901e-05,0.03284593072630019,0.001983922894242379,-0.006142296044794817,0.012522101934478176,0.11992931229083462,-0.08423149547136753,0.00010734269422384596
1,7,890529,0.4,2.549999999999999,341.60819598883654,-13.29718783547009,-56.35553095515138,53.29977953992169,77.56811437853365,-0.05936545049889075,-4.541502254120843,0.17368171898084722,0.18502366795417274,1,1,3,1,0.9781022324012221,-0.003899107175414388,0.015825380552567582,0.09568830029559126,0.014311810312640906,5.012910410178049e-05,0.049776100587046825,0.002476476857675348,-0.006400813775563094,0.013977252972097613,0.04871444974468189,-0.02943687255707263,8.303846645782901e-05
1,7,890529,0.4,2.6999999999999984,339.62816542048233,-13.151875391864523,-56.3948172075317,52.60446836002096,77.12072029818809,-0.35433178828640566,-4.684299826700684,0.1874352133130181,0.17368171898084722,1,1,3,1,0.9770184584747816,-0.0043609612257347954,0.015964083519933198,-0.051452469770517505,0.030893320470603294,9.893502301304025e-05,0.07016730412029404,0.0024096703299227207,-0.003899107175414388,0.015825380552567582,0.09568830029559126,0.014311810312640906,5.012910410178049e-05
1,7,890529,0.4,2.849999999999998,337.68245022893063,-12.881477269806844,-56.467646129532405,51.89179646512778,76.68998369923118,-0.5421074496105529,-4.785440180147175,0.1662770799926484,0.1874352133130181,1,1,3,1,0.9758488627437083,0.0008680224714960073,0.01590812555962071,-0.13500770709528226,0.006109888547243599,0.00010586245195708242,0.08918963054048276,0.0031805558653871476,-0.0043609612257347954,0.015964083519933198,-0.051452469770517505,0.030893320470603294,9.893502301304025e-05
1,7,890529,0.4,2.9999999999999973,335.75748380776747,-12.80911882555293,-56.56008453060659,51.16822919187908,76.27077317519489,-0.6467617587747503,-4.842987212221158,0.17616470047490834,0.1662770799926484,1,1,3,1,0.9748112937645541,0.004039569824821665,0.015762397493689784,0.026226531556971962,-0.02816104651302832,0.0001445112532538128,0.1010737936770297,0.004147466745603841,0.0008680224714960073,0.01590812555962071,-0.13500770709528226,0.006109888547243599,0.00010586245195708242
1,7,890529,0.4,3.149999999999997,333.8522764704568,-12.647677885464176,-56.659585957677805,50.4415464267913,75.8594640557236,-0.6672319030205451,-4.844912499682184,0.17264166624536742,0.17616470047490834,1,1,3,1,0.9737120260335906,0.0029511478908065165,0.016586465511729827,-0.07793088219873867,0.07963920944233668,-5.1865041030490514e-05,0.11060302521093651,0.0035890185461795107,0.004039569824821665,0.015762397493689784,0.026226531556971962,-0.02816104651302832,0.0001445112532538128
1,7,890529,0.4,3.2999999999999963,331.9679159493749,-12.519895424510482,-56.75713348740853,49.72026853106995,75.45513438136079,-0.6399464660392358,-4.789267358074858,0.17754464469493964,0.17264166624536742,1,1,3,1,0.9726347420362197,0.003873746014816878,0.01638125039491369,0.05569355505686894,0.028942096473847795,2.6022378553435204e-05,0.11698607343644131,0.00494965465363517,0.0029511478908065165,0.016586465511729827,-0.07793088219873867,0.07963920944233668,-5.1865041030490514e-05
1,7,890529,0.4,3.4499999999999957,330.10711200335453,-12.34822078096213,-56.846597846415044,49.0137867181043,75.05922311854724,-0.5751770710686541,-4.668460753613986,0.1760080920067863,0.17754464469493964,1,1,3,1,0.9715268634533234,0.0020164468436499176,0.01381128185355847,0.003906025716240318,0.012776905327510775,-3.246790778150447e-05,0.12347598128890913,0.008164684170986692,0.003873746014816878,0.01638125039491369,0.05569355505686894,0.028942096473847795,2.6022378553435204e-05
1,7,890529,0.4,3.599999999999995,328.2705611561851,-12.19155840948034,-56.92515590596012,48.33166927509263,74.67545533731146,-0.5004066542129593,-4.485162020125676,0.16775587359493932,0.1760080920067863,1,1,3,1,0.970428572959201,0.003665154473881626,0.014190130813253148,0.030398436198975372,-0.047492395762458256,3.8598299178179096e-05,0.13059707786763544,0.011658839982522547,0.0020164468436499176,0.01381128185355847,0.003906025716240318,0.012776905327510775,-3.246790778150447e-05
1,7,890529,0.4,3.7499999999999947,326.4497515436742,-12.112478743868145,-56.993117790736164,47.683440119464834,74.3096624749118,-0.43349382535554826,-4.238535500754906,0.17547024948189377,0.16775587359493932,1,1,3,1,0.9693817763079687,0.0022096954842767583,0.01739262849200224,-0.027137865498314876,0.023328572544819154,9.172029020850857e-07,0.1383387198254623,0.012932548366024074,0.003665154473881626,0.014190130813253148,0.030398436198975372,-0.047492395762458256,3.8598299178179096e-05
1,7,890529,0.4,3.899999999999994,324.64774793779566,-11.963959927787709,-57.051211933434445,47.07876945781648,73.96790734322478,-0.3693438224424628,-3.927030256536771,0.17298983797503287,0.17547024948189377,1,1,3,1,0.9682868419512017,0.0021782566054060564,0.014823019619452479,-0.02451445150155414,-0.0069598637906849335,-3.979314449216764e-07,0.1450258721391758,0.01357597958206279,0.0022096954842767583,0.01739262849200224,-0.027137865498314876,0.023328572544819154,9.172029020850857e-07
1,7,890529,0.4,4.049999999999994,322.8656306387823,-11.839307135299775,-57.101596837304626,46.52552361862697,73.65607041756635,-0.32495176303623996,-3.5693504058263503,0.17503506399241403,0.17298983797503287,1,1,3,1,0.9672073853622375,0.0023145353912954326,0.013494169164610558,-0.011037449722314465,-0.028120389889590158,3.452035863474746e-05,0.14980224398096556,0.013811236215394092,0.0021782566054060564,0.014823019619452479,-0.02451445150155414,-0.0069598637906849335,-3.979314449216764e-07
1,7,890529,0.4,4.199999999999993,321.104000211317,-11.696726172615218,-57.14665134432047,46.03006596600851,73.37919822881972,-0.29352049970039573,-3.171541973785806,0.1617248396634383,0.17503506399241403,1,1,3,1,0.9661151665629247,0.005870365511812637,0.015920511383782948,-0.005742007605044908,-0.043308564353146624,1.9989460546601843e-05,0.15333614255297073,0.012394319870619482,0.0023145353912954326,0.013494169164610558,-0.011037449722314465,-0.028120389889590158,3.452035863474746e-05
1,7,890529,0.4,4.3499999999999925,319.3514184609532,-11.67748668484842,-57.18924245502789,45.597323078621244,73.14181652458551,-0.2834857513280724,-2.7447743555522406,0.16384890211490571,0.1617248396634383,1,1,3,1,0.965106003563425,0.006401688965084054,0.013683754438975588,0.010512100183989272,-0.08128158713914431,7.945953691139756e-05,0.1560755827244615,0.008476302971151536,0.005870365511812637,0.015920511383782948,-0.005742007605044908,-0.043308564353146624,1.9989460546601843e-05
1,7,890529,0.4,4.499999999999992,317.6036389417134,-11.639072989135807,-57.22934432386716,45.22995102139808,72.94481695869705,-0.26177167862206785,-2.306228896752174,0.17668188110764477,0.16384890211490571,1,1,3,1,0.9640835864142279,0.0023705590097186325,0.010530001036388724,-0.04398394334202654,-0.02035761662219303,4.2422570483819216e-05,0.15872128646391498,0.0005751668270073595,0.006401688965084054,0.013683754438975588,0.010512100183989272,-0.08128158713914431,7.945953691139756e-05
1,7,890529,0.4,4.6499999999999915,315.87346049506704,-11.482253571718177,-57.26232689960632,44.92802476392603,72.78393704070513,-0.1994467307167005,-1.8727843280500924,0.1612181973093964,0.17668188110764477,1,1,3,1,0.9629810914761162,0.00503304627735087,0.010416666587655221,-0.004081513891676429,-0.026201720975343547,8.557710851993141e-05,0.15963570677813757,-0.009410111710911778,0.0023705590097186325,0.010530001036388724,-0.04398394334202654,-0.02035761662219303,4.2422570483819216e-05
1,7,890529,0.4,4.799999999999991,314.1525904843345,-11.46754513862514,-57.28345335263542,44.68960563512688,72.65366391192342,-0.11014240157922339,-1.4555386768187135,0.16488293102936946,0.1612181973093964,1,1,3,1,0.9619750899249057,0.005566914514507646,0.010219030530626122,0.0284288141795474,0.004857132596829914,2.3109858946375125e-05,0.1594122311122164,-0.020409990278274046,0.00503304627735087,0.010416666587655221,-0.004081513891676429,-0.026201720975343547,8.557710851993141e-05
1,7,890529,0.4,4.94999999999999,312.43728537839786,-11.419287830730413,-57.284170780299924,44.51134688574568,72.54471878482781,0.051263896190880676,-1.0635858253044828,0.1639882459663592,0.16488293102936946,1,1,3,1,0.9609462204352825,0.004290137646107863,0.0060734381399929795,0.011346382026272793,-0.012491259366359295,1.6341426933577424e-05,0.16000830355391807,-0.03130485172860625,0.005566914514507646,0.010219030530626122,0.0284288141795474,0.004857132596829914,2.3109858946375125e-05
1,7,890529,0.4,5.09999999999999,310.7187682252001,-11.571804160151737,-57.25439232918207,44.38831550594622,72.44575898173287,0.26082584821116317,-0.7055285605122689,0.25896585849297193,0.1639882459663592,1,1,3,0,0.9600541243772256,6.0226114281765504e-05,0.0033399047875059948,0.02874027150522286,0.016281205490344935,6.468460710028517e-05,0.16162979117428622,-0.04208367173338423,0.004290137646107863,0.0060734381399929795,0.011346382026272793,-0.012491259366359295,1.6341426933577424e-05
1,7,890529,0.4,5.249999999999989,308.982780693824,-11.574127794094592,-57.183361415425026,44.31464825919356,72.34448751012869,0.5857485120625427,-0.39377504572770494,0.24041074209135238,0.25896585849297193,1,1,3,0,0.9590596954806127,-0.00134787544124809,0.003691345490571176,-0.06906312102536992,0.06148824097789518,-7.623208665008118e-05,0.16659998812201737,-0.05189197715918594,6.0226114281765504e-05,0.0033399047875059948,0.02874027150522286,0.016281205490344935,6.468460710028517e-05
1,7,890529,0.4,5.399999999999989,307.2358751734447,-11.682148811488295,-57.055268237489344,44.28425758501055,72.22464332558123,0.9936607343248924,-0.11668340995509319,0.23917274081773632,0.24041074209135238,1,1,3,0,0.9581365182309819,-0.0004851549038341441,0.00019288338335103034,-0.02430375892643742,-0.0005697822348396742,-5.4354482490009156e-05,0.17175673966204832,-0.05859297453193936,-0.00134787544124809,0.003691345490571176,-0.06906312102536992,0.06148824097789518,-7.623208665008118e-05
1,7,890529,0.4,5.549999999999988,305.471895136328,-11.798869802936995,-56.856228752229875,44.29129566251714,72.07183652017201,1.4978658032622785,0.11928585712928719,0.24653367615456628,0.23917274081773632,1,1,3,0,0.9572180949062419,-0.005311148682609892,-0.0013817954206809863,-0.13294039257233226,0.04269065722523836,-5.715157352888394e-05,0.17701319883593733,-0.0638013140362505,-0.0004851549038341441,0.00019288338335103034,-0.02430375892643742,-0.0005697822348396742,-5.4354482490009156e-05
1,7,890529,0.4,5.699999999999988,303.6945188494533,-11.87441487137945,-56.57296622202653,44.32968697773802,71.87225928480883,2.085678229118908,0.3151707537177303,0.24364669147828333,0.24653367615456628,1,1,3,0,0.9562714055898083,-0.006031050804764964,-0.0036906399547293784,-0.0727234481120457,-0.003952017457345522,3.500170526684507e-05,0.1792936253750913,-0.06707363572547205,-0.005311148682609892,-0.0013817954206809863,-0.13294039257233226,0.04269065722523836,-5.715157352888394e-05
1,7,890529,0.4,5.849999999999987,301.9041502863289,-11.966470363555993,-56.1957265991029,44.39409141124365,71.61560612206657,2.7284658506670048,0.4778841063946653,0.2311928665678582,0.24364669147828333,1,1,3,0,0.9553358022945317,-0.005340287666143577,-0.0050090313220463615,-0.07888177642185927,-0.05939329160748003,3.862774450484248e-05,0.1791547289717055,-0.0694196316623405,-0.006031050804764964,-0.0036906399547293784,-0.0727234481120457,-0.003952017457345522,3.500170526684507e-05
1,7,890529,0.4,5.999999999999987,300.09296520353655,-12.12858605044092,-55.71960456839554,44.480419378884484,71.29643778885315,3.392798131247724,0.6160427757778729,0.22495939335486037,0.2311928665678582,1,1,3,0,0.9544480216869111,-0.006010023771384904,-0.0046170710794472755,-0.14309443519971823,-0.07091616857450693,1.9796430139283853e-05,0.17764811182586113,-0.07374777130771203,-0.005340287666143577,-0.0050090313220463615,-0.07888177642185927,-0.05939329160748003,3.862774450484248e-05
1,7,890529,0.4,6.149999999999986,298.25401314058826,-12.325159412633099,-55.143604177705,44.585130157770095,70.91298127206827,4.056077451389945,0.7309186692093518,0.23302295590630617,0.22495939335486037,1,1,3,0,0.9535841776164286,-0.007896548956753974,-0.005225798701223446,-0.14553761850589012,-0.038736993507118025,5.69584647470123e-05,0.17245216888711612,-0.08135323248028002,-0.006010023771384904,-0.0046170710794472755,-0.14309443519971823,-0.07091616857450693,1.9796430139283853e-05
1,7,890529,0.4,6.299999999999986,296.3902241628288,-12.475180795103215,-54.46951546988655,44.70407527016282,70.4654699926467,4.702019464569615,0.816025367019572,0.2292464944789952,0.23302295590630617,1,1,3,0,0.9526893694657484,-0.008241754675239896,-0.0025086439899708285,-0.19907468152399818,0.06877737910645605,3.266070551912965e-06,0.1626894337807072,-0.09102933648561437,-0.007896548956753974,-0.005225798701223446,-0.14553761850589012,-0.038736993507118025,5.69584647470123e-05
1,7,890529,0.4,6.449999999999985,294.50199454574914,-12.644454580676257,-53.703510935235094,44.83408750714332,69.95829106953013,5.2953327287809175,0.8849486509158387,0.22930209224587844,0.2292464944789952,1,1,3,0,0.951809062926949,-0.007176782057763423,-0.005092564080911418,-0.10417729238511601,-0.009512985705850732,-2.7473025168074394e-05,0.14673697166036634,-0.09813146850175927,-0.008241754675239896,-0.0025086439899708285,-0.19907468152399818,0.06877737910645605,3.266070551912965e-06
1,7,890529,0.4,6.5999999999999845,292.5886192478762,-12.811206725549521,-52.855131767162796,44.97270328559755,69.39891205875304,5.820509848111594,0.9373232800483801,0.2380195496405038,0.22930209224587844,1,1,3,0,0.9509285428927249,-0.010417448542713769,-0.005446509440281561,-0.10868520502349005,0.03582267288122352,-0.00010490803478497285,0.12760302853870326,-0.10375821811823452,-0.007176782057763423,-0.005092564080911418,-0.10417729238511601,-0.009512985705850732,-2.7473025168074394e-05
1,7,890529,0.4,6.749999999999984,290.65547879859133,-12.925502128863199,-51.93563272378005,45.117697327573666,68.79619581460825,6.268352519235277,0.9754420446598178,0.23338495595377357,0.2380195496405038,1,1,3,0,0.9500145478221053,-0.010763494040337442,-0.006034935350079867,-0.11697116515500322,0.020091031796508747,-2.8544990161685794e-05,0.10717773551288075,-0.10771199073050534,-0.010417448542713769,-0.005446509440281561,-0.10868520502349005,0.03582267288122352,-0.00010490803478497285
1,7,890529,0.4,6.8999999999999835,288.7028315474822,-13.063439407661425,-50.95731797180062,45.26819909106,68.1605318628533,6.632786399291582,1.011958843212024,0.24989007142281155,0.23338495595377357,1,1,3,0,0.9491183495912429,-0.013350424439690268,-0.00836087795869863,-0.04484167424735345,-0.013437876684438793,-1.572935999086812e-05,0.08525481687637802,-0.10985181054654293,-0.010763494040337442,-0.006034935350079867,-0.11697116515500322,0.020091031796508747,-2.8544990161685794e-05
1,7,890529,0.4,7.049999999999983,286.7390785276033,-13.105597506138372,-49.931414900002814,45.42263031421399,67.50082620663228,6.927375746180118,1.0330511456223102,0.2507437728483939,0.24989007142281155,1,1,3,0,0.9481587717169793,-0.016720109363062407,-0.00896657835088454,-0.09569399806779491,0.02865785691176526,-3.903140445172413e-05,0.06457406515947506,-0.11176084087846455,-0.013350424439690268,-0.00836087795869863,-0.04484167424735345,-0.013437876684438793,-1.572935999086812e-05
1,7,890529,0.4,7.199999999999982,284.769660997726,-13.141235040773775,-48.86788658799827,45.579832895159214,66.82508141654674,7.158059185306132,1.050141739909044,0.2585953479092258,0.2507437728483939,1,1,3,0,0.9471959156292413,-0.01869967824590718,-0.007935706719405623,-0.10640745293247185,0.0689701553587428,1.6899477725969103e-05,0.04460538292901681,-0.11246504417377716,-0.016720109363062407,-0.00896657835088454,-0.09569399806779491,0.02865785691176526,-3.903140445172413e-05
1,7,890529,0.4,7.349999999999982,282.7995067496666,-13.13079357975346,-47.774364995904165,45.73891693059531,66.13953789334917,7.344221148261699,1.060471022359509,0.2594541878451338,0.2585953479092258,1,1,3,0,0.94620290949327,-0.01947790629700658,-0.0092097145008064,-0.08871187631190139,0.03156818171185142,4.6326038946085407e-07,0.02408789498553205,-0.10980432686538052,-0.01869967824590718,-0.007935706719405623,-0.10640745293247185,0.0689701553587428,1.6899477725969103e-05
1,7,890529,0.4,7.499999999999981,280.831502634395,-13.114529485943697,-46.655915189480865,45.89903263254428,65.44841952844541,7.5020397967256915,1.0654886542796653,0.244608823629809,0.2594541878451338,1,1,3,0,0.9452066054119446,-0.017127130178930142,-0.008312482199272319,-0.008129123438665987,-0.043301113784845933,-2.4057665204301395e-05,0.0035586040803568357,-0.10463522500354398,-0.01947790629700658,-0.0092097145008064,-0.08871187631190139,0.03156818171185142,4.6326038946085407e-07
1,7,890529,0.4,7.649999999999981,278.8575947952853,-13.18175789438192,-45.514621963803236,46.06037004917192,64.75444773584725,7.653453501712001,1.0743536760276042,0.2571924041388801,0.244608823629809,1,1,3,0,0.9442673075292061,-0.02015970506780714,-0.00614313449579454,-0.09884099672548352,0.02521497742781519,-2.7617177456828498e-05,-0.01374777763921244,-0.10057959935344615,-0.017127130178930142,-0.008312482199272319,-0.008129123438665987,-0.043301113784845933,-2.4057665204301395e-05
1,7,890529,0.4,7.79999999999998,276.88081261292166,-13.176949138740435,-44.35082132870062,46.22096887952388,64.0575781363317,7.803696018095229,1.0616411324536608,0.2544540029062027,0.2571924041388801,1,1,3,0,0.9432796886973129,-0.02071019483593657,-0.006410720510179436,-0.07020398216108302,-0.025503045709041258,3.121807858659707e-05,-0.02987224032700014,-0.09643500264873604,-0.02015970506780714,-0.00614313449579454,-0.09884099672548352,0.02521497742781519,-2.7617177456828498e-05
1,7,890529,0.4,7.94999999999998,274.9031670191589,-13.188030421801226,-43.16353424897073,46.37745603304471,63.35581360032451,7.963433326427992,1.0259784299478276,0.2645926032327013,0.2544540029062027,1,1,3,0,0.942302585326153,-0.022958536213330025,-0.0075515926268856105,-0.06103477635535581,-0.02835824535632584,4.050690244217865e-05,-0.045422649822975926,-0.09285761682419104,-0.02071019483593657,-0.006410720510179436,-0.07020398216108302,-0.025503045709041258,3.121807858659707e-05
1,7,890529,0.4,8.09999999999998,272.92952437719487,-13.142522271185836,-41.952112810487144,46.524537578665516,62.64592856820385,8.124142350379701,0.948680067195494,0.2639783567959577,0.2645926032327013,1,1,3,0,0.9412865497297394,-0.023819364553330245,-0.00784083035285529,-0.12050749318899835,-0.0012447270554837057,2.4503936846394765e-05,-0.0595130483655837,-0.09079960252994557,-0.022958536213330025,-0.0075515926268856105,-0.06103477635535581,-0.02835824535632584,4.050690244217865e-05
1,7,890529,0.4,8.249999999999982,270.9622285731471,-13.101856799347035,-40.71663877291837,46.65576948114449,61.92419154774662,8.282639870468792,0.827959888406521,0.24632133224601277,0.2639783567959577,1,1,3,0,0.940272872839643,-0.021354402569028753,-0.005838313031455318,-0.14820668633042822,-0.01339450037487179,0.00010904587958534442,-0.07424053139063479,-0.08919047025501059,-0.023819364553330245,-0.00784083035285529,-0.12050749318899835,-0.0012447270554837057,2.4503936846394765e-05
1,7,890529,0.4,8.399999999999984,268.99090077987444,-13.162565667479674,-39.45777968943773,46.76523447522951,61.18744588184246,8.434734253330427,0.6699797125954499,0.25920834579323826,0.24632133224601277,1,1,3,0,0.9393269989238184,-0.022893739527625363,-0.007772331406116691,-0.05612676179174318,-0.0432365340231156,3.9720990482868886e-05,-0.09174707888694834,-0.08800789328534668,-0.021354402569028753,-0.005838313031455318,-0.14820668633042822,-0.01339450037487179,0.00010904587958534442
1,7,890529,0.4,8.549999999999986,267.0174919148728,-13.153125781319384,-38.18110957838647,46.84440710941829,60.43339810129556,8.533946924930577,0.44542917987131936,0.2544106001247499,0.25920834579323826,1,1,3,0,0.9383316388759724,-0.022532302252875013,-0.006196826165012714,-0.06496500265372096,-0.0182202803403197,-6.5023295888012395e-06,-0.1089166208129752,-0.0885239199427884,-0.022893739527625363,-0.007772331406116691,-0.05612676179174318,-0.0432365340231156,3.9720990482868886e-05
1,7,890529,0.4,8.699999999999989,265.04251378898357,-13.173558870638706,-36.89535502377933,46.88426531893031,59.660720384743684,8.572830123597004,0.16419429338381564,0.252025951041315,0.2544106001247499,1,1,3,0,0.9373547021714932,-0.02464387810229766,-0.004350175530804644,-0.06992051310126143,0.04453087362700418,3.8712187328337756e-05,-0.12442270240590053,-0.0902536499592236,-0.022532302252875013,-0.006196826165012714,-0.06496500265372096,-0.0182202803403197,-6.5023295888012395e-06
1,7,890529,0.4,8.84999999999999,263.06279587504537,-13.210731250515831,-35.612036429983284,46.876025956649244,58.869168060869605,8.526793192975687,-0.17587103225529965,0.2603288772791764,0.252025951041315,1,1,3,0,0.9363869225194946,-0.025796693703264862,-0.005311086041421564,-0.09506327393575152,0.02320916019214787,6.793013087109305e-05,-0.13867799010408036,-0.09040310418795369,-0.02464387810229766,-0.004350175530804644,-0.06992051310126143,0.04453087362700418,3.8712187328337756e-05
1,7,890529,0.4,8.999999999999993,261.08184730591074,-13.204457802004168,-34.346460722444505,46.81029301034397,58.05930498957665,8.37043438711461,-0.5800491803055138,0.2525321192749224,0.2603288772791764,1,1,3,0,0.9353872596307427,-0.02460163121881942,-0.0033328258604058765,-0.018405492749950066,0.025375939013498404,-1.1261859666295943e-05,-0.1527099557428014,-0.08872720008634064,-0.025796693703264862,-0.005311086041421564,-0.09506327393575152,0.02320916019214787,6.793013087109305e-05
1,7,890529,0.4,9.149999999999995,259.0972156032393,-13.244365943341222,-33.11466136471705,46.67944193977715,57.23243046655375,8.110018408887559,-1.0282759836714657,0.24867030715990734,0.2525321192749224,1,1,3,0,0.934417536292727,-0.024657924854072456,-0.0006107084255625241,-0.03678243487497135,0.05338161156817251,-3.6908880193547943e-05,-0.16417256818880002,-0.08568352081823075,-0.02460163121881942,-0.0033328258604058765,-0.018405492749950066,0.025375939013498404,-1.1261859666295943e-05
1,7,890529,0.4,9.299999999999997,257.10424966739873,-13.307644259065087,-31.932968155195883,46.4775604096531,56.39040766685153,7.739384945284154,-1.5132709403296116,0.25240884294976684,0.24867030715990734,1,1,3,0,0.9334626423132331,-0.026546104112128554,-0.0010007810878042646,-0.026780718109105976,0.04224858780168956,-2.25784584473965e-05,-0.17253832726373536,-0.08036536245839805,-0.024657924854072456,-0.0006107084255625241,-0.03678243487497135,0.05338161156817251,-3.6908880193547943e-05
1,7,890529,0.4,9.45,255.10371565360276,-13.351584835378114,-30.818392747003713,46.19944296993032,55.53523082008766,7.254544467948396,-2.0316898379395,0.25890678982788917,0.25240884294976684,1,1,3,0,0.932493392356306,-0.02810014036321725,0.0010907364831893053,-0.09828656780262364,0.09324358697798929,-3.3598085573476865e-05,-0.17790293068557553,-0.07284749241559012,-0.026546104112128554,-0.0010007810878042646,-0.026780718109105976,0.04224858780168956,-2.25784584473965e-05
1,7,890529,0.4,9.600000000000001,253.10017752609565,-13.359605962882508,-29.78706681042106,45.84163214418029,54.669228884362646,6.666017443738742,-2.567675688042846,0.24451055223406515,0.25890678982788917,1,1,3,0,0.9314991902833669,-0.024368936034870028,0.0018312140763893463,0.03612798864977546,-0.01854431479385534,5.617298341395993e-05,-0.18283608852604272,-0.061631320845939176,-0.02810014036321725,0.0010907364831893053,-0.09828656780262364,0.09324358697798929,-3.3598085573476865e-05
1,7,890529,0.4,9.750000000000004,251.08747911997978,-13.447109763787056,-28.849650654810564,45.40370494966116,53.79404024667135,6.023698529543188,-3.0994946367274547,0.24755424180748503,0.24451055223406515,1,1,3,0,0.9305602697627883,-0.024652525886676206,0.006208878683581614,0.05862853454050719,0.04284975769725415,1.6736704808712947e-06,-0.18376240911298122,-0.05020411317409769,-0.024368936034870028,0.0018312140763893463,0.03612798864977546,-0.01854431479385534,5.617298341395993e-05
1,7,890529,0.4,9.900000000000006,249.06351054819476,-13.515867518630913,-28.014012733342845,44.88710708401307,52.911598839909864,5.330562504576628,-3.619034259014479,0.25162259549369315,0.24755424180748503,1,1,3,0,0.9296096614742475,-0.025691620419219262,0.007707265367155352,0.012766122326686589,0.04451946866537571,2.6685099943546982e-05,-0.17769178569081157,-0.038424043490570825,-0.024652525886676206,0.006208878683581614,0.05862853454050719,0.04284975769725415,1.6736704808712947e-06
1,7,890529,0.4,10.050000000000008,247.03179650381938,-13.558780560146815,-27.284676448517622,44.294489275538844,52.02360376868482,4.617536637031235,-4.118011831761736,0.26335280867770827,0.25162259549369315,1,1,3,0,0.9286434307075516,-0.02501202177872156,0.007744479571414532,-0.08570038344059475,0.022257846435270023,2.6462131090408858e-05,-0.1663049397147935,-0.025219486403203005,-0.025691620419219262,0.007707265367155352,0.012766122326686589,0.04451946866537571,2.6685099943546982e-05
1,7,890529,0.4,10.20000000000001,245.00068346105357,-13.531302901651674,-26.662229117069273,43.62987114857927,51.13159608239045,3.9077545854526643,-4.587260247848732,0.25462698601461403,0.26335280867770827,1,1,3,0,0.9276321559222294,-0.020113648155294837,0.012262491331535388,-0.012543406944095767,0.002443691805017063,6.600813729076088e-05,-0.15437569021291542,-0.011500521492881173,-0.02501202177872156,0.007744479571414532,-0.08570038344059475,0.022257846435270023,2.6462131090408858e-05
1,7,890529,0.4,10.350000000000012,242.9692491810371,-13.548318899040668,-26.14135835549269,42.89951619329715,50.23683017756248,3.248702740359719,-5.009308008313425,0.2693936738027719,0.25462698601461403,1,1,3,0,0.9266543882959332,-0.021143797975270558,0.012143845466746952,0.04168127049838191,-0.0010263343261481387,7.668975138540428e-05,-0.14113335556313472,0.001474084870272254,-0.020113648155294837,0.012262491331535388,-0.012543406944095767,0.002443691805017063,6.600813729076088e-05
1,7,890529,0.4,10.500000000000014,240.9439650141238,-13.478239707817629,-25.715787295666775,42.11030590331103,49.34145903301207,2.627119058233725,-5.386252489113092,0.2542154574472316,0.2693936738027719,1,1,3,0,0.9256199165885304,-0.016958434580582632,0.01367995054522023,-0.05684271747566098,-0.058955415797009185,2.440344498722155e-05,-0.1233534746562483,0.013213036961530414,-0.021143797975270558,0.012143845466746952,0.04168127049838191,-0.0010263343261481387,7.668975138540428e-05
1,7,890529,0.4,10.650000000000016,238.9210438711435,-13.489686723108512,-25.375000479757556,41.26934593006032,48.446357580758146,2.090579843469687,-5.715444253285422,0.266859414690226,0.2542154574472316,1,1,3,0,0.9246437292319329,-0.01383625788259011,0.01881473352876678,-0.11315295749971767,0.01851489544089014,1.4854985344464539e-05,-0.10410773766314117,0.02157286396454949,-0.016958434580582632,0.01367995054522023,-0.05684271747566098,-0.058955415797009185,2.440344498722155e-05
1,7,890529,0.4,10.800000000000018,236.90398285817963,-13.42546243323733,-25.108509961804003,40.384408319886376,47.553524662734716,1.6151462231942206,-5.990777515863764,0.27022917988635065,0.266859414690226,1,1,3,0,0.9236189890795223,-0.012589833289725677,0.019289788489158365,0.04237247993509193,0.0004971280602784516,-1.1486431562062204e-05,-0.08746184559288893,0.028460413424571063,-0.01383625788259011,0.01881473352876678,-0.11315295749971767,0.01851489544089014,1.4854985344464539e-05
1,7,890529,0.4,10.95000000000002,234.89874224653153,-13.339413154530273,-24.90758601785393,39.46260588062626,46.66567372412437,1.1961080850836716,-6.221905530784266,0.26392019816642265,0.27022917988635065,1,1,3,0,0.9225813090287589,-0.010674786806639653,0.021066405438446015,-0.054172785638639885,0.02965955594092033,-7.290651363821082e-05,-0.06859176816930787,0.03462980432864271,-0.012589833289725677,0.019289788489158365,0.04237247993509193,0.0004971280602784516,-1.1486431562062204e-05
1,7,890529,0.4,11.100000000000023,232.90303577866453,-13.287145072741048,-24.76396728511283,38.51023078136325,45.785280937567656,0.8310939460502567,-6.412386905847553,0.2690129837445961,0.26392019816642265,1,1,3,0,0.9215678554677997,-0.007927891251953638,0.020700551760857958,-0.10680964448166616,-0.01604300676701084,5.343473116258829e-06,-0.048500507611738415,0.04084498942424343,-0.010674786806639653,0.021066405438446015,-0.054172785638639885,0.02965955594092033,-7.290651363821082e-05
1,7,890529,0.4,11.250000000000025,230.91827691342732,-13.20389487994372,-24.671499128625104,37.53305653318162,44.915623139134524,0.4997770176130485,-6.565672572579287,0.2770037673353356,0.2690129837445961,1,1,3,0,0.9205348456102205,-0.00730712516120038,0.022045876587619393,-0.10423846401812224,0.03191209808713109,6.483630417076972e-05,-0.03106498965682192,0.04592678728942137,-0.007927891251953638,0.020700551760857958,-0.10680964448166616,-0.01604300676701084,5.343473116258829e-06
1,7,890529,0.4,11.400000000000027,228.95066495198645,-13.074123727013104,-24.627590182820256,36.53639282339864,44.061618204040585,0.177367922350242,-6.684537153140744,0.26933789629987714,0.2770037673353356,1,1,3,0,0.9194711511436529,-0.003944319690107766,0.02396870336018043,-0.052539415744172445,0.029365824707467056,-5.051538964676612e-05,-0.01704348903342452,0.050852808655821286,-0.00730712516120038,0.022045876587619393,-0.10423846401812224,0.03191209808713109,6.483630417076972e-05
1,7,890529,0.4,11.55000000000003,226.99813060855186,-12.988292597470592,-24.632187057259486,35.52437874196204,43.228765009264215,-0.14848514467342877,-6.779086768106769,0.2697260404476223,0.26933789629987714,1,1,3,0,0.9184368936218613,-0.0027820531801004598,0.023807145149123975,0.07575961957125259,-0.002962098479896639,-2.2009944927114205e-05,-0.004393487919837911,0.05635583355659509,-0.003944319690107766,0.02396870336018043,-0.052539415744172445,0.029365824707467056,-5.051538964676612e-05
1,7,890529,0.4,11.700000000000031,225.05867473478202,-12.900454123984952,-24.6875200836311,34.50016060061954,42.42328051139173,-0.4933806627172601,-6.854414886387179,0.28539534309911707,0.2697260404476223,1,1,3,0,0.9174011456265425,-0.005414192044038005,0.023938257701271295,-0.1271648348044754,0.03846279070979519,-0.0001183673334260967,0.012540145618544477,0.061146649952384655,-0.0027820531801004598,0.023807145149123975,0.07575961957125259,-0.002962098479896639,-2.2009944927114205e-05
1,7,890529,0.4,11.850000000000033,223.1413321072956,-12.723295749748965,-24.796884856553955,33.46682995749759,41.65230132889722,-0.8611976542372979,-6.9082641261833455,0.27980214116711755,0.28539534309911707,1,1,3,0,0.916305227509042,-0.0034086331480549107,0.02215037958737669,0.08854575264248625,-0.03950557417659722,9.065461695356085e-05,0.028297360335238678,0.06618725111187686,-0.005414192044038005,0.023938257701271295,-0.1271648348044754,0.03846279070979519,-0.0001183673334260967
1,7,890529,0.4,12.000000000000036,221.2472714063839,-12.579095275094316,-24.963054526304827,32.42592467274699,40.92181181431157,-1.2445824483463133,-6.957588533186831,0.2873512063822288,0.27980214116711755,1,1,3,0,0.9152307872869603,-0.0035584238123498374,0.02220324496974904,-0.06670229762632925,-0.009681996097256668,-2.6382005259833766e-05,0.04716799643435789,0.06936365171089043,-0.0034086331480549107,0.02215037958737669,0.08854575264248625,-0.03950557417659722,9.065461695356085e-05
1,7,890529,0.4,12.150000000000038,219.37902469167082,-12.393110399312041,-25.186973635454784,31.378503998577486,40.23672643371771,-1.6284269362472688,-6.99857488592351,0.27265253457922334,0.2873512063822288,1,1,3,0,0.9141273586544525,9.232070552402588e-06,0.023245013041389144,-0.031814332859477525,-0.01626549698201624,2.6099223263529682e-05,0.06701442597509008,0.07050324858238875,-0.0035584238123498374,0.02220324496974904,-0.06670229762632925,-0.009681996097256668,-2.6382005259833766e-05
1,7,890529,0.4,12.30000000000004,217.5300277150527,-12.293631784888465,-25.4671966067907,30.324416909071758,39.59985307907252,-1.9978475462222285,-7.044939078605206,0.2739810990606021,0.27265253457922334,1,1,3,0,0.9130803729216684,0.003090347353131508,0.024734770163181676,0.012969969771513793,-0.026017653091525865,1.9556929817439952e-05,0.08610035483995074,0.07003190402511168,9.232070552402588e-06,0.023245013041389144,-0.031814332859477525,-0.01626549698201624,2.6099223263529682e-05
1,7,890529,0.4,12.450000000000042,215.69643531402252,-12.189387083629342,-25.799141141722597,29.26363630513807,39.01225568266873,-2.3276577787585095,-7.088703488863732,0.28000953711556986,0.2739810990606021,1,1,3,0,0.9120282855012757,0.0023336673721206717,0.025914904857558218,-0.1490674122830583,0.08843807371724802,-6.563796345435414e-06,0.10659971268285659,0.06754319437932589,0.003090347353131508,0.024734770163181676,0.012969969771513793,-0.026017653091525865,1.9556929817439952e-05
1,7,890529,0.4,12.600000000000044,213.88164128548695,-12.053570176549465,-26.17462489059145,28.19682523238368,38.47300275971136,-2.59588419597319,-7.126426379575978,0.2708839100342728,0.28000953711556986,1,1,3,0,0.9109530488787521,0.007235315726761105,0.02484910328251325,0.05312994213377264,-0.019809456077328227,0.00014712470983903743,0.12317455962274938,0.06716646784410488,0.0023336673721206717,0.025914904857558218,-0.1490674122830583,0.08843807371724802,-6.563796345435414e-06
1,7,890529,0.4,12.750000000000046,212.0816485174062,-11.973506195185278,-26.58275920769352,27.12455216706048,37.97873638442701,-2.78613124362439,-7.161290389923369,0.28116887416542846,0.2708839100342728,1,1,3,0,0.9099128546642204,0.006166768173204176,0.02418161834535263,-0.04481336772977845,0.05252503881878611,-4.18332912160885e-05,0.14047455280815335,0.06685328391517117,0.007235315726761105,0.02484910328251325,0.05312994213377264,-0.019809456077328227,0.00014712470983903743
1,7,890529,0.4,12.900000000000048,210.29917162973075,-11.838491319224547,-27.008952559768993,26.0489481873974,37.52374208478635,-2.869224338988678,-7.176283121382403,0.26807605867864653,0.28116887416542846,1,1,3,0,0.9088331661874253,0.008494892406673128,0.024870633202149144,-0.09108951825191645,0.04976178582773688,4.455085888916131e-05,0.15840737489522355,0.06733249296031762,0.006166768173204176,0.02418161834535263,-0.04481336772977845,0.05252503881878611,-4.18332912160885e-05
1,7,890529,0.4,13.05000000000005,208.52902499736055,-11.782684523485438,-27.437069556092634,24.972861863982303,37.10035869777281,-2.8462246362052674,-7.172347529239034,0.26638407141007814,0.26807605867864653,1,1,3,0,0.9078037541220991,0.01103211276450322,0.024607264304699082,-0.07375682735233864,0.01665191363664184,9.205630809623855e-05,0.17336733988453898,0.06976353085477806,0.008494892406673128,0.024870633202149144,-0.09108951825191645,0.04976178582773688,4.455085888916131e-05
1,7,890529,0.4,13.200000000000053,206.76582603925547,-11.741061031606622,-27.84980834360894,23.900664571718117,36.69950397138266,-2.704079068719852,-7.13432414121719,0.2718208890158001,0.26638407141007814,1,1,3,0,0.9067808392878844,0.008656392479386639,0.02414073355738053,-0.012005531555658935,0.0361549680745376,-2.7204163462266396e-05,0.18525202610698493,0.07275880846018423,0.01103211276450322,0.024607264304699082,-0.07375682735233864,0.01665191363664184,9.205630809623855e-05
1,7,890529,0.4,13.350000000000055,205.01164878118877,-11.671665186016089,-28.229541859959845,22.838699954677182,36.31133775066676,-2.445675154912635,-7.049987117824772,0.25029574866671617,0.2718208890158001,1,1,3,0,0.9057370470740637,0.01170291921099274,0.02460039344716669,-0.0014932269953759805,-0.032897525476929014,2.3625348702093733e-06,0.1968583968149261,0.07640765531476668,0.008656392479386639,0.02414073355738053,-0.012005531555658935,0.0361549680745376,-2.7204163462266396e-05
1,7,890529,0.4,13.500000000000057,203.25529228809245,-11.728164240506715,-28.56176828755601,21.793237829353103,35.92658935661424,-2.1010805728290087,-6.926491112969149,0.25295744929181285,0.25029574866671617,1,1,3,0,0.9047759113991836,0.010045959268494631,0.024978360161566654,0.0036267842406723125,-0.018483450122445164,-9.480128541170467e-06,0.20966425069183423,0.0785004358411613,0.01170291921099274,0.02460039344716669,-0.0014932269953759805,-0.032897525476929014,2.3625348702093733e-06
1,7,890529,0.4,13.650000000000059,201.49159758827543,-11.773341216159231,-28.83269758750301,20.771941895399664,35.535869488142,-1.6621180539087803,-6.74626295035686,0.24738128671271203,0.25295744929181285,1,1,3,0,0.9038045547939031,0.009243006678545364,0.024898979428679614,-0.11601327539089795,-0.010245363973101296,8.495729654171177e-05,0.22399392164787282,0.07842863053668264,0.010045959268494631,0.024978360161566654,0.0036267842406723125,-0.018483450122445164,-9.480128541170467e-06
1,7,890529,0.4,13.800000000000061,199.717612813755,-11.853578337077032,-29.030867765701977,19.782937176925998,35.13055488568142,-1.1567284644871363,-6.513243477962991,0.25467536858569617,0.24738128671271203,1,1,3,0,0.9028546106529263,0.0069054179468306266,0.02340791152913327,-0.0721751126531438,-0.005962213057142219,7.981953437756165e-05,0.23547840923889485,0.07690607308530811,0.009243006678545364,0.024898979428679614,-0.11601327539089795,-0.010245363973101296,8.495729654171177e-05
1,7,890529,0.4,13.950000000000063,197.93545453878974,-11.895068013333688,-29.147479511842093,18.834824191834684,34.703402775960974,-0.5968846149539598,-6.220798706236774,0.24468328481113594,0.25467536858569617,1,1,3,0,0.9018766572375573,0.007765470297775575,0.026187255672384408,-0.19777348837890993,0.053186762464985854,-5.1138988319659094e-05,0.24384819926798423,0.07435761744240474,0.0069054179468306266,0.02340791152913327,-0.0721751126531438,-0.005962213057142219,7.981953437756165e-05
1,7,890529,0.4,14.100000000000065,196.1412476478849,-11.994595283034077,-29.179002394910473,17.935996526968047,34.25075403808799,-0.029192537672552143,-5.874097866848799,0.2500905535154674,0.24468328481113594,1,1,3,0,0.9009370734238825,0.007149078360868387,0.023090411315207206,-0.13446406212663703,-0.010035049778100054,-1.5438514344957552e-05,0.245494906594916,0.07308521133844956,0.007765470297775575,0.026187255672384408,-0.19777348837890993,0.053186762464985854,-5.1138988319659094e-05
1,7,890529,0.4,14.250000000000068,194.33523005277385,-12.062679381823495,-29.125228760727726,17.094696320527575,33.7714019942285,0.536964082592845,-5.472423234182145,0.24859534911737757,0.2500905535154674,1,1,3,0,0.8999767256983832,0.006335129566961195,0.02460697723130847,-0.22641988279335562,0.04526765413599484,-8.775701759429043e-05,0.24097570563440104,0.07177036410770363,0.007149078360868387,0.023090411315207206,-0.13446406212663703,-0.010035049778100054,-1.5438514344957552e-05
1,7,890529,0.4,14.40000000000007,192.5184351470681,-12.136145184522107,-28.98972537295333,16.318913695294356,33.26726801818448,1.0688377091647205,-5.0186131489432855,0.26216747452916367,0.24859534911737757,1,1,3,0,0.8990221195577723,0.003571217810709587,0.022918630809598446,-0.06608465030759353,0.03868042168413837,-3.0639638577984385e-05,0.22849830861871526,0.07131477120494407,0.006335129566961195,0.02460697723130847,-0.22641988279335562,0.04526765413599484,-8.775701759429043e-05
1,7,890529,0.4,14.550000000000072,190.6988282026311,-12.127394193335402,-28.777815095011913,15.61639301237672,32.74193598979303,1.565661695684315,-4.513446468796515,0.25660712658464113,0.26216747452916367,1,1,3,0,0.8980153964555805,0.002238041109980201,0.01917573789406619,-0.12434355647733902,-0.03611724392034366,-8.843755788122701e-05,0.21293782330402428,0.07241206266657195,0.003571217810709587,0.022918630809598446,-0.06608465030759353,0.03868042168413837,-3.0639638577984385e-05
1,7,890529,0.4,14.700000000000074,188.8780349821689,-12.143622911314864,-28.49748159900691,14.992734719658053,32.20075390204052,2.0016632907743013,-3.9784870165655626,0.24644189372343067,0.25660712658464113,1,1,3,0,0.8970300250894955,0.004819328678901641,0.02090182305672727,-0.08186749706307446,-0.06736691233688633,1.0738784607096087e-05,0.19529753253737134,0.07216947968592258,0.002238041109980201,0.01917573789406619,-0.12434355647733902,-0.03611724392034366,-8.843755788122701e-05
1,7,890529,0.4,14.850000000000076,187.04955092065651,-12.212372304955188,-28.15741098774989,14.45167948226586,31.649499733664076,2.3819780143716995,-3.421560723033413,0.2523064402239485,0.24644189372343067,1,1,3,0,0.8960836882175974,0.002700510892211029,0.019838607893147002,-0.1671699942252194,-0.019215837892143765,1.528185173724084e-05,0.17620629693083387,0.06819493498022448,0.004819328678901641,0.02090182305672727,-0.08186749706307446,-0.06736691233688633,1.0738784607096087e-05
1,7,890529,0.4,15.000000000000078,185.21474977800213,-12.241106513467523,-27.76379826422405,13.995428294579952,31.091807718517423,2.728357120944452,-2.853588201168648,0.26557613807460145,0.2523064402239485,1,1,3,0,0.8951148314871374,-0.0013478738366807007,0.015528138103738778,-0.06198589145611436,-0.04668359970912717,4.494362733373004e-05,0.15341736877737513,0.061951943398845306,0.002700510892211029,0.019838607893147002,-0.1671699942252194,-0.019215837892143765,1.528185173724084e-05
1,7,890529,0.4,15.15000000000008,183.38399704933516,-12.186261721572837,-27.320459287464313,13.624051663972125,30.52903993610963,3.053838151036771,-2.290359106354862,0.26733939050284394,0.26557613807460145,1,1,3,0,0.8940950191169311,-0.004513213723059976,0.01471795781483711,-0.07266342280739727,0.011382399317528278,-5.475727571780845e-05,0.12963387078248445,0.05352139018434226,-0.0013478738366807007,0.015528138103738778,-0.06198589145611436,-0.04668359970912717,4.494362733373004e-05
1,7,890529,0.4,15.300000000000082,181.5631521137275,-12.114728777039497,-26.82987542583955,13.335363136442425,29.961210345158896,3.365562309923123,-1.7463013894641906,0.26204878305595936,0.26733939050284394,1,1,3,0,0.8930684358574003,-0.004979166681652529,0.012981369126475798,-0.02723097676109012,-0.02824963183707183,-1.709874125893786e-05,0.10651423343966217,0.04474659214123412,-0.004513213723059976,0.01471795781483711,-0.07266342280739727,0.011382399317528278,-5.475727571780845e-05
1,7,890529,0.4,15.450000000000085,179.7505059589925,-12.06864582632558,-26.292365817046257,13.125116915988503,29.386343670415176,3.680923231449909,-1.2348245688518662,0.25325371317396916,0.26204878305595936,1,1,3,0,0.8920621685304653,-0.0036909275330413186,0.010409527870953759,0.0025811518754398706,-0.09529004637168999,6.392628582992448e-05,0.08551160399599687,0.0352847827089815,-0.004979166681652529,0.012981369126475798,-0.02723097676109012,-0.02824963183707183,-1.709874125893786e-05
1,7,890529,0.4,15.600000000000087,177.94007339258496,-12.069669828709927,-25.705490904030736,12.987293976665752,28.80003589326835,4.018653497956492,-0.7674779874278675,0.2649292796566036,0.25325371317396916,1,1,3,0,0.8910896742718772,-0.007736593461962266,0.010187271266898796,0.0054515771718015825,-0.007335285698839485,4.759317247755877e-05,0.06836243487972113,0.022071765982473374,-0.0036909275330413186,0.010409527870953759,0.0025811518754398706,-0.09529004637168999,6.392628582992448e-05
1,7,890529,0.4,15.750000000000089,176.13652823524663,-12.000394115357667,-25.064544112751523,12.914951603881878,28.196229295965768,4.391399126140857,-0.34728922747058144,0.2728097006412674,0.2649292796566036,1,1,3,0,0.8900723458379959,-0.013033936038736099,0.006077165447862903,-0.14143717495002056,0.03723357232034693,1.7623966571032777e-05,0.05552427411941492,0.007418942445808541,-0.007736593461962266,0.010187271266898796,0.0054515771718015825,-0.007335285698839485,4.759317247755877e-05
1,7,890529,0.4,15.900000000000091,174.3481423474926,-11.883529367838406,-24.36428144008279,12.899678061691757,27.568458502187866,4.797561458791069,0.013261115622412056,0.2618799870752555,0.2728097006412674,1,1,3,0,0.8890247565875333,-0.011521160733093522,0.004542951422974519,-0.033508352762385396,-0.016193262266408555,8.939796220365398e-05,0.04147324145335146,-0.005263185872282469,-0.013033936038736099,0.006077165447862903,-0.14143717495002056,0.03723357232034693,1.7623966571032777e-05
1,7,890529,0.4,16.050000000000093,172.57105800771137,-11.829002007361595,-23.600151524013054,12.93295742230094,26.91149456353966,5.231696950257668,0.3188218336819726,0.2616426298209062,0.2618799870752555,1,1,3,0,0.8880191374371644,-0.012651058575702815,0.001485166918805486,-0.14451862417153896,0.014164095403189112,-4.577305769144605e-05,0.027595294347402016,-0.017195152780181754,-0.011521160733093522,0.004542951422974519,-0.033508352762385396,-0.016193262266408555,8.939796220365398e-05
1,7,890529,0.4,16.200000000000095,170.80205806162365,-11.775484274499412,-22.769574023737317,13.006473783363738,26.22254490890961,5.676836233475871,0.5687482528566052,0.26822386394034436,0.2616426298209062,1,1,3,0,0.8870144297386522,-0.014215237838492883,0.0007837314221980583,-0.18556114847073377,0.06809826028225015,3.372597577077205e-06,0.011700777596656942,-0.02818677848554804,-0.012651058575702815,0.001485166918805486,-0.14451862417153896,0.014164095403189112,-4.577305769144605e-05
1,7,890529,0.4,16.350000000000097,169.0448835029023,-11.68405533584554,-21.873543197866073,13.112535326774879,25.502754257625437,6.105263910023107,0.7700946177413068,0.26012512182653524,0.26822386394034436,1,1,3,0,0.8859844501011211,-0.013299713018601889,-0.0022131635448240116,0.04106518023822191,-0.022145394109692032,2.58278223602855e-05,-0.009571850113696472,-0.035713898268459054,-0.014215237838492883,0.0007837314221980583,-0.18556114847073377,0.06809826028225015,3.372597577077205e-06
1,7,890529,0.4,16.5000000000001,167.2966523651051,-11.640398394384908,-20.917224614074037,13.244634391471376,24.757839681995097,6.491316912813673,0.9307201225297199,0.25731385826320163,0.26012512182653524,1,1,3,0,0.8849855696333072,-0.015357362274451277,-0.002680486246496849,-0.07808103008802192,-0.0062795195956739415,-5.498521810625784e-05,-0.028280223067503184,-0.042294939054169735,-0.013299713018601889,-0.0022131635448240116,0.04106518023822191,-0.022145394109692032,2.58278223602855e-05
1,7,890529,0.4,16.6500000000001,165.5532114474095,-11.614370006766814,-19.90935817514505,13.397526510114485,23.997421935187862,6.811670191402209,1.0589896168743889,0.2593736008014181,0.25731385826320163,1,1,3,0,0.8839974844175765,-0.016983270474879596,-0.0017644576160524119,-0.043205055083256255,-0.0027180761176161814,-4.3583590599818724e-06,-0.04489892672961553,-0.048995386671625514,-0.015357362274451277,-0.002680486246496849,-0.07808103008802192,-0.0062795195956739415,-5.498521810625784e-05
1,7,890529,0.4,16.800000000000104,163.81469468834325,-11.578189238558323,-18.86195087439169,13.566988466205757,23.23437898524782,7.044753247111146,1.1612849636747131,0.26875279220870885,0.2593736008014181,1,1,3,0,0.883001489790499,-0.020544374727757855,-0.002411429195266585,-0.1656219231737305,0.10243839232490436,-5.262886926100055e-06,-0.06038588573549421,-0.05540354446252114,-0.016983270474879596,-0.0017644576160524119,-0.043205055083256255,-0.0027180761176161814,-4.3583590599818724e-06
1,7,890529,0.4,16.950000000000106,162.08676395659796,-11.49048180749014,-17.790498140616048,13.749282165205864,22.484318627650495,7.166671005434141,1.239626877423375,0.26756895858693064,0.26875279220870885,1,1,3,0,0.8819694790684174,-0.020323156057695285,-0.004285538052549153,-0.12183686368796344,0.049961933899177774,-2.467614175517357e-05,-0.07861926668421326,-0.05758366597202529,-0.020544374727757855,-0.002411429195266585,-0.1656219231737305,0.10243839232490436,-5.262886926100055e-06
1,7,890529,0.4,17.100000000000108,160.3710256510711,-11.412486185396881,-16.712395674104943,13.942186104831649,21.764391159635096,7.170812336881835,1.3078724184817203,0.2537993545157573,0.26756895858693064,1,1,3,0,0.8809420142674437,-0.018371419779947062,-0.006260766733009146,0.02905509239061343,-0.036262484207200824,-5.036542599951064e-05,-0.1000073504291176,-0.05580731522397401,-0.020323156057695285,-0.004285538052549153,-0.12183686368796344,0.049961933899177774,-2.467614175517357e-05
1,7,890529,0.4,17.25000000000011,158.65876852160497,-11.416668558100973,-15.644875627306387,14.1455171852,21.09165213611001,7.063554608404389,1.3785104196365365,0.2697388644165241,0.2537993545157573,1,1,3,0,0.879967424746103,-0.02269041990206531,-0.007879078145594486,0.04411260880661903,-0.040919901746960814,-7.369439449977137e-05,-0.11807188897299978,-0.05441300538421622,-0.018371419779947062,-0.006260766733009146,0.02905509239061343,-0.036262484207200824,-5.036542599951064e-05
1,7,890529,0.4,17.400000000000112,156.95462333605496,-11.333414475346563,-14.606618309476172,14.358634426092546,20.48227724206697,6.826471687928104,1.4409878800373563,0.2686561148743709,0.2697388644165241,1,1,3,0,0.8789316275067437,-0.025525375137195414,-0.008714053930101193,-0.022713251468432245,-0.032057626544865846,-2.4750722257741525e-05,-0.12967413476492554,-0.05504371377126641,-0.02269041990206531,-0.007879078145594486,0.04411260880661903,-0.040919901746960814,-7.369439449977137e-05
1,7,890529,0.4,17.550000000000114,155.26203976690456,-11.259345685600037,-13.61357931551958,14.58089047906699,19.94823072210889,6.495342543290647,1.5008948547747265,0.2548229148395302,0.2686561148743709,1,1,3,0,0.8778999880256261,-0.02153668132774874,-0.006319824177957707,-0.06894757433401454,-0.02705738863284279,1.2142646403453001e-05,-0.13735027066347522,-0.05728409273688989,-0.025525375137195414,-0.008714053930101193,-0.022713251468432245,-0.032057626544865846,-2.4750722257741525e-05
1,7,890529,0.4,17.700000000000117,153.57260182867722,-11.264894764120262,-12.675493179370651,14.812604742110668,19.49567609974764,6.113820098904289,1.5651547120745133,0.26745514007107846,0.2548229148395302,1,1,3,0,0.8769214680326423,-0.023150934483740036,-0.007625375530558729,-0.05304953879604243,0.003935859725744173,-2.5985109287801115e-05,-0.14438177217820997,-0.06073346583248264,-0.02153668132774874,-0.006319824177957707,-0.06894757433401454,-0.02705738863284279,1.2142646403453001e-05
1,7,890529,0.4,17.85000000000012,151.88930808311784,-11.20070255874498,-11.801094777380914,15.052309101328394,19.12688806959095,5.670065279329076,1.6124769592448769,0.26785089951342056,0.26745514007107846,1,1,3,0,0.8758944402947693,-0.02330129003352942,-0.008077742014479587,-0.06617001463291841,0.05248090860557994,-2.2740578676732294e-05,-0.15106280049395374,-0.06407108440826308,-0.023150934483740036,-0.007625375530558729,-0.05304953879604243,0.003935859725744173,-2.5985109287801115e-05
1,7,890529,0.4,18.00000000000012,150.21567572976244,-11.136161206072131,-10.996254391828707,15.297698930248101,18.83977715394548,5.198660953291542,1.645448979710992,0.26860626885235844,0.26785089951342056,1,1,3,0,0.8748658928406378,-0.02269436359832908,-0.0097893139593248,0.06540322052511763,-0.04220005344693011,1.9222630072927402e-05,-0.15760532198810473,-0.06492467424951343,-0.02330129003352942,-0.008077742014479587,-0.06617001463291841,0.05248090860557994,-2.2740578676732294e-05
1,7,890529,0.4,18.150000000000123,148.55200619625282,-11.068692212287038,-10.263071889803033,15.546137600712886,18.628285989740554,4.7202492132980005,1.6588651111150419,0.2739215692802522,0.26860626885235844,1,1,3,0,0.8738344447682447,-0.02273321251154125,-0.009117981622699096,-0.13125633954586013,0.05323133930878572,-2.9273983903919038e-05,-0.15943189289617968,-0.06603702290333338,-0.02269436359832908,-0.0097893139593248,0.06540322052511763,-0.04220005344693011,1.9222630072927402e-05
1,7,890529,0.4,18.300000000000125,146.90146245565631,-10.971121091561669,-9.601061053415496,15.79405009548632,18.483300348426503,4.2492005857186,1.6462293617671546,0.2583228820994514,0.2739215692802522,1,1,3,0,0.8727825859422084,-0.01883497337021488,-0.01062398615517782,0.10802914509954091,-0.06872549281939744,0.00011878384382460362,-0.16176810542077527,-0.06556734906325899,-0.02273321251154125,-0.009117981622699096,-0.13125633954586013,0.05323133930878572,-2.9273983903919038e-05
1,7,890529,0.4,18.450000000000127,145.25673676518744,-10.961644820332241,-9.005665008420575,16.037650950018453,18.393157701670436,3.8194748500579885,1.608603487268787,0.2700631773350256,0.2583228820994514,1,1,3,0,0.8717906260749464,-0.01997528738269486,-0.010959589910095593,-0.07971418056495369,0.0007004132887478947,1.3527671250565387e-05,-0.1594286569156874,-0.06638771949826952,-0.01883497337021488,-0.01062398615517782,0.10802914509954091,-0.06872549281939744,0.00011878384382460362
1,7,890529,0.4,18.60000000000013,143.62018662275779,-10.884542621913742,-8.473357121104026,16.271011699107742,18.345124764205483,3.4037449285860575,1.5240081714968217,0.25497171265109964,0.2700631773350256,1,1,3,0,0.8707535834739799,-0.015614467758780741,-0.010655422137788709,-0.008888870157725754,-0.0538249448423978,0.00011163853477024559,-0.15536191917297615,-0.06802306616793637,-0.01997528738269486,-0.010959589910095593,-0.07971418056495369,0.0007004132887478947,1.3527671250565387e-05
1,7,890529,0.4,18.75000000000013,141.98682315075146,-10.891245477977018,-7.999046431123162,16.487692142554597,18.325630575642432,3.030549203012174,1.398690394278434,0.26659400389086746,0.25497171265109964,1,1,3,0,0.8697744920973997,-0.015789740122905325,-0.00924793258230947,-0.03556993288404234,0.026092747970573146,8.983765577046319e-05,-0.1505701356801653,-0.0711915183798131,-0.015614467758780741,-0.010655422137788709,-0.008888870157725754,-0.0538249448423978,0.00011163853477024559
1,7,890529,0.4,18.900000000000134,140.3592160843935,-10.830304624209028,-7.580706518966313,16.679591296794197,18.321459471199095,2.6560505590966708,1.2129879677520188,0.2501067203907609,0.26659400389086746,1,1,3,0,0.8687507711224588,-0.011522568764145416,-0.007170340467789276,-0.09271493937777711,0.024024469362374064,1.9481404478891846e-05,-0.1448517408193981,-0.07385379846421748,-0.015789740122905325,-0.00924793258230947,-0.03556993288404234,0.026092747970573146,8.983765577046319e-05
1,7,890529,0.4,19.050000000000136,138.73158087027494,-10.861075394596487,-7.21688722170509,16.838887736766026,18.32025112770618,2.295872519984475,0.979844100568382,0.2558587714914885,0.2501067203907609,1,1,3,0,0.8677903613161583,-0.01071672872257891,-0.006597155089025891,-0.035621369886775764,0.04276351830007364,2.636476133172268e-05,-0.14097348596130319,-0.07474084354006327,-0.011522568764145416,-0.007170340467789276,-0.09271493937777711,0.024024469362374064,1.9481404478891846e-05
1,7,890529,0.4,19.200000000000138,137.10274892030597,-10.85766286700355,-6.9100975199473105,16.957137790830274,18.311034099481827,1.903506896665151,0.6862565297776639,0.26940395916281235,0.2558587714914885,1,1,3,0,0.866807863633631,-0.012493182077026706,-0.009217570035795054,0.021248823989665856,0.041296388612503135,-4.352524152274838e-05,-0.1377949195537975,-0.0733497877311324,-0.01071672872257891,-0.006597155089025891,-0.035621369886775764,0.04276351830007364,2.636476133172268e-05
1,7,890529,0.4,19.35000000000014,135.48224423109815,-10.776011083867084,-6.667929238876578,17.024745783714476,18.283961532850835,1.452155405008457,0.3273104375860627,0.26037816534033453,0.26940395916281235,1,1,3,0,0.865773352430446,-0.011866239801425118,-0.008047516322162673,-0.022791529528163372,0.04811408905197856,-2.0113236122456232e-05,-0.13209782820309524,-0.06948707743271325,-0.012493182077026706,-0.009217570035795054,0.021248823989665856,0.041296388612503135,-4.352524152274838e-05
1,7,890529,0.4,19.500000000000142,133.8690552164995,-10.743609712917277,-6.498001142405876,17.034230677565454,18.23153952970566,0.9546203263263895,-0.0735419803031947,0.2586253837537058,0.26037816534033453,1,1,3,0,0.8647735002755392,-0.009681623700428858,-0.005256996111369887,0.06399044699909942,0.025344894569318443,1.8701463868844987e-05,-0.12467177766287078,-0.06309039357902524,-0.011866239801425118,-0.008047516322162673,-0.022791529528163372,0.04811408905197856,-2.0113236122456232e-05
1,7,890529,0.4,19.650000000000144,132.26005721746418,-10.7178345566435,-6.408227635306073,16.98001304054836,18.149000641442846,0.4019799034978686,-0.5090783067162552,0.26093875382430154,0.2586253837537058,1,1,3,0,0.8637803788019252,-0.008981273267252076,-0.006060633327824868,0.0357130715581186,-0.00025052637268455015,5.984936916804386e-07,-0.11329366015770288,-0.05511937003186516,-0.009681623700428858,-0.005256996111369887,0.06399044699909942,0.025344894569318443,1.8701463868844987e-05
1,7,890529,0.4,19.800000000000146,130.6565977587927,-10.675276229815436,-6.40684706420971,16.857073844173254,18.033541745649483,-0.2043727243862241,-0.9774611878103971,0.2612747678641244,0.26093875382430154,1,1,3,0,0.86277837398724,-0.007854680219046888,-0.0025090744656119973,0.010852609959512599,0.025285165360675353,-7.71441236923021e-06,-0.09774984939747278,-0.04704554168967112,-0.008981273267252076,-0.006060633327824868,0.0357130715581186,-0.00025052637268455015,5.984936916804386e-07
1,7,890529,0.4,19.95000000000015,129.06012258240514,-10.626724760363023,-6.500493020834519,16.662121970705755,17.8852653902757,-0.8496522625612191,-1.4621875323532807,0.25166881562637133,0.2612747678641244,1,1,3,0,0.8617750788786418,-0.003091587679679572,0.00026101069913981196,-0.029120145144982512,0.020382375176005958,6.758389321236484e-07,-0.07979028735502956,-0.03846017749327863,-0.007854680219046888,-0.0025090744656119973,0.010852609959512599,0.025285165360675353,-7.71441236923021e-06
1,7,890529,0.4,20.10000000000015,127.46577391084136,-10.6298150809351,-6.6922945534336975,16.393947692229162,17.707295878407415,-1.5064698359942144,-1.9507301022762134,0.2577946266870077,0.25166881562637133,1,1,3,0,0.8608086706266365,-0.0006100140140529842,-0.0001423041669682637,0.07167049421493918,-0.032929978953676255,-1.0147971448332976e-05,-0.06162966798491519,-0.029211494878039267,-0.003091587679679572,0.00026101069913981196,-0.029120145144982512,0.020382375176005958,6.758389321236484e-07
1,7,890529,0.4,20.250000000000153,125.87479436711018,-10.5946360157977,-6.982981684000421,16.052238892213374,17.50532509414701,-2.1638131716123006,-2.440618688748418,0.2557850033779828,0.2577946266870077,1,1,3,0,0.8598187392601585,0.0008922040616998969,0.0035964097863951014,0.011520627728879828,0.02414963787628937,-1.8529351173460833e-05,-0.0403836668853035,-0.021421276997815798,-0.0006100140140529842,-0.0001423041669682637,0.07167049421493918,-0.032929978953676255,-1.0147971448332976e-05
1,7,890529,0.4,20.400000000000155,124.28814590416764,-10.568997579637177,-7.3695470435594785,15.63844889523455,17.287894824879604,-2.7905050585980202,-2.915343816728545,0.2577327436550255,0.2557850033779828,1,1,3,0,0.8588365248471871,0.004774357089436098,0.0049876192260775365,0.014233892513530674,-0.0020311682107231424,6.419041347733304e-05,-0.016724888640072516,-0.013920047804582942,0.0008922040616998969,0.0035964097863951014,0.011520627728879828,0.02414963787628937,-1.8529351173460833e-05
1,7,890529,0.4,20.550000000000157,122.70660102511897,-10.530900036538778,-7.844253676278949,15.155526106330948,17.065236221555644,-3.35543903164603,-3.368116675937222,0.2672409552091017,0.2577327436550255,1,1,3,0,0.8578468311115518,0.005444905191467157,0.007785811595827928,0.06024519355201302,0.030925176946293695,-1.4096504852946244e-05,0.008094553732551876,-0.006692366371629581,0.004774357089436098,0.0049876192260775365,0.014233892513530674,-0.0020311682107231424,6.419041347733304e-05
1,7,890529,0.4,20.70000000000016,121.13630559192964,-10.437590699572567,-8.395557354520246,14.607898926197912,16.848622920911165,-3.8358151608662228,-3.78765907903305,0.2777475264367054,0.2672409552091017,1,1,3,0,0.856820625843549,0.005771581952938405,0.009288346635976745,0.03309934305114672,0.04034181969794142,-8.909947506308431e-05,0.03567162805773176,0.0009463188586444032,0.005444905191467157,0.007785811595827928,0.06024519355201302,0.030925176946293695,-1.4096504852946244e-05
1,7,890529,0.4,20.85000000000016,119.58597535659969,-10.284780551647097,-9.008036499263422,14.001385980634769,16.64882971715363,-4.204769165350966,-4.165627338636641,0.2657915709687411,0.2777475264367054,1,1,3,0,0.8557540753420322,0.009163336190645483,0.012646733710987361,-0.0028752737676266934,0.06082093956864851,-1.3526002146841535e-05,0.06559443040662156,0.009840348934933968,0.005771581952938405,0.009288346635976745,0.03309934305114672,0.04034181969794142,-8.909947506308431e-05
1,7,890529,0.4,21.000000000000163,118.05125987253061,-10.205227930427919,-9.663480728459032,13.343157731458518,16.474911776270012,-4.448904383881308,-4.492956098269618,0.2790760986844039,0.2657915709687411,1,1,3,0,0.8547334357095122,0.009566032734054148,0.012708582325179348,0.02859415364345441,0.03795844995010816,-3.5137411024905512e-06,0.09576460290963242,0.020750959926239914,0.009163336190645483,0.012646733710987361,-0.0028752737676266934,0.06082093956864851,-1.3526002146841535e-05
1,7,890529,0.4,21.150000000000166,116.5356708902362,-10.053974458000672,-10.341777537875132,12.641379237275206,16.332692113167116,-4.554761913333379,-4.76406347741052,0.2650246663412609,0.2790760986844039,1,1,3,0,0.8536617834905642,0.012418046266505006,0.014739203731181583,-0.10487438232782757,0.015349640113442458,1.163887561289261e-05,0.12658843540924322,0.03302463484536915,0.009566032734054148,0.012708582325179348,0.02859415364345441,0.03795844995010816,-3.5137411024905512e-06
1,7,890529,0.4,21.300000000000168,115.03390741507134,-9.991439702101102,-11.023732422977588,11.904463346344654,16.224639413493005,-4.539704359028852,-4.979891092473417,0.2879580714121427,0.2650246663412609,1,1,3,0,0.8526440887718137,0.010712962326587189,0.013081314021801278,-0.11550220602934035,0.012082377242683108,6.974597952482925e-05,0.15355283472009057,0.045287312965410366,0.012418046266505006,0.014739203731181583,-0.10487438232782757,0.015349640113442458,1.163887561289261e-05
1,7,890529,0.4,21.45000000000017,113.55403035704666,-9.803852645613796,-11.690391409104212,11.141218305533814,16.149055595595033,-4.396346678922371,-5.135335915432141,0.2716705547746938,0.2879580714121427,1,1,3,0,0.851538329777591,0.012532474008908907,0.014485598791079036,-0.05252288285547638,0.010520741351427812,-2.7641365477320163e-05,0.17406705838016884,0.05700794158347859,0.010712962326587189,0.013081314021801278,-0.11550220602934035,0.012082377242683108,6.974597952482925e-05
1,7,890529,0.4,21.600000000000172,112.09223423660308,-9.716725563655867,-12.3281087336447,10.359345756980437,16.102742296305784,-4.181420927665069,-5.244462272605517,0.2638552899948269,0.2716705547746938,1,1,3,0,0.8504951148472563,0.015713167939515302,0.016926970057069855,0.002692247510125245,-0.07049500287247505,-7.159750825024143e-06,0.1906165189442196,0.06809755527457416,0.012532474008908907,0.014485598791079036,-0.05252288285547638,0.010520741351427812,-2.7641365477320163e-05
1,7,890529,0.4,21.750000000000174,110.638320322651,-9.681436864542134,-12.927632976638403,9.565582047990668,16.081792633146033,-3.9092448966119795,-5.309817692508441,0.2683012822215731,0.2638552899948269,1,1,3,0,0.8494819105336762,0.01385543440152394,0.01895643598423979,0.026891842298702003,-0.05830562113111673,-1.799326412406484e-05,0.20653288520881852,0.07552753138182286,0.015713167939515302,0.016926970057069855,0.002692247510125245,-0.07049500287247505,-7.159750825024143e-06
1,7,890529,0.4,21.900000000000176,109.19165472650498,-9.62662567998092,-13.481657767656351,8.765908987585739,16.080928348290257,-3.592050946266897,-5.337528078444493,0.2633807009514524,0.2683012822215731,1,1,3,0,0.8484516336099455,0.013677245146369648,0.02034607122454696,-0.10848644070088506,-0.014502160459552983,-2.677374901761303e-05,0.22373734735433914,0.07845639257652191,0.01385543440152394,0.01895643598423979,0.026891842298702003,-0.05830562113111673,-1.799326412406484e-05
1,7,890529,0.4,22.05000000000018,107.74980989500914,-9.60572302317909,-13.986022017992784,7.964152059220544,16.094611828502288,-3.256036720509167,-5.345552654943589,0.27210477549280765,0.2633807009514524,1,1,3,0,0.8474402517182917,0.012132329295734318,0.020992175885969803,-0.10078387942022958,0.02911675634500457,4.430243307127844e-05,0.237589928317315,0.07897309636617941,0.013677245146369648,0.02034607122454696,-0.10848644070088506,-0.014502160459552983,-2.677374901761303e-05
1,7,890529,0.4,22.20000000000018,106.31560062655106,-9.539625799472585,-14.43822538521432,7.163146509327667,16.117475614634582,-2.9042857361683905,-5.33459424378371,0.26161725701726224,0.27210477549280765,1,1,3,0,0.8463953693803993,0.01415321245725572,0.020764377904199525,-0.08547129875850386,-0.018979027563451153,-2.1875044651812627e-06,0.2461693277456555,0.07959981821002922,0.012132329295734318,0.020992175885969803,-0.10078387942022958,0.02911675634500457,4.430243307127844e-05
1,7,890529,0.4,22.350000000000183,104.88506021929152,-9.53577861703103,-14.839661585422778,6.363945781052994,16.146682689458373,-2.5735234603225363,-5.322519317804901,0.27492657326614833,0.26161725701726224,1,1,3,0,0.8453907591134528,0.012090791747279684,0.020197224285631248,-0.14146781890731105,0.030962046258545997,-7.945932232841905e-05,0.25048983263869656,0.07934867664325483,0.01415321245725572,0.020764377904199525,-0.08547129875850386,-0.018979027563451153,-2.1875044651812627e-06
1,7,890529,0.4,22.500000000000185,103.46255479741068,-9.457118714148814,-15.19130250700669,5.567599796342207,16.179426422207232,-2.2412587126100667,-5.300335302797393,0.26148079733845164,0.27492657326614833,1,1,3,0,0.8443350410721109,0.014045819781690278,0.02190839059492849,-0.12657171249904045,0.024511711486634995,-3.335151383944248e-05,0.24904645255328514,0.0792554865289982,0.012090791747279684,0.020197224285631248,-0.14146781890731105,0.030962046258545997,-7.945932232841905e-05
1,7,890529,0.4,22.650000000000187,102.04433876857298,-9.453301326106983,-15.496578506464441,4.774131895258146,16.215310072901378,-1.9434140375510924,-5.282591092611896,0.2643646078805024,0.26148079733845164,1,1,3,0,0.8433309548103314,0.016152917324474752,0.021296523017476806,-0.08038310288288894,0.005505206664334304,-2.6386294843137394e-05,0.24172568681979026,0.07995427290934012,0.014045819781690278,0.02190839059492849,-0.12657171249904045,0.024511711486634995,-3.335151383944248e-05
1,7,890529,0.4,22.80000000000019,100.62857951578059,-9.430475330612607,-15.757721960757394,3.983568031332613,16.253449346301572,-1.6497738114568774,-5.262284429189401,0.27198781918308523,0.2643646078805024,1,1,3,0,0.8423157947160702,0.013209442745749343,0.020874710165941782,-0.009089524771721019,0.03213680605106715,-7.669833989345811e-05,0.23082263257881755,0.08057522408485492,0.016152917324474752,0.021296523017476806,-0.08038310288288894,0.005505206664334304,-2.6386294843137394e-05
1,7,890529,0.4,22.95000000000019,99.2210951877995,-9.359137446194072,-15.974192925601699,3.196717275039399,16.29091283387394,-1.3477360041004036,-5.234909386061334,0.26596390511903645,0.27198781918308523,1,1,3,0,0.8412713614904072,0.01125842261580786,0.020409724558604646,-0.008089270145296304,0.015233696565377337,-6.153159939939225e-05,0.22006249062144023,0.08176418190837348,0.013209442745749343,0.020874710165941782,-0.009089524771721019,0.03213680605106715,-7.669833989345811e-05
1,7,890529,0.4,23.100000000000193,97.82137004246853,-9.317313707202114,-16.14441923968322,2.4141906464768175,16.323926888594848,-1.0336650544879005,-5.204716509678381,0.27087572552970474,0.26596390511903645,1,1,3,0,0.8402500600947499,0.00839048303507822,0.019764460566970003,-0.005594793559882148,0.015780170481907357,-1.2767554538519745e-05,0.21081346948058427,0.08335821386060194,0.01125842261580786,0.020409724558604646,-0.008089270145296304,0.015233696565377337,-6.153159939939225e-05
1,7,890529,0.4,23.250000000000195,96.43111666086897,-9.243583414077388,-16.263162954052298,1.63760679570958,16.34540379701319,-0.6735203176606748,-5.159641423461228,0.2594435713178832,0.27087572552970474,1,1,3,0,0.8392098973087158,0.009084968233184505,0.019443210267152154,-0.0899981844934838,-0.02818095912402566,4.186041948440448e-05,0.2031496885073938,0.08506140943990301,0.00839048303507822,0.019764460566970003,-0.005594793559882148,0.015780170481907357,-1.2767554538519745e-05
1,7,890529,0.4,23.400000000000198,95.0456682149406,-9.232369688389111,-16.32319889475754,0.8688243837721412,16.34630471903821,-0.26497775918164646,-5.103506460363379,0.26600570476013996,0.2594435713178832,1,1,3,0,0.838213633994855,0.006723817249672915,0.020778420955085742,-0.11172111057031453,0.06109952646219814,4.24431429953172e-05,0.1938944202819614,0.08528026720631063,0.009084968233184505,0.019443210267152154,-0.0899981844934838,-0.02818095912402566,4.186041948440448e-05
1,7,890529,0.4,23.5500000000002,93.66602044406132,-9.179867149464489,-16.314860573609938,0.11142562488734509,16.31524107104193,0.2147107226718865,-5.016776868586804,0.24232060091896918,0.26600570476013996,1,1,3,0,0.837192172088576,0.010122990560354525,0.022281030725654464,-0.05727690096608249,0.012637171118865741,1.7446222740040153e-05,0.18085967253849378,0.08659052824396878,0.006723817249672915,0.020778420955085742,-0.11172111057031453,0.06109952646219814,4.24431429953172e-05
1,7,890529,0.4,23.700000000000202,92.281008521994,-9.259758302072308,-16.230126596807686,-0.6309761597423034,16.242387147909245,0.7386338676832844,-4.909047037753313,0.2605830674280719,0.24232060091896918,1,1,3,0,0.8362616609810473,0.006083774140879637,0.019506329475528567,0.03599223108978961,-0.02080211790156295,-7.219076888204646e-06,0.16587365625598166,0.0887330614666101,0.010122990560354525,0.022281030725654464,-0.05727690096608249,0.012637171118865741,1.7446222740040153e-05
1,7,890529,0.4,23.850000000000204,90.89498279885258,-9.230004936861476,-16.059559427998096,-1.3522827740676773,16.116392826015463,1.3342598149409564,-4.751213935857624,0.24990921320110693,0.2605830674280719,1,1,3,0,0.8352610220021236,0.0033304604722944444,0.020711172953853517,-0.09429413248583504,0.018865037436603255,-4.9111112566065414e-05,0.15355235989531085,0.08957321381188847,0.006083774140879637,0.019506329475528567,0.03599223108978961,-0.02080211790156295,-7.219076888204646e-06
1,7,890529,0.4,24.000000000000206,89.50764785773795,-9.258019208704985,-15.795933071478029,-2.045809603579756,15.927863589719509,1.965575324597089,-4.551675798520027,0.2500422017129367,0.24990921320110693,1,1,3,0,0.8343013706234315,0.0007789353883628163,0.020525099816057615,-0.08513333537140512,0.007815523913708815,4.5582727972065914e-05,0.1406837093691365,0.09006352946558456,0.0033304604722944444,0.020711172953853517,-0.09429413248583504,0.018865037436603255,-4.9111112566065414e-05
1,7,890529,0.4,24.150000000000208,88.11654823597952,-9.28163637502035,-15.434907459265201,-2.7042276352726518,15.670010063157358,2.621224625767318,-4.299749259318238,0.24414613038002997,0.2500422017129367,1,1,3,0,0.8333412085688537,0.0014084827392363299,0.01941383817621571,-0.03320608462672934,-0.06235696149601902,5.083541393671838e-05,0.1253775494053345,0.09053490720561991,0.0007789353883628163,0.020525099816057615,-0.08513333537140512,0.007815523913708815,4.5582727972065914e-05
1,7,890529,0.4,24.30000000000021,86.71883150104193,-9.33598960186298,-14.975421473377843,-3.3198672468047254,15.338994974955595,3.275355250101029,-3.997881520577676,0.26480917384768354,0.24414613038002997,1,1,3,0,0.8324036874281944,-0.004379639571111174,0.019579415421099686,-0.19148987686926014,0.053247595391454565,-4.275023960099315e-05,0.10990146845921543,0.08823015542473467,0.0014084827392363299,0.01941383817621571,-0.03320608462672934,-0.06235696149601902,5.083541393671838e-05
1,7,890529,0.4,24.450000000000212,85.32532889274437,-9.26663911212581,-14.419602605569168,-3.883529557352639,14.933410230934149,3.9081553026000995,-3.629073427728368,0.2614254099561958,0.26480917384768354,1,1,3,0,0.8313868202006192,-0.005619951434088098,0.01754096865901355,-0.017688780129571265,-0.0251165297060727,5.340121591528092e-05,0.08948294850302915,0.08631579130784628,-0.004379639571111174,0.019579415421099686,-0.19148987686926014,0.053247595391454565,-4.275023960099315e-05
1,7,890529,0.4,24.600000000000215,83.9406613372919,-9.213012812044218,-13.774783244575431,-4.387008095817101,14.456503500770884,4.47896964084433,-3.2117305505156173,0.26630941232610567,0.2614254099561958,1,1,3,0,0.8303829466263872,-0.009014195802218038,0.01448066082265726,-0.09242006466414525,-0.021714705101405166,-0.000107879370027748,0.06807781414221138,0.08398894249381837,-0.005619951434088098,0.01754096865901355,-0.017688780129571265,-0.0251165297060727,5.340121591528092e-05
1,7,890529,0.4,24.750000000000217,82.5672389609612,-9.127438636718948,-13.052387355877407,-4.823108112772715,13.91499865452248,4.967467860856747,-2.7473124079512665,0.25209826187648054,0.26630941232610567,1,1,3,0,0.8293603184830549,-0.008715040605163248,0.01648131732671733,-0.11983998070309237,-0.000305917490843423,-9.207392309778003e-05,0.046194165808811444,0.08006993388991784,-0.009014195802218038,0.01448066082265726,-0.09242006466414525,-0.021714705101405166,-0.000107879370027748
1,7,890529,0.4,24.90000000000022,81.19858085953638,-9.122646652099961,-12.266404670666835,-5.185810098232942,13.31755645452618,5.357780533690238,-2.246298602245285,0.2639400104114758,0.25209826187648054,1,1,3,0,0.8283922611574492,-0.010697096753074406,0.01267827191141337,-0.07024870638726968,-0.06055492895415294,-1.6242114235972178e-05,0.021498062555841788,0.0755207550385528,-0.008715040605163248,0.01648131732671733,-0.11983998070309237,-0.000305917490843423,-9.207392309778003e-05
1,7,890529,0.4,25.05000000000022,79.83776212891718,-9.046735881117545,-11.43267741813783,-5.469909096308335,12.673832035697624,5.639370378680275,-1.7120071811172182,0.25985957405800364,0.2639400104114758,1,1,3,0,0.8273787315174693,-0.011171094116132117,0.012761747844192362,-0.10069372310946847,-0.011021428584233604,-0.00011106113705721248,-0.004454986705853516,0.0685971203410757,-0.010697096753074406,0.01267827191141337,-0.07024870638726968,-0.06055492895415294,-1.6242114235972178e-05
1,7,890529,0.4,25.200000000000223,78.48603141912099,-8.993915438276984,-10.567654631319455,-5.671951997824841,11.993596786305464,5.81205656385842,-1.1599269414751183,0.2578128112349361,0.25985957405800364,1,1,3,0,0.8263808707530867,-0.012813138034142548,0.012724310470010918,0.03930217140187697,-0.00776205816104616,-3.7675140827914916e-05,-0.03180159167737317,0.060232019114667745,-0.011171094116132117,0.012761747844192362,-0.10069372310946847,-0.011021428584233604,-0.00011106113705721248
1,7,890529,0.4,25.350000000000225,77.140994496986,-8.953504555139466,-9.68723236075403,-5.79035402627725,11.285861533833616,5.881477736441824,-0.6007151856632177,0.26535184560546077,0.2578128112349361,1,1,3,0,0.8253908695579446,-0.014971228284989901,0.011116837429259263,-0.09422593422625417,0.04445565382172516,-4.9455172954664737e-05,-0.055810989875821185,0.05153927477681992,-0.012813138034142548,0.012724310470010918,0.03930217140187697,-0.00776205816104616,-3.7675140827914916e-05
1,7,890529,0.4,25.500000000000227,75.80629496636708,-8.87045201061238,-8.80551217360233,-5.8250018422015195,10.557826059426718,5.861905992342518,-0.043756193585943404,0.27132159702050684,0.26535184560546077,1,1,3,0,0.8243719184708195,-0.01688436492928357,0.004988793009760121,-0.036646262481253127,-0.05888014568715338,3.825657745610959e-05,-0.07905553000428041,0.04455628959978292,-0.014971228284989901,0.011116837429259263,-0.09422593422625417,0.04445565382172516,-4.9455172954664737e-05
1,7,890529,0.4,25.65000000000023,74.4873135885485,-8.754922483859714,-7.934207806695573,-5.777931753525537,9.815098006042918,5.769659076823425,0.4937542121954601,0.26258987422514113,0.27132159702050684,1,1,3,0,0.8233300435382608,-0.016373427876180104,0.005079396688709238,-0.10678093590507785,0.004039966999359082,5.331187050995064e-06,-0.10182140525180058,0.0364369395318109,-0.01688436492928357,0.004988793009760121,-0.036646262481253127,-0.05888014568715338,3.825657745610959e-05
1,7,890529,0.4,25.80000000000023,73.18027086278104,-8.693387641676345,-7.081036467422027,-5.652711613245674,9.060586406821754,5.636709423508007,1.0053283288931965,0.2652229728372846,0.26258987422514113,1,1,3,0,0.8223216984212361,-0.01556769915879387,0.002534717789751802,0.03890530147907306,-0.015043024928262476,1.1481306082649808e-05,-0.1257242594822581,0.027779282880333305,-0.016373427876180104,0.005079396688709238,-0.10678093590507785,0.004039966999359082,5.331187050995064e-06
1,7,890529,0.4,25.950000000000234,71.88359241924672,-8.62058301270687,-6.251215711997395,-5.454331016973317,8.29622954845394,5.471814732170909,1.4803013196372932,0.2693717143315665,0.2652229728372846,1,1,3,0,0.8213032422055409,-0.01791538453922547,-0.0006777525322315818,-0.00962372611394725,-0.011516295865879815,-4.179563598498506e-05,-0.1466215640310715,0.01910376761681226,-0.01556769915879387,0.002534717789751802,0.03890530147907306,-0.015043024928262476,1.1481306082649808e-05
1,7,890529,0.4,26.100000000000236,70.59975339792639,-8.528576743469296,-5.448315277657528,-5.189192682380972,7.524085330432707,5.287050188369066,1.9097010772471927,0.2562675365148287,0.2693717143315665,1,1,3,0,0.8202688548225076,-0.015185521936313822,-0.0009797904276254495,0.08389925247942152,-0.07390585217877149,-3.165640022960899e-05,-0.16384898942446444,0.0102920442852059,-0.01791538453922547,-0.0006777525322315818,-0.00962372611394725,-0.011516295865879815,-4.179563598498506e-05
1,7,890529,0.4,26.250000000000238,69.3218309578442,-8.515278316405663,-4.671448685271484,-4.864315558218145,6.744182579753293,5.120675232984012,2.291777296936196,0.264097459007526,0.2562675365148287,1,1,3,0,0.8192847874822905,-0.018112241346067585,-0.004930409084464583,0.12341834223746999,-0.0927382969015637,3.508837536771925e-05,-0.1751426537288252,-0.0008488522908078546,-0.015185521936313822,-0.0009797904276254495,0.08389925247942152,-0.07390585217877149,-3.165640022960899e-05
1,7,890529,0.4,26.40000000000024,68.050082928137,-8.459977018985409,-3.9197793574206568,-4.488110112615398,5.958842387059898,4.9530496317334,2.613192622137369,0.2646397772649538,0.264097459007526,1,1,3,0,0.8182706532397016,-0.019665320382783104,-0.0032141181091758573,-0.08526564016214055,0.025000931880425695,-4.132058604240737e-05,-0.17772082429173852,-0.01590005237514975,-0.018112241346067585,-0.004930409084464583,0.12341834223746999,-0.0927382969015637,3.508837536771925e-05
1,7,890529,0.4,26.550000000000242,66.78683645719848,-8.402543048389854,-3.1920084892361675,-4.069422727646887,5.171955097605236,4.797412785271938,2.8772420269547476,0.2666516238677914,0.2646397772649538,1,1,3,0,0.8172544364950043,-0.018249047989282896,-0.006479427527074733,-0.09505203411028507,0.03726981834800074,6.584985006559501e-05,-0.17910100923978564,-0.030589132219967997,-0.019665320382783104,-0.0032141181091758573,-0.08526564016214055,0.025000931880425695,-4.132058604240737e-05
1,7,890529,0.4,26.700000000000244,65.53328385496837,-8.334448225681559,-2.4874113429965963,-3.6173903011231783,4.390071500548501,4.641331290300607,3.0793915084524057,0.2597397309859413,0.2666516238677914,1,1,3,0,0.816230494259352,-0.014959567469469442,-0.008680156511605327,0.009171771211354096,-0.016704681068039184,2.417178780153784e-05,-0.18352043352778596,-0.042308426510803736,-0.018249047989282896,-0.006479427527074733,-0.09505203411028507,0.03726981834800074,6.584985006559501e-05
1,7,890529,0.4,26.850000000000247,64.28586414389225,-8.307179856518527,-1.8069693980152675,-3.140181353572835,3.622965268766757,4.475745177135533,3.2308557833456053,0.2637847595996867,0.2597397309859413,1,1,3,0,0.815233093692366,-0.016239421668807392,-0.010896338817979032,0.019820420890352394,0.002490920732043702,-0.00011100093928120859,-0.187216205733704,-0.0529494737402572,-0.014959567469469442,-0.008680156511605327,0.009171771211354096,-0.016704681068039184,2.417178780153784e-05
1,7,890529,0.4,27.00000000000025,63.04463306103567,-8.25885143290827,-1.1559153589660127,-2.645248859459297,2.8867770689064716,4.26297144205077,3.3330459316144228,0.25796469672466327,0.2637847595996867,1,1,3,0,0.8142201602155033,-0.01661010166449084,-0.012135942053992144,0.02145759120963095,0.006473863493193185,-2.8406577963391324e-05,-0.18797902132270783,-0.06277823486569054,-0.016239421668807392,-0.010896338817979032,0.019820420890352394,0.002490920732043702,-0.00011100093928120859
1,7,890529,0.4,27.15000000000025,61.8072099704073,-8.244829036591458,-0.5416806931678408,-2.138733553810628,2.2062636260307222,3.999686963820264,3.398709481356862,0.26783027304202844,0.25796469672466327,1,1,3,0,0.8132295757800807,-0.017621636039373376,-0.013601289222435121,-0.036309883349632144,0.017322549915922063,-5.834177698897557e-06,-0.1857464352749835,-0.07130968905692801,-0.01661010166449084,-0.012135942053992144,0.02145759120963095,0.006473863493193185,-2.8406577963391324e-05
1,7,890529,0.4,27.300000000000253,60.57749775780884,-8.174682596857274,0.024816444449774266,-1.6261580273139522,1.6263473754744813,3.6526837274833452,3.427400835184916,0.2523822316338624,0.26783027304202844,1,1,3,0,0.8122011075315992,-0.014948533546320126,-0.014608763540870406,0.03396372104700978,-0.0045653097672490655,3.43689632269912e-05,-0.1827940323925995,-0.07810554431691082,-0.017621636039373376,-0.013601289222435121,-0.036309883349632144,0.017322549915922063,-5.834177698897557e-06
1,7,890529,0.4,27.450000000000255,59.349555643041256,-8.191993239181643,0.5332769350805417,-1.1107836190259377,1.2321625451965563,3.245242089798812,3.441962211438302,0.25795272149305,0.2523822316338624,1,1,3,0,0.8112319597621254,-0.015785868580230327,-0.016044227455610953,0.008805242815549301,0.00987995581916064,-5.4029991075033876e-05,-0.17769031541022942,-0.08386936575249027,-0.014948533546320126,-0.014608763540870406,0.03396372104700978,-0.0045653097672490655,3.43689632269912e-05
1,7,890529,0.4,27.600000000000257,58.12227846859436,-8.176600500767913,0.9714795838829096,-0.5953504168430737,1.139392250604037,2.7469019240584993,3.4359659231469664,0.25298345419638507,0.25795272149305,1,1,3,0,0.810241421311592,-0.014208231156980656,-0.016309839991046408,0.004628854202475478,0.012333848957883004,-2.6468322562773175e-05,-0.1702511997334091,-0.08849274796916826,-0.015785868580230327,-0.016044227455610953,0.008805242815549301,0.00987995581916064,-5.4029991075033876e-05
1,7,890529,0.4,27.75000000000026,56.89467536901779,-8.187499838844959,1.3277882710928735,-0.08153527133548444,1.3302893269223628,2.1783391540484516,3.4234240513357674,0.26380682807510714,0.25298345419638507,1,1,3,0,0.809269964847478,-0.014538503645523672,-0.017583914753533967,0.0026342703549990898,0.02986080686424027,3.760412348895053e-05,-0.16126793997323155,-0.09168278430390003,-0.014208231156980656,-0.016309839991046408,0.004628854202475478,0.012333848957883004,-2.6468322562773175e-05
1,7,890529,0.4,27.90000000000026,55.67185891716019,-8.134120213355578,1.5909770516808655,0.4289534646394344,1.647789141183214,1.5335087503638536,3.3969409398475756,0.2685433524388857,0.26380682807510714,1,1,3,0,0.8082569466276697,-0.013855034177073953,-0.019054443703606688,-0.009713598778453812,0.023772448790962363,-2.4774738390158072e-05,-0.15099170067168882,-0.09280159201351611,-0.014538503645523672,-0.017583914753533967,0.0026342703549990898,0.02986080686424027,3.760412348895053e-05
1,7,890529,0.4,28.050000000000264,54.460053827979465,-8.050648554064619,1.7523072593419347,0.93477016175855,1.9860453132938705,0.8399750898684015,3.3638277515097563,0.2615139495054388,0.2685433524388857,1,1,3,0,0.8072257401543044,-0.010006152211885973,-0.01812376822493151,0.009313227135432393,0.019566609020609763,-2.6417542930772966e-05,-0.14001455105537255,-0.09183577080075297,-0.013855034177073953,-0.019054443703606688,-0.009713598778453812,0.023772448790962363,-2.4774738390158072e-05
1,7,890529,0.4,28.200000000000266,53.257133144463985,-8.003520741014656,1.80830191658211,1.43627485759683,2.309294543378849,0.13636199079824474,3.337338435033631,0.2630291964641255,0.2615139495054388,1,1,3,0,0.8062215265882035,-0.006968110592044612,-0.016820605695761992,0.08917023130422869,-0.01742056634679979,-8.088190416067877e-06,-0.12801840275124388,-0.08919971725862255,-0.010006152211885973,-0.01812376822493151,0.009313227135432393,0.019566609020609763,-2.6417542930772966e-05
1,7,890529,0.4,28.350000000000268,52.06258374582867,-7.9433205546349015,1.759250780588912,1.9338438145910342,2.6143288255754475,-0.5586928125496469,3.3109015985355477,0.25748443049486125,0.2630291964641255,1,1,3,0,0.8052114944737814,-0.004665924384585562,-0.016133328397432575,0.07001898026963783,-0.005723966270950738,-3.192820995236902e-05,-0.11189980869055745,-0.08648608226695453,-0.006968110592044612,-0.016820605695761992,0.08917023130422869,-0.01742056634679979,-8.088190416067877e-06
1,7,890529,0.4,28.50000000000027,50.874282695806954,-7.910913856883295,1.6099605449344443,2.4273497573814495,2.9127306433835236,-1.2100112681822393,3.282865263183396,0.2866668490776568,0.25748443049486125,1,1,3,0,0.804222754260681,-0.007349817789576968,-0.016607289910795183,0.026223285785723385,0.03231808209089642,-2.6921369065917715e-05,-0.09129434936242367,-0.08396975075463321,-0.004665924384585562,-0.016133328397432575,0.07001898026963783,-0.005723966270950738,-3.192820995236902e-05
1,7,890529,0.4,28.650000000000272,49.70818390121175,-7.705062529481561,1.3670868215261178,2.9136497324658404,3.218428365070232,-1.8169873581637732,3.224396646997817,0.2639513090577915,0.2866668490776568,1,1,3,0,0.8031219535602229,-0.0019619926979934435,-0.015965241043451175,-0.10128972747045409,0.01260057549828848,-2.189266413786745e-05,-0.06843227555281421,-0.07998309157694701,-0.007349817789576968,-0.016607289910795183,0.026223285785723385,0.03231808209089642,-2.6921369065917715e-05
1,7,890529,0.4,28.800000000000274,48.560164495998414,-7.627332947535339,1.0431731420041812,3.391081417684857,3.54790690204329,-2.3230151389116616,3.1643519233301918,0.27853024725276787,0.2639513090577915,1,1,3,0,0.8021083805334408,0.0009404163895746268,-0.016071319591915243,-0.03585816126724755,0.015746122307460576,1.5227082560482497e-05,-0.049102991274100956,-0.07468484626159748,-0.0019619926979934435,-0.015965241043451175,-0.10128972747045409,0.01260057549828848,-2.189266413786745e-05
1,7,890529,0.4,28.950000000000276,47.43261709700998,-7.461562912763757,0.6517766518883481,3.8565312745055387,3.9112205607950696,-2.744566393527783,3.073968198363728,0.26547354355261,0.27853024725276787,1,1,3,0,0.8010388243839901,0.004234131481908152,-0.01626675663847541,0.06626291678312413,-0.03088761478156721,6.138660488574661e-06,-0.03311500695424053,-0.06840172774101541,0.0009404163895746268,-0.016071319591915243,-0.03585816126724755,0.015746122307460576,1.5227082560482497e-05
1,7,890529,0.4,29.10000000000028,46.32249702163684,-7.370243776424432,0.20617582037224214,4.306281244113219,4.311214054336372,-3.0758836414408393,2.9613128186246422,0.2751480101127314,0.26547354355261,1,1,3,0,0.800019405976748,0.004336767789479862,-0.015194287375413344,-0.05438017808565781,-0.010157533785497337,-7.414815235831156e-05,-0.015434231010759122,-0.06286701707998427,0.004234131481908152,-0.01626675663847541,0.06626291678312413,-0.03088761478156721,6.138660488574661e-06
1,7,890529,0.4,29.25000000000028,45.231895913626765,-7.220786136067439,-0.2811701440357548,4.735217221172135,4.743557608123068,-3.3283634981849186,2.8087386595342836,0.2714941932578471,0.2751480101127314,1,1,3,0,0.798962837617915,0.004958691479074761,-0.015402387999687095,0.07398847763266597,-0.03799393848075006,4.7344147555240466e-05,0.0011442677248231763,-0.058124705285674906,0.004336767789479862,-0.015194287375413344,-0.05438017808565781,-0.010157533785497337,-7.414815235831156e-05
1,7,890529,0.4,29.400000000000283,44.161635934422705,-7.092175006940646,-0.799588411524232,5.1371010683243306,5.19895653126883,-3.5142069542281456,2.613836920994613,0.24715771737487047,0.2714941932578471,1,1,3,0,0.7979202999158047,0.010604233108159196,-0.014357602791171516,0.07453290138925305,-0.1334428601892552,2.5144227936340038e-05,0.01920450377376278,-0.05478188191054068,0.004958691479074761,-0.015402387999687095,0.07398847763266597,-0.03799393848075006,4.7344147555240466e-05
1,7,890529,0.4,29.550000000000285,43.09635805394451,-7.106796312190817,-1.3400049613074942,5.505928702446445,5.666644877946058,-3.6426237978167006,2.3797167011758686,0.2509499831346865,0.24715771737487047,1,1,3,0,0.7969712142810853,0.01141039391879223,-0.0120743382954557,0.05981867025037568,-0.09633395298881509,1.1315354521583928e-06,0.04084812127648763,-0.056825523019762264,0.010604233108159196,-0.014357602791171516,0.07453290138925305,-0.1334428601892552,2.5144227936340038e-05
1,7,890529,0.4,29.700000000000287,42.030971000222785,-7.100758601389081,-1.8954168845395314,5.833795387600194,6.133985147567839,-3.7295205463277794,2.0862527293733635,0.2779934845526415,0.2509499831346865,1,1,3,0,0.7960075663458481,0.00627953700748804,-0.010273206287753914,-0.05514661513888998,0.07607735820915866,7.697169010510581e-05,0.06523281251977942,-0.06431904346448547,0.01141039391879223,-0.0120743382954557,0.05981867025037568,-0.09633395298881509,1.1315354521583928e-06
1,7,890529,0.4,29.85000000000029,40.98209343061219,-6.938798261674145,-2.460626450040533,6.110147648524366,6.587001352163738,-3.7852159905836262,1.7180818173998962,0.26388779922295,0.2779934845526415,1,1,3,0,0.7949400713651661,0.008661505584695521,-0.009664212154275629,-0.09354807938275361,0.06486228693724207,3.5912132231717696e-06,0.08773841604873324,-0.06989823878450009,0.00627953700748804,-0.010273206287753914,-0.05514661513888998,0.07607735820915866,7.697169010510581e-05
1,7,890529,0.4,30.00000000000029,39.94889640327539,-6.862891545993743,-3.033347977986823,6.326141057849091,7.015786530344318,-3.83449136384741,1.2999298254588767,0.2625501371837734,0.26388779922295,1,1,3,0,0.79392674221615,0.012100204932537051,-0.010843248607684498,-0.06593786447474538,0.04542323688013827,-2.8011077528618318e-05,0.10496213208230354,-0.07102256453993325,0.008661505584695521,-0.009664212154275629,-0.09354807938275361,0.06486228693724207,3.5912132231717696e-06
1,7,890529,0.4,30.150000000000293,38.92597724887702,-6.797970745358022,-3.613499169668829,6.474616798610773,7.41471772477214,-3.88522256128965,0.8351662805365738,0.26898821034122333,0.2625501371837734,1,1,3,0,0.7929185496893641,0.012463271553090108,-0.008067328467376426,0.017604649665487304,0.07512076223261441,-2.5178061050099683e-05,0.1174638264266843,-0.0688947306188565,0.012100204932537051,-0.010843248607684498,-0.06593786447474538,0.04542323688013827,-2.8011077528618318e-05
1,7,890529,0.4,30.300000000000296,37.916395653156826,-6.697008355149538,-4.201911746025125,6.550044963368478,7.781976056473875,-3.9420934374850143,0.3386669775719042,0.2633204859325619,0.26898821034122333,1,1,3,0,0.7918856349616539,0.012593657597729001,-0.00918816092571972,0.03642074666477412,0.018052828435023344,-5.079001583026645e-05,0.12907213679703228,-0.06302600332312916,0.012463271553090108,-0.008067328467376426,0.017604649665487304,0.07512076223261441,-2.5178061050099683e-05
1,7,890529,0.4,30.450000000000298,36.918482707767,-6.630825910187833,-4.799862236729123,6.549025675851034,8.119631444501307,-4.007455013987586,-0.17600743020612308,0.2625423041351812,0.2633204859325619,1,1,3,0,0.7908744842956728,0.014263657868907348,-0.006173168978696135,-0.062047409469437334,0.06275380435095669,-0.00011346318267046283,0.1420224164132324,-0.05524178772571658,0.012593657597729001,-0.00918816092571972,0.03642074666477412,0.018052828435023344,-5.079001583026645e-05
1,7,890529,0.4,30.6000000000003,35.929841084784265,-6.571196998101265,-5.406559233845721,6.470560692357061,8.432024574356904,-4.060350881622238,-0.6915745440175033,0.264633176710925,0.2625423041351812,1,1,3,0,0.7898663218477936,0.01524596369449712,-0.004641365348430886,-0.049913828960799204,0.033229618923883944,-2.7347984420451386e-05,0.15287769265510157,-0.045101872126741355,0.014263657868907348,-0.006173168978696135,-0.062047409469437334,0.06275380435095669,-0.00011346318267046283
1,7,890529,0.4,30.750000000000302,34.951200262153755,-6.500928009685144,-6.018506906306145,6.315648679885509,8.724095576562325,-4.08443973204521,-1.1966484060399765,0.263262918090887,0.264633176710925,1,1,3,0,0.7888501304492238,0.016318479724776302,-0.004421609792754649,0.03463385919415321,-0.025098483925243963,-5.4684425782871085e-05,0.16039124426119958,-0.03310828603145,0.01524596369449712,-0.004641365348430886,-0.049913828960799204,0.033229618923883944,-2.7347984420451386e-05
1,7,890529,0.4,30.900000000000304,33.982179185658524,-6.439883105311793,-6.62994670953588,6.087016581331678,9.000442446496308,-4.064682529998287,-1.6801827865805776,0.26636270872015094,0.263262918090887,1,1,3,0,0.7878392008437549,0.015503450912312358,9.857369004445032e-05,0.013331477978754317,0.02607752653631092,-4.412651802999584e-05,0.16807698264407944,-0.022091621934532322,0.016318479724776302,-0.004421609792754649,0.03463385919415321,-0.025098483925243963,-5.4684425782871085e-05
1,7,890529,0.4,31.050000000000306,33.02399801819532,-6.362086093585557,-7.231786214757232,5.7893448544161,9.263651855467524,-3.975741715213869,-2.1277762473043422,0.2565669577855793,0.26636270872015094,1,1,3,0,0.7868163680422695,0.017487170560240368,0.0014407131907480171,0.03328027174238231,-0.03332145465295741,0.00010906360426770728,0.1766503179772363,-0.011248145923618277,0.015503450912312358,9.857369004445032e-05,0.013331477978754317,0.02607752653631092,-4.412651802999584e-05
1,7,890529,0.4,31.20000000000031,32.071547200440186,-6.343738354033114,-7.812503953765583,5.428500487674775,9.51335038628811,-3.806696772125329,-2.5349757049749684,0.2781479831808117,0.2565669577855793,1,1,3,0,0.7858311509243727,0.012121220574376272,0.0033891793376704784,-0.0314297940679163,0.07288761468356784,4.4923077263418675e-05,0.1863668779008863,-0.0019111374370969275,0.017487170560240368,0.0014407131907480171,0.03328027174238231,-0.03332145465295741,0.00010906360426770728
1,7,890529,0.4,31.35000000000031,31.134223598950456,-6.201688512398346,-8.355884314138985,5.0112200556918225,9.743363337053683,-3.516275820228772,-2.8947787656361883,0.26179279412625545,0.2781479831808117,1,1,3,0,0.7847630626689583,0.01412534236830771,0.004818665395304071,-0.012942708719913631,-0.007692471082817223,0.00011953192211107583,0.19518566422153422,0.008810357858790864,0.012121220574376272,0.0033891793376704784,-0.0314297940679163,0.07288761468356784,4.4923077263418675e-05
1,7,890529,0.4,31.500000000000313,30.20842127651801,-6.157460211261024,-8.846371977169033,4.545164062617779,9.945693214379464,-3.132247120749928,-3.202084684365701,0.2596516361059852,0.26179279412625545,1,1,3,0,0.7837577783395134,0.014448998654887114,0.007252622160461404,0.04376189308842464,-0.03085519117890531,5.4491945788696286e-05,0.2026724684971467,0.0197175683846071,0.01412534236830771,0.004818665395304071,-0.012942708719913631,-0.007692471082817223,0.00011953192211107583
1,7,890529,0.4,31.650000000000315,29.287740798585553,-6.128399615428197,-9.268583067323462,4.038666070882545,10.11026486833916,-2.641631076995475,-3.4529358673201616,0.24886456959937625,0.2596516361059852,1,1,3,0,0.7827607160568666,0.014484852590155148,0.008188955130007008,-0.002012836868398447,-0.03951065836263914,-6.03645188412694e-06,0.21131342649831056,0.0284253686855879,0.014448998654887114,0.007252622160461404,0.04376189308842464,-0.03085519117890531,5.4491945788696286e-05
1,7,890529,0.4,31.800000000000317,28.364899010878368,-6.164563081213366,-9.608237656426876,3.499472791526017,10.225680450757805,-2.0623801453208417,-3.654947740822233,0.26943935655671747,0.24886456959937625,1,1,3,0,0.7818050761096051,0.008844930798028562,0.009958620028352344,-0.17154115854689433,0.05435399656743442,-3.3596023929796595e-05,0.2203698644121309,0.034304140262778345,0.014484852590155148,0.008188955130007008,-0.002012836868398447,-0.03951065836263914,-6.03645188412694e-06
1,7,890529,0.4,31.95000000000032,27.448348835140905,-6.083406606153791,-9.85027764060116,2.9354523496867806,10.278368065710081,-1.3784341381335103,-3.802399171420029,0.2616292363227932,0.26943935655671747,1,1,3,0,0.7807704289804273,0.009344194836078542,0.012273630005373867,-0.1356315640531086,0.049799228470313664,-4.9205433838460966e-05,0.22283154921162865,0.04079379006141076,0.008844930798028562,0.009958620028352344,-0.17154115854689433,0.05435399656743442,-3.3596023929796595e-05
1,7,890529,0.4,32.100000000000314,26.539401551495175,-6.047651574886387,-9.985001907014109,2.3539357304352606,10.258717098453157,-0.6509518083583572,-3.9037387257061744,0.24730764296111402,0.2616292363227932,1,1,3,0,0.7797657727129478,0.011903784357358962,0.011984092896080668,-0.13549633895472898,-0.030283588775992833,-8.042213413858359e-05,0.2174296179475124,0.049312522363222866,0.009344194836078542,0.012273630005373867,-0.1356315640531086,0.049799228470313664,-4.9205433838460966e-05
1,7,890529,0.4,32.250000000000306,25.6276973709085,-6.092861371541344,-10.009856890126905,1.760885933323486,10.163560115973024,0.0805026269939777,-3.969084407880592,0.26581829590831474,0.24730764296111402,1,1,3,0,0.7788161113639771,0.007638830640423154,0.013399679281991709,-0.21611818778858338,0.04343068256568964,-7.856645524561766e-05,0.2052868995958894,0.056685039630670196,0.011903784357358962,0.011984092896080668,-0.13549633895472898,-0.030283588775992833,-8.042213413858359e-05
1,7,890529,0.4,32.4000000000003,24.720401210589685,-6.025894905077172,-9.924456213811585,1.1625653305822645,9.99231651258782,0.8133892501394819,-3.9897489608259242,0.2424912287491952,0.26581829590831474,1,1,3,0,0.7777953691076893,0.010444569901173024,0.015091160712077155,0.01992995482354769,-0.0513173135861305,-8.97933703999911e-06,0.18393006543975535,0.06422592572887498,0.007638830640423154,0.013399679281991709,-0.21611818778858338,0.04343068256568964,-7.856645524561766e-05
1,7,890529,0.4,32.55000000000029,23.810181258721837,-6.088612525373846,-9.735949933275082,0.5632128592813324,9.752226916356024,1.4758206637975766,-3.9906424848087054,0.25242559429380507,0.2424912287491952,1,1,3,0,0.7768642027892924,0.007707215809059426,0.01638761337058301,-0.10936987858307982,-0.00728725488270139,-0.00013408196080406354,0.16121993416620978,0.06972345297591058,0.010444569901173024,0.015091160712077155,0.01992995482354769,-0.0513173135861305,-8.97933703999911e-06
1,7,890529,0.4,32.70000000000028,22.896917896977172,-6.087720469058105,-9.453668411166293,-0.03357336533381883,9.453728026505907,2.080845500387187,-3.9654706713152006,0.2498668203486058,0.25242559429380507,1,1,3,0,0.7758948885072041,0.006094739436037028,0.01702567861805146,-0.0942772929030038,-0.051593035730944856,-2.495131541111196e-05,0.1367660824606703,0.0731862719174809,0.007707215809059426,0.01638761337058301,-0.10936987858307982,-0.00728725488270139,-0.00013408196080406354
1,7,890529,0.4,32.85000000000027,21.98287275062589,-6.095984625678487,-9.08877856849136,-0.6254242512189769,9.110271750122532,2.603407426777253,-3.9295775055911233,0.27092445469938653,0.2498668203486058,1,1,3,0,0.7749353999170656,0.0011133413277273662,0.016714028635346777,0.0038403981803229238,0.00580016549876573,-6.97285335673206e-05,0.10896609857091431,0.07387866664730976,0.006094739436037028,0.01702567861805146,-0.0942772929030038,-0.051593035730944856,-2.495131541111196e-05
1,7,890529,0.4,33.00000000000026,21.080526842910373,-5.974946348244756,-8.653359752354268,-1.2103865468151298,8.7376009634439,3.047385015791482,-3.8792816949222053,0.2645732295206834,0.27092445469938653,1,1,3,0,0.77389505001102,-0.002195590574956291,0.01576268625964774,-0.030693972885911754,-0.0081050561164808,-3.6933524963859486e-05,0.0820497144048444,0.0732770987737322,0.0011133413277273662,0.016714028635346777,0.0038403981803229238,0.00580016549876573,-6.97285335673206e-05
1,7,890529,0.4,33.150000000000254,20.193073754941466,-5.886700203269675,-8.160217670194926,-1.7883112949070217,8.353873934436258,3.4041619458214165,-3.8342678890006026,0.27113389244335473,0.2645732295206834,1,1,3,0,0.7728790888096605,-0.002921458048777207,0.016456168543433018,-0.13522206002384687,0.03453899249002659,-4.6120999526323104e-05,0.05655113459443757,0.0720074214977214,-0.002195590574956291,0.01576268625964774,-0.030693972885911754,-0.0081050561164808,-3.6933524963859486e-05
1,7,890529,0.4,33.300000000000246,19.322998568186176,-5.757148346864696,-7.6203546846156955,-2.3591713169330983,7.977185896165654,3.694193235162224,-3.786021834045411,0.2631182207936124,0.27113389244335473,1,1,3,0,0.771837934662678,-0.003021306902289407,0.016545917632898515,0.040528700636459414,-0.029616476422941358,8.54146468436783e-07,0.027921537144093685,0.07142862186601566,-0.002921458048777207,0.016456168543433018,-0.13522206002384687,0.03453899249002659,-4.6120999526323104e-05
1,7,890529,0.4,33.45000000000024,18.467813606187192,-5.673158394418168,-7.043003109849334,-2.9231398657756387,7.625525521577789,3.9262781128068256,-3.7409979487110037,0.27037447957556676,0.2631182207936124,1,1,3,0,0.7708275606948307,-0.006778060444539737,0.015373158131617375,0.00867292047425047,0.014185459860683028,-5.083755902401506e-05,0.0009558363854566456,0.06989227908799295,-0.003021306902289407,0.016545917632898515,0.040528700636459414,-0.029616476422941358,8.54146468436783e-07
1,7,890529,0.4,33.60000000000023,17.62958355473762,-5.545727315172349,-6.435122762875527,-3.479989727351665,7.315813931187143,4.118215943742799,-3.691972522555394,0.26949026144125926,0.27037447957556676,1,1,3,0,0.7697893226932604,-0.00952603319134853,0.01596461522534996,0.018821856356998706,0.03767965769059553,-3.385834717011867e-05,-0.022397027304843345,0.06794153626800027,-0.006778060444539737,0.015373158131617375,0.00867292047425047,0.014185459860683028,-5.083755902401506e-05
1,7,890529,0.4,33.75000000000022,16.8098862273953,-5.424214871973521,-5.800428007059118,-4.028752847652536,7.062281116788274,4.292835609864484,-3.634754071021718,0.2617414771897511,0.26949026144125926,1,1,3,0,0.7687544800893261,-0.009376262985817283,0.01503021627288582,-0.008037304576452348,0.00558027485605773,1.2034510116700075e-05,-0.04250116118574944,0.06725841735882854,-0.00952603319134853,0.01596461522534996,0.018821856356998706,0.03767965769059553,-3.385834717011867e-05
1,7,890529,0.4,33.90000000000021,16.00374946632884,-5.349412672996651,-5.138947638130196,-4.567910030193799,6.875651596131746,4.475272438457427,-3.566372548537911,0.27299955687097854,0.2617414771897511,1,1,3,0,0.7677493928169176,-0.013303098675876257,0.012469522471135811,0.08068749585485324,-0.018090161544753108,-4.925963594591697e-05,-0.06038395025989207,0.06702151718995415,-0.009376262985817283,0.01503021627288582,-0.008037304576452348,0.00558027485605773,1.2034510116700075e-05
1,7,890529,0.4,34.0500000000002,15.215300991687698,-5.209939639909074,-4.449658641879816,-5.094444634613261,6.764083689931369,4.663400145137226,-3.4736100808394736,0.2709547701279828,0.27299955687097854,1,1,3,0,0.766701074518533,-0.014949885895342322,0.014198651220684314,-0.09176034949160007,0.053391367719489796,-3.125754244168373e-05,-0.07332757500131845,0.06580454903851243,-0.013303098675876257,0.012469522471135811,0.08068749585485324,-0.018090161544753108,-4.925963594591697e-05
1,7,890529,0.4,34.200000000000195,14.446393582685594,-5.084282142003813,-3.7299882987041855,-5.603960768081535,6.731804289985496,4.8732555667816495,-3.348835744497951,0.2565085430794197,0.2709547701279828,1,1,3,0,0.7656606082012414,-0.012164873781961103,0.016185924972861494,-0.13417896758196315,0.04274351699732393,5.0863172212887396e-06,-0.08637194455974338,0.06587064183960861,-0.014949885895342322,0.014198651220684314,-0.09176034949160007,0.053391367719489796,-3.125754244168373e-05
1,7,890529,0.4,34.350000000000186,13.687667172494844,-5.0454184124647545,-2.9760593445263,-6.091168275929052,6.77932593904636,5.109260786501714,-3.1870160689050913,0.25996783932887935,0.2565085430794197,1,1,3,0,0.7646756153958165,-0.011247742201663437,0.01654231771753658,-0.08262298499742833,0.03991216174264677,-5.3352736334064055e-05,-0.10427115177683279,0.06799036397913245,-0.012164873781961103,0.016185924972861494,-0.13417896758196315,0.04274351699732393,5.0863172212887396e-06
1,7,890529,0.4,34.50000000000018,12.936483547301513,-4.989588046793886,-2.187354853003681,-6.549054520300524,6.904682205780906,5.336576731144791,-2.973812932188986,0.26187748756595836,0.25996783932887935,1,1,3,0,0.7636773388927938,-0.01304947306142029,0.01334277513590562,0.09762820478485143,-0.03564644400514394,-4.164172265437054e-05,-0.12562874415331682,0.07170745552007049,-0.011247742201663437,0.01654231771753658,-0.08262298499742833,0.03991216174264677,-5.3352736334064055e-05
1,7,890529,0.4,34.65000000000017,12.194350553847546,-4.927003982844636,-1.3677530113599818,-6.969867622948019,7.1028024737777535,5.530114647525758,-2.709286797293505,0.2565371457675454,0.26187748756595836,1,1,3,0,0.7626717293405405,-0.014475188099674546,0.014643217601292537,-0.01196023118934759,-0.03090688833459925,-0.0001825772394641268,-0.1426054496436245,0.07413317506654075,-0.01304947306142029,0.01334277513590562,0.09762820478485143,-0.03564644400514394,-4.164172265437054e-05
1,7,890529,0.4,34.80000000000016,11.458071825590046,-4.899638330486277,-0.5231190003858863,-7.345460380797137,7.364064210368155,5.682015113190312,-2.389470135338206,0.2685870318932225,0.2565371457675454,1,1,3,0,0.761686626700793,-0.01755220583695271,0.01433569792347617,-0.016693407972085437,-0.005929832755235503,-0.00018406009907933807,-0.15625183422484334,0.07417433657659442,-0.014475188099674546,0.014643217601292537,-0.01196023118934759,-0.03090688833459925,-0.0001825772394641268
1,7,890529,0.4,34.95000000000015,10.732515485316277,-4.806101832985351,0.33632623594788313,-7.667152305508141,7.67452538029849,5.751870081228391,-2.0106198037085194,0.2606711652493129,0.2685870318932225,1,1,3,0,0.7606552524983231,-0.019002977863049098,0.01117099851603223,0.11078607912426262,-0.065072039878738,3.877596497773089e-05,-0.1688566765633106,0.07297868594793987,-0.01755220583695271,0.01433569792347617,-0.016693407972085437,-0.005929832755235503,-0.00018406009907933807
1,7,890529,0.4,35.10000000000014,10.016103996046219,-4.761257466613753,1.1986674513615174,-7.927744162878449,8.017850782535607,5.744707528529425,-1.5896414382474913,0.26356375057042225,0.2606711652493129,1,1,3,0,0.7596542752237656,-0.020642471333179126,0.009891428272870312,-0.041238507181984574,-0.05263527350391765,-3.7850551761480227e-05,-0.1758203665843663,0.06896575355782143,-0.019002977863049098,0.01117099851603223,0.11078607912426262,-0.065072039878738,3.877596497773089e-05
1,7,890529,0.4,35.250000000000135,9.307966330919253,-4.700798303190177,2.0502236488217775,-8.120901505717859,8.375706434430391,5.639626127561771,-1.1268484148524676,0.2551996132562597,0.26356375057042225,1,1,3,0,0.7586421904215751,-0.018907361160472393,0.011731187686869886,-0.13059052700855764,-0.006689719867263709,-0.00010752195000356577,-0.18079084488000197,0.06177455186151917,-0.020642471333179126,0.009891428272870312,-0.041238507181984574,-0.05263527350391765,-3.7850551761480227e-05
1,7,890529,0.4,35.40000000000013,8.604019165485951,-4.689225288925992,2.877063503197963,-8.241271651339448,8.729035045903125,5.443881467828646,-0.6313743062893952,0.2647487987905104,0.2551996132562597,1,1,3,0,0.757662223906671,-0.019276377373756433,0.01130320130159266,-0.09847859310752191,0.0628862782686125,-7.871132679909263e-05,-0.18998427204079463,0.05351749508209548,-0.018907361160472393,0.011731187686869886,-0.13059052700855764,-0.006689719867263709,-0.00010752195000356577
1,7,890529,0.4,35.55000000000012,7.907112232469153,-4.624840282627504,3.6620285652625526,-8.284520588517216,9.057799655234406,5.122452123823799,-0.10865737027912373,0.265647458002743,0.2647487987905104,1,1,3,0,0.7566455885193155,-0.02034841448133422,0.004929681565093467,0.016868512965455426,-0.012662245401332744,-9.836960960889306e-05,-0.2035553456761836,0.047649479250271784,-0.019276377373756433,0.01130320130159266,-0.09847859310752191,0.0628862782686125,-7.871132679909263e-05
1,7,890529,0.4,35.70000000000011,7.220002939428978,-4.559129336228558,4.38710862371148,-8.248380624117315,9.34251063668421,4.685439178176493,0.42301863492613184,0.2555529128256656,0.265647458002743,1,1,3,0,0.755625502280585,-0.018365823498337146,0.001543168041372801,0.13087648608473904,-0.12443495226636804,-0.00016194327740705073,-0.21634918513489437,0.042613433246146026,-0.02034841448133422,0.004929681565093467,0.016868512965455426,-0.012662245401332744,-9.836960960889306e-05
1,7,890529,0.4,35.8500000000001,6.536676123825707,-4.55390455465178,5.0384628193398875,-8.132305362143235,9.56663462692153,4.169704450584446,0.9548341111183557,0.25834991119547823,0.2555529128256656,1,1,3,0,0.7546441790953345,-0.019606267537759348,0.0030101953794059244,-0.032633137227828235,-0.0036206295209249536,-0.00021601208691509116,-0.22217826564456292,0.03300128112582477,-0.018365823498337146,0.001543168041372801,0.13087648608473904,-0.12443495226636804,-0.00016194327740705073
1,7,890529,0.4,36.00000000000009,5.855604732164538,-4.533802821797402,5.604832377025293,-7.9370325217828,9.716513326620246,3.5808614453284413,1.4792050486834416,0.2541012700464037,0.25834991119547823,1,1,3,0,0.753652115436344,-0.01695827520887141,0.002073859481855711,-0.0503561988360568,0.034455866056379944,8.033674029153618e-06,-0.225485003604283,0.021565257927652005,-0.019606267537759348,0.0030101953794059244,-0.032633137227828235,-0.0036206295209249536,-0.00021601208691509116
1,7,890529,0.4,36.150000000000084,5.175144401917683,-4.537814188031861,6.079181679673184,-7.66528130414288,9.783301455342999,2.9575843787136775,1.980900749609047,0.2573329204659681,0.2541012700464037,1,1,3,0,0.7526763665593659,-0.01575458991784175,-0.00022939870045147407,-0.0020715631007121858,0.02519617193788512,4.6236729444925824e-05,-0.23009103991809718,0.012018476968116743,-0.01695827520887141,0.002073859481855711,-0.0503561988360568,0.034455866056379944,8.033674029153618e-06
1,7,890529,0.4,36.300000000000075,4.495867498357944,-4.524011641579395,6.457144784597894,-7.321332865868886,9.761999472552317,2.3079228107376903,2.4513095003899674,0.2476816478811495,0.2573329204659681,1,1,3,0,0.7516882081447765,-0.012374785009272717,-0.002521721117387694,0.0933102119800526,-0.027864082975261596,-0.00010293313304148404,-0.23449749836739386,0.004638559133788589,-0.01575458991784175,-0.00022939870045147407,-0.0020715631007121858,0.02519617193788512,4.6236729444925824e-05
1,7,890529,0.4,36.45000000000007,3.813127556504865,-4.565398386718834,6.739193109696174,-6.91046702375834,9.652527039911767,1.6764688133146737,2.8845207891498736,0.2647450175568535,0.2476816478811495,1,1,3,0,0.7507371106169131,-0.01408758739567972,-0.0050484204339298995,0.14208477912229667,-0.019765016728169875,-4.198602066077499e-05,-0.23441240339962544,-0.002776259693350921,-0.012374785009272717,-0.002521721117387694,0.0933102119800526,-0.027864082975261596,-0.00010293313304148404
1,7,890529,0.4,36.60000000000006,3.1340247517460647,-4.508042458910435,6.925910772386306,-6.4392829205662565,9.45688133361908,1.0417930725888884,3.2702504132202175,0.26114137930900205,0.2647450175568535,1,1,3,0,0.7497204897494948,-0.012357957207265152,-0.006732864957231788,-0.009282611574809191,-0.024568812478232695,1.0302089661261543e-05,-0.22659071197861583,-0.010802952548252504,-0.01408758739567972,-0.0050484204339298995,0.14208477912229667,-0.019765016728169875,-4.198602066077499e-05
1,7,890529,0.4,36.75000000000005,2.4618461833701826,-4.467347977158696,7.022498985558755,-5.915190392269633,9.181773759953613,0.45937987460083773,3.60596292988128,0.2587874702856745,0.26114137930900205,1,1,3,0,0.7487177068529484,-0.008524035440663921,-0.009238504346455163,0.07245551046465014,-0.08145279786501353,6.716421695826353e-05,-0.21627519171401438,-0.01937051679178652,-0.012357957207265152,-0.006732864957231788,-0.009282611574809191,-0.024568812478232695,1.0302089661261543e-05
1,7,890529,0.4,36.90000000000004,1.7948993703779497,-4.43536767740851,7.037546942118745,-5.346241343918594,8.837950184853351,-0.06445023363546598,3.886123398435543,0.27776106194371664,0.2587874702856745,1,1,3,0,0.7477239629670512,-0.009743184724342475,-0.01327216819697237,0.09690686392558613,-0.056981614985210594,4.444118983538493e-05,-0.2034524950361088,-0.03056390102491599,-0.008524035440663921,-0.009238504346455163,0.07245551046465014,-0.08145279786501353,6.716421695826353e-05
1,7,890529,0.4,37.05000000000003,1.144110084880829,-4.28967222619278,6.97658433973605,-4.7421906610586095,8.435703960860753,-0.5623521770390909,4.096496865278523,0.2596810532602135,0.27776106194371664,1,1,3,0,0.7466573604891875,-0.00534246074133192,-0.011087518212119464,-0.07070536037966714,0.018245152404600798,9.300436679535633e-05,-0.18591746750093044,-0.04420377605439907,-0.009743184724342475,-0.01327216819697237,0.09690686392558613,-0.056981614985210594,4.444118983538493e-05
1,7,890529,0.4,37.200000000000024,0.5052784636586711,-4.243052385126441,6.848467477008313,-4.111516357086657,7.987870400690771,-0.9864422980195935,4.257979746228765,0.26025000450680263,0.2596810532602135,1,1,3,0,0.7456601852446681,-0.0025071465293012977,-0.014288722334469083,0.15727407855123057,-0.03186274922017759,2.6588717225569263e-05,-0.16983643070455284,-0.05692197316925652,-0.00534246074133192,-0.011087518212119464,-0.07070536037966714,0.018245152404600798,9.300436679535633e-05
2,13,703491,0,0,244.7959314349573,-20.974148609908298,0.6715926867031072,37.969059609356734,37.974998674861304,1.3567164077053806,0.3297201006664141,0.4057647718079039,0,1,0,1,1,1,0.002752881274978427,-0.0011654734733334842,-0.09711812938862217,0.13680979076480446,-0.00028940347892417536,-0.06014571070671082,0.018035949133336546,0,0,0,0,0
2,13,703491,0,0.15000000000000002,241.59174889542103,-21.401523647135676,0.9196540587409885,38.024281831333575,38.03540156717743,1.801651984482984,0.3877609904237942,0.7110014708982464,0.4057647718079039,1,0.375,1,1,0.9993153881825536,-0.00728920262281755,-0.004179765131474322,0.301824157759934,-0.48512024091274447,0.0012864614265087934,-0.06376698996376448,0.0231040488035276,0.002752881274978427,-0.0011654734733334842,-0.09711812938862217,0.13680979076480446,-0.00028940347892417536
2,13,703491,0,0.3,238.46310322049715,-20.492742008083486,1.2243858986755534,38.09030395743149,38.10997738648498,2.148874725965678,0.4651709231732091,0.586039616883747,0.7110014708982464,1,0.75,1,1,0.9977373633709423,-0.007986247375461348,-0.0003589030350516001,0.3081403217259076,-0.49646898276809653,-0.0007987947555712717,-0.058443715867933274,0.01751507811468395,-0.00728920262281755,-0.004179765131474322,0.301824157759934,-0.48512024091274447,0.0012864614265087934
2,13,703491,0,0.44999999999999996,235.62308253487996,-17.591442011375396,1.5750351554591084,38.16651910815375,38.19900413065761,2.4147978504378926,0.5181696433116924,0.14438542608111155,0.586039616883747,1,1,3,1,0.9948306068711991,-0.01389327787069225,0.005226187719267921,-0.4356324024942843,-0.08261685283511902,-0.00024112962734334294,-0.036088346689589566,-0.01471105834553125,-0.007986247375461348,-0.0003589030350516001,0.3081403217259076,-0.49646898276809653,-0.0007987947555712717
2,13,703491,0,0.6,233.1545093931415,-16.344964814142482,1.9745235575590208,38.242947633944354,38.29388707107135,2.820500551435501,0.5023598368441625,0.26918117958660015,0.14438542608111155,1,1,3,1,0.993028360378714,-0.01275487045752036,0.011417103662169794,-0.36011100794119055,0.23904868628471096,-0.0004891597067601289,-0.017069077446183294,-0.058212068453924,-0.01389327787069225,0.005226187719267921,-0.4356324024942843,-0.08261685283511902,-0.00024112962734334294
2,13,703491,0,0.7500000000000001,230.80884941651306,-15.28473129181396,2.441921557416192,38.308380866997226,38.38613064042133,3.270283142473233,0.3903529748083442,0.1444058716943935,0.26918117958660015,1,1,3,1,0.9913486698180938,-0.006501974753612609,0.0006062032480830373,-0.3806561910998797,0.21283398463564546,6.90802078668972e-05,-0.01959274569448133,-0.0919684535542296,-0.01275487045752036,0.011417103662169794,-0.36011100794119055,0.23904868628471096,-0.0004891597067601289
2,13,703491,0,0.9000000000000002,228.5050537172963,-15.395972283386865,2.978388119562897,38.357786696551116,38.47324519778475,3.7314793119082714,0.29250715229370916,0.2443836812529424,0.1444058716943935,1,1,3,1,0.9904475771787209,-0.005509060795618488,-0.00014520453149557814,-0.12645327917350668,0.2555555361879949,0.0005883620919449879,-0.042170902734122086,-0.11152696263747236,-0.006501974753612609,0.0006062032480830373,-0.3806561910998797,0.21283398463564546,6.90802078668972e-05
2,13,703491,0,1.0500000000000003,226.27720420120693,-14.58120237331547,3.574034273009943,38.37855147440071,38.544609665397765,4.086564295502921,0.05585070303764661,0.15398621584664812,0.2443836812529424,1,1,3,1,0.9889226230077025,-0.004186652843617539,-0.006397526930311493,0.09735700293477458,0.09081008140522077,7.177335482505698e-07,-0.07456660212654904,-0.11651298065274507,-0.005509060795618488,-0.00014520453149557814,-0.12645327917350668,0.2555555361879949,0.0005883620919449879
2,13,703491,0,1.2000000000000004,224.0870017201195,-14.611766901650192,4.219433776472588,38.371495482209795,38.60278859014313,4.408944623255081,-0.1017672005248682,0.22667840302543985,0.15398621584664812,1,1,3,1,0.9879617490208193,-0.009282787747328667,-0.00571724447757365,0.039427057909531604,0.12099503663669794,6.838438243666056e-05,-0.10334072361775981,-0.11307083223145299,-0.004186652843617539,-0.006397526930311493,0.09735700293477458,0.09081008140522077,7.177335482505698e-07
2,13,703491,0,1.3500000000000005,221.9591042620247,-13.973544823168954,4.897485190886282,38.33200728308564,38.64360417385367,4.572953822459315,-0.34593533850319136,0.1608604232124704,0.22667840302543985,1,1,3,1,0.9865472757859406,-0.009639020115266236,-0.005367145940054152,0.0433311244467118,0.023991010339709722,7.023061388910438e-06,-0.12668588690129187,-0.10351462028135269,-0.009282787747328667,-0.00571724447757365,0.039427057909531604,0.12099503663669794,6.838438243666056e-05
2,13,703491,0,1.5000000000000007,219.86577799841393,-13.946724477394282,5.599727703916535,38.263985216558254,38.67155951097653,4.735133287423584,-0.5091928354982083,0.213295689302743,0.1608604232124704,1,1,3,1,0.9855435067450946,-0.012267021803910564,-0.0035240610622786724,-0.10150048251892659,0.08478931819269458,3.6079477939825145e-05,-0.1458411170446767,-0.09132295193642384,-0.009639020115266236,-0.005367145940054152,0.0433311244467118,0.023991010339709722,7.023061388910438e-06
2,13,703491,0,1.6500000000000008,217.82457197843146,-13.43912954482266,6.311776224121383,38.16742170143271,38.685793237807346,4.751246906654696,-0.7119344298942625,0.1668225653247185,0.213295689302743,1,1,3,1,0.9842125416438456,-0.010777646860607218,-0.0040951164827715296,-0.12786746878318336,-0.03042227154764996,8.830979949702212e-05,-0.16625871900803302,-0.07621725763902615,-0.012267021803910564,-0.0035240610622786724,-0.10150048251892659,0.08478931819269458,3.6079477939825145e-05
2,13,703491,0,1.800000000000001,215.81630236818484,-13.363691084058718,7.02669731468923,38.04592988597548,38.68936877284021,4.772651600178404,-0.8604173953277939,0.19810761666523324,0.1668225653247185,1,1,3,1,0.9831715688362194,-0.010546235914789266,-0.0018259401662736306,0.07313790754117848,-0.05521242968029381,0.0001358248974607472,-0.1914829473552787,-0.061564309042742654,-0.010777646860607218,-0.0040951164827715296,-0.12786746878318336,-0.03042227154764996,8.830979949702212e-05
2,13,703491,0,1.950000000000001,213.8474690981341,-13.007359135671916,7.732453381814318,37.90131543877212,38.68204424912466,4.670411216118188,-1.0175252755008248,0.17872174888925219,0.19810761666523324,1,1,3,1,0.9819353773082283,-0.014331015803954964,-0.001442055530623661,0.07365971638193003,-0.044199403107827516,-1.5917212397129402e-05,-0.21426153473015283,-0.05037629002116039,-0.010546235914789266,-0.0018259401662736306,0.07313790754117848,-0.05521242968029381,0.0001358248974607472
2,13,703491,0,2.1000000000000005,211.91349245587097,-12.836760761521354,8.420654751287188,37.73519335873959,38.663319105605,4.548459872414522,-1.1546422235854683,0.19631434625574334,0.17872174888925219,1,1,3,1,0.9808201535951593,-0.016715102169491715,0.0004178347427155976,0.032171220059741094,-0.04086589607621157,7.059365564051864e-05,-0.231027560541847,-0.04249935799306569,-0.014331015803954964,-0.001442055530623661,0.07365971638193003,-0.044199403107827516,-1.5917212397129402e-05
2,13,703491,0,2.25,210.0204579315386,-12.512578823852607,9.082678674780308,37.54830320044938,38.631206622912856,4.349127040637968,-1.29389269379259,0.17515308464479434,0.19631434625574334,1,1,3,1,0.9795951520745233,-0.015062385748457323,0.003396393276700759,0.007487997019927087,-0.04630432477703829,3.431808331703773e-05,-0.24357680527423348,-0.0374440619173731,-0.016715102169491715,0.0004178347427155976,0.032171220059741094,-0.04086589607621157,7.059365564051864e-05
2,13,703491,0,2.3999999999999995,208.15643622501662,-12.384391383955853,9.717951098947363,37.34244760092915,38.58622767762704,4.182732809539699,-1.414174798489007,0.1890933159933476,0.17515308464479434,1,1,3,1,0.9785021968263397,-0.015629319386342395,0.0029653592620028798,0.08072329486365264,-0.04761312788099489,9.042601765714313e-05,-0.253886403771306,-0.035253592962251626,-0.015062385748457323,0.003396393276700759,0.007487997019927087,-0.04630432477703829,3.431808331703773e-05
2,13,703491,0,2.549999999999999,206.32384283640823,-12.13408879728813,10.323822120351851,37.11804679539655,38.52701261553917,3.972990923658359,-1.5395884723303328,0.17069907521271976,0.1890933159933476,1,1,3,1,0.9773222545345411,-0.014146132276702387,0.004889549341374967,0.041940184366694326,-0.032919535850826624,6.546624866514128e-05,-0.2598440354411743,-0.03591369990378129,-0.015629319386342395,0.0029653592620028798,0.08072329486365264,-0.04761312788099489,9.042601765714313e-05
2,13,703491,0,2.6999999999999984,204.51201751672085,-12.051321400670286,10.903358912121806,36.876207540954944,38.45436149736631,3.8156085517706066,-1.6512193719947899,0.2001901225048069,0.17069907521271976,1,1,3,1,0.9762570923052138,-0.019026414056888617,0.003334972721455418,0.00925596175150792,0.03345468884922744,2.42065314175143e-05,-0.26189781615008223,-0.0387507011413752,-0.014146132276702387,0.004889549341374967,0.041940184366694326,-0.032919535850826624,6.546624866514128e-05
2,13,703491,0,2.849999999999998,202.73893853774356,-11.70515858218015,11.452003326113363,36.616220547417434,38.36529665411733,3.585651000378725,-1.7765295674828507,0.1708047945879314,0.2001901225048069,1,1,3,1,0.9750079059407839,-0.01654946824039241,0.005084197617416289,0.048773637645886464,0.030060801429753817,-2.7846818105310605e-05,-0.26206531241477216,-0.040899433212934835,-0.019026414056888617,0.003334972721455418,0.00925596175150792,0.03345468884922744,2.42065314175143e-05
2,13,703491,0,2.9999999999999973,200.99139182102442,-11.6227745847978,11.975340822543846,36.340138753903524,38.26244206096948,3.447535255722256,-1.8740694350437597,0.19091733112272796,0.1708047945879314,1,1,3,1,0.9739420840225551,-0.016431053403965,0.004416132236331059,0.01666510673046405,0.039315498508481206,3.9671431982516815e-05,-0.25964054594116315,-0.041347986348543184,-0.01654946824039241,0.005084197617416289,0.048773637645886464,0.030060801429753817,-2.7846818105310605e-05
2,13,703491,0,3.149999999999997,199.27454397764282,-11.356844950913223,12.474203493223529,36.04985732049991,38.14705710298962,3.2716735887009545,-1.9666299685055488,0.17705738540509058,0.19091733112272796,1,1,3,1,0.9727507598763493,-0.01695737597453449,0.004121729006608642,-0.024448804444434175,0.027496975748418438,3.7686467981006673e-05,-0.25528945005478537,-0.039937469213704405,-0.016431053403965,0.004416132236331059,0.01666510673046405,0.039315498508481206,3.9671431982516815e-05
2,13,703491,0,3.2999999999999963,197.5852454905237,-11.214314905899213,12.951128264779072,35.74848902092543,38.022180245351336,3.139384223503984,-2.0307131974870787,0.1910943674201791,0.17705738540509058,1,1,3,1,0.9716459217914214,-0.01785462257638999,0.005181892429798233,0.0034656533184616333,0.05220907229732643,5.860480841643896e-05,-0.25123535499422284,-0.03704365567079454,-0.01695737597453449,0.004121729006608642,-0.024448804444434175,0.027496975748418438,3.7686467981006673e-05
2,13,703491,0,3.4499999999999957,195.93023161354756,-10.94272844124602,13.404907017269318,35.43963487391191,37.890094380165245,2.973239300074283,-2.0729807831746436,0.1767851817370819,0.1910943674201791,1,1,3,1,0.9704534929387196,-0.017156171400759146,0.0037415487307122636,-0.048273080766391425,0.023497463743990227,-3.488554931118516e-05,-0.24712482048566028,-0.032091698796412715,-0.01785462257638999,0.005181892429798233,0.0034656533184616333,0.05220907229732643,5.860480841643896e-05
2,13,703491,0,3.599999999999995,194.30321453987773,-10.798606445607215,13.83710238220991,35.1279226517067,37.75495135952433,2.8394756623638875,-2.0801628473993006,0.16868711264673142,0.1767851817370819,1,1,3,1,0.9693503534046803,-0.011087617051483334,0.004942373440312913,-0.025750990193054782,-0.06846051483133177,5.404570133111526e-05,-0.24439224944034188,-0.025805594302164454,-0.017156171400759146,0.0037415487307122636,-0.048273080766391425,0.023497463743990227,-3.488554931118516e-05
2,13,703491,0,3.7499999999999947,192.69084700564233,-10.72427208326007,14.250980626748635,34.81885791578958,37.62237785393033,2.7222798298816904,-2.0505185575091605,0.17165197633195084,0.16868711264673142,1,1,3,1,0.9682977458217649,-0.01050124599552007,0.005418736462792562,0.033074465699577955,-0.04976581701138082,6.537201406384067e-05,-0.24322483051029387,-0.022190224905324518,-0.011087617051483334,0.004942373440312913,-0.025750990193054782,-0.06846051483133177,5.404570133111526e-05
2,13,703491,0,3.899999999999994,191.09243458663107,-10.621879479458542,14.645046434390089,34.51683129473356,37.4951867270259,2.5825279171917375,-1.9957178741489714,0.1805935532133739,0.17165197633195084,1,1,3,1,0.9672266374894536,-0.014519454347048516,0.006332202715990183,0.00123532332039788,0.01763568909684933,2.233757279593263e-05,-0.24102269834584983,-0.022062474814388004,-0.01050124599552007,0.005418736462792562,0.033074465699577955,-0.04976581701138082,6.537201406384067e-05
2,13,703491,0,4.049999999999994,189.5174878109618,-10.438363245711237,15.013909950257476,34.22489338940067,37.37326343136604,2.400574569639549,-1.9226301442566993,0.16995990603711686,0.1805935532133739,1,1,3,1,0.9660997337174022,-0.013155261109594491,0.007614982049392315,0.00972584440029714,0.025940074650839418,1.9485697844157254e-05,-0.23786558153007828,-0.022398863612502918,-0.014519454347048516,0.006332202715990183,0.00123532332039788,0.01763568909684933,2.233757279593263e-05
2,13,703491,0,4.199999999999993,187.9605854287422,-10.349655440597818,15.356970974454732,33.94631963273863,37.25841078358417,2.233812905756954,-1.8256432486323,0.17124373079608474,0.16995990603711686,1,1,3,1,0.9650391839037307,-0.010912544125038736,0.007927308981654236,-0.04668666273018124,0.003508125372209739,8.751201998572313e-06,-0.23407579068999929,-0.02167848575934507,-0.013155261109594491,0.007614982049392315,0.00972584440029714,0.025940074650839418,1.9485697844157254e-05
2,13,703491,0,4.3499999999999925,186.4184176768126,-10.246703476651664,15.674330562872129,33.684094075313965,37.15242700374753,2.06053834285636,-1.7109163932607185,0.17028214627230948,0.17124373079608474,1,1,3,1,0.963970623023563,-0.009682935544369636,0.006821618807275059,-0.009409165342352064,0.014316352289296213,7.14382282203896e-06,-0.23169832844426047,-0.02066769287474881,-0.010912544125038736,0.007927308981654236,-0.04668666273018124,0.003508125372209739,8.751201998572313e-06
2,13,703491,0,4.499999999999992,184.8909605567341,-10.151132715726304,15.965784887602277,33.44043121460476,37.05629132678959,1.8886059487162583,-1.5830069433776046,0.17899819337739414,0.17028214627230948,1,1,3,1,0.9629080624308238,-0.012173149527591142,0.0050363132446182915,0.07472481310265124,0.003417895850801849,3.4598597805210836e-06,-0.2303335210389283,-0.01936980480767545,-0.009682935544369636,0.006821618807275059,-0.009409165342352064,0.014316352289296213,7.14382282203896e-06
2,13,703491,0,4.6499999999999915,183.38580335292122,-9.975824898118928,16.229562856961337,33.21662954400796,36.969489972028576,1.6990480185744374,-1.4486492458735611,0.17520142253616017,0.17899819337739414,1,1,3,1,0.9617911137041488,-0.013643694475463876,0.00474847040945743,0.06789038152422765,-0.0018407408316708069,-2.573592394606804e-05,-0.22607838518568812,-0.017964759203747016,-0.012173149527591142,0.0050363132446182915,0.07472481310265124,0.003417895850801849,3.4598597805210836e-06
2,13,703491,0,4.799999999999991,181.9036339579172,-9.833427612817985,16.467410924977926,33.01399006372118,36.893077433301265,1.5361036972595337,-1.3045581313504182,0.17657820324460743,0.17520142253616017,1,1,3,1,0.9606978568275233,-0.014216403978936209,0.001971157823919705,0.0611630388696108,-0.07023374316323092,4.1260995115922486e-05,-0.21779578327635207,-0.01682494784416369,-0.013643694475463876,0.00474847040945743,0.06789038152422765,-0.0018407408316708069,-2.573592394606804e-05
2,13,703491,0,4.94999999999999,180.44442700524786,-9.674870650925934,16.683835647653666,32.833093662024474,36.828825820777816,1.4047634826019206,-1.1598389576745962,0.17019301686428362,0.17657820324460743,1,1,3,1,0.959596008839277,-0.012127834454101219,0.0023038985469139533,-0.03712461944400872,-0.044587918524042945,0.00013313066542839188,-0.2060942346793107,-0.018486640591458305,-0.014216403978936209,0.001971157823919705,0.0611630388696108,-0.07023374316323092,4.1260995115922486e-05
2,13,703491,0,5.09999999999999,179.0036501024593,-9.569887149980675,16.886777452127642,32.67407809893734,36.77986721472963,1.336172440756405,-1.01418919878259,0.16810331884868845,0.17019301686428362,1,1,3,1,0.9585340044140439,-0.010064684555827224,0.003179943176225397,-0.06366151974953867,-0.036452627244172454,8.369672100144223e-05,-0.1950022595284057,-0.023027162155763947,-0.012127834454101219,0.0023038985469139533,-0.03712461944400872,-0.044587918524042945,0.00013313066542839188
2,13,703491,0,5.249999999999989,177.57711579285197,-9.480104584540108,17.08499155313249,32.53644747092266,36.74938571457648,1.3229107938983136,-0.8737307888527825,0.15917103953702033,0.16810331884868845,1,1,3,1,0.9574850397044281,-0.006292569526996092,0.00392249518841137,0.03410307562192443,-0.04767057912288176,4.0933210159763143e-05,-0.1873114272319929,-0.02951443760627946,-0.010064684555827224,0.003179943176225397,-0.06366151974953867,-0.036452627244172454,8.369672100144223e-05
2,13,703491,0,5.399999999999989,176.15612691469755,-9.469616020644688,17.288013658156704,32.4192473688824,36.74075415950796,1.3773332225450403,-0.7400534004980179,0.1714148500044405,0.15917103953702033,1,1,3,1,0.9564918124177171,-0.008091114010226634,0.004285301524760659,-0.00015876589921376923,0.03009094577957192,9.2381232005296e-06,-0.17977880206496075,-0.038108347982853626,-0.006292569526996092,0.00392249518841137,0.03410307562192443,-0.04767057912288176,4.0933210159763143e-05
2,13,703491,0,5.549999999999988,174.7482077048207,-9.344153283941932,17.501422541747864,32.32021033621854,36.754534239494966,1.4538302268599836,-0.625386759891417,0.16245937524288118,0.1714148500044405,1,1,3,1,0.9554221837536894,-0.007451845244110575,0.0033087018998115406,-0.10083634172574318,0.06301162819531178,3.5932683922089474e-05,-0.17188836719762166,-0.04601995698211776,-0.008091114010226634,0.004285301524760659,-0.00015876589921376923,0.03009094577957192,9.2381232005296e-06
2,13,703491,0,5.699999999999988,173.35100072736535,-9.299860226894472,17.732177667108797,32.23746578774327,36.79244929647698,1.5877426971915842,-0.5192100835273226,0.1636482976367477,0.16245937524288118,1,1,3,1,0.9544084372521737,-0.005632979265926933,0.001723360199572407,-0.0038254244216207284,0.001150561704422993,3.9613495226709834e-05,-0.16799979981873878,-0.050655633705117296,-0.007451845244110575,0.0033087018998115406,-0.10083634172574318,0.06301162819531178,3.5932683922089474e-05
2,13,703491,0,5.849999999999987,171.96165747950022,-9.243448355134216,17.98612548990208,32.16971043471869,36.85635602704306,1.7513119160823027,-0.42199521473058876,0.1608538083386083,0.1636482976367477,1,1,3,1,0.9533872718749203,-0.0048618021654858274,0.001395657549023431,-0.024680728912378734,-0.0053425173106052245,-2.509786904235055e-05,-0.16613188939990156,-0.05387647817157175,-0.005632979265926933,0.001723360199572407,-0.0038254244216207284,0.001150561704422993,3.9613495226709834e-05
2,13,703491,0,5.999999999999987,170.57824185464904,-9.212400818873922,18.267232153013513,32.11627506710312,36.947894320487606,1.9399758655108879,-0.3272376916671504,0.15786104472459028,0.1608538083386083,1,1,3,1,0.9523835441108873,-0.005025994960784312,0.00034358065429281314,-0.02012651065715608,-0.01861262552190665,-5.046493646436707e-05,-0.16520703341034548,-0.05710868306824906,-0.0048618021654858274,0.001395657549023431,-0.024680728912378734,-0.0053425173106052245,-2.509786904235055e-05
2,13,703491,0,6.149999999999986,169.19670467254952,-9.209177782450693,18.57820420120944,32.07685137083302,37.06850503066381,2.1430925963638194,-0.23439630209636636,0.17593215417043012,0.15786104472459028,1,1,3,1,0.9513984911918058,-0.010111177598260477,0.0008159302920213424,-0.07732940633083282,0.10550816621176883,-8.506812922827837e-05,-0.1653787048300026,-0.060933014220164894,-0.005025994960784312,0.00034358065429281314,-0.02012651065715608,-0.01861262552190665,-5.046493646436707e-05
2,13,703491,0,6.299999999999986,167.83227232089448,-9.039806210643997,18.916140698145618,32.05010812849188,37.215988633382594,2.309792752758373,-0.15343421556371217,0.16400684965121337,0.17593215417043012,1,1,3,1,0.9503006745497823,-0.009908833276998477,-0.0010963393354496216,-0.06729151004128041,0.0568793831907809,8.198296423037424e-06,-0.16847598529848565,-0.060965656392684364,-0.010111177598260477,0.0008159302920213424,-0.07732940633083282,0.10550816621176883,-8.506812922827837e-05
2,13,703491,0,6.449999999999985,166.48208653622353,-8.982076216661753,19.28004287519184,32.036771556719245,37.39083825012019,2.4847613250188427,-0.05893837281169684,0.16913151136571236,0.16400684965121337,1,1,3,1,0.9492772718079586,-0.008944652334631849,-0.0025901127855398193,0.0244045888974024,-0.001803125009024924,-7.170954665102886e-05,-0.17492487143133228,-0.05697589864691209,-0.009908833276998477,-0.0010963393354496216,-0.06729151004128041,0.0568793831907809,8.198296423037424e-06
2,13,703491,0,6.5999999999999845,165.14519915586396,-8.877973357247617,19.667580555900642,32.03843744044218,37.593552619404946,2.6330453911193326,0.04420813119108907,0.1631658857554651,0.16913151136571236,1,1,3,1,0.9482218911770366,-0.009791525780535739,-0.003552906219919674,-0.051253169415889116,-0.033078074325307696,-1.1268199847945658e-05,-0.1809601347804798,-0.052220489313026246,-0.008944652334631849,-0.0025901127855398193,0.0244045888974024,-0.001803125009024924,-7.170954665102886e-05
2,13,703491,0,6.749999999999984,163.81825207092592,-8.830635523965665,20.076278616864048,32.0573445587204,37.824995746972306,2.7703834720798297,0.16488827101266362,0.1711863844395522,0.1631658857554651,1,1,3,1,0.9472037360499224,-0.01165463555468609,-0.002623842418870222,-0.11761119245135007,0.011332406307991927,0.00010288068454306671,-0.18774459992340667,-0.04892969214748075,-0.009791525780535739,-0.003552906219919674,-0.051253169415889116,-0.033078074325307696,-1.1268199847945658e-05
2,13,703491,0,6.8999999999999835,162.50559184388337,-8.711609975299845,20.501669566833804,32.09534845368815,38.08450928384534,2.8680313909011725,0.29537329179689753,0.1685162603652896,0.1711863844395522,1,1,3,1,0.9461355330110196,-0.01140168318291475,-0.0035580327810720448,0.039998065313645775,-0.05675937070853229,5.400359664940332e-05,-0.19898866610940294,-0.04593892426053493,-0.01165463555468609,-0.002623842418870222,-0.11761119245135007,0.011332406307991927,0.00010288068454306671
2,13,703491,0,7.049999999999983,161.20797789765123,-8.620723397322495,20.939785197282152,32.15420536403997,38.37144155099171,2.946683536936746,0.43832337926234166,0.16278128905921668,0.1685162603652896,1,1,3,1,0.9450839915463402,-0.01045329600741869,-0.0031424729597437336,0.07233038737734723,-0.10719258099891991,4.050420601204141e-05,-0.2097580764970151,-0.0449306753483051,-0.01140168318291475,-0.0035580327810720448,0.039998065313645775,-0.05675937070853229,5.400359664940332e-05
2,13,703491,0,7.199999999999982,159.91843468883624,-8.585336507804847,21.38936596082769,32.235684729685964,38.68648790208182,3.02334320704501,0.5921855922842831,0.16432859486831025,0.16278128905921668,1,1,3,1,0.9440682363026106,-0.010693585205713606,-0.001628258258386854,-0.04407227590028882,-0.05750905081235217,9.333252988420324e-05,-0.2160778397152238,-0.04886832382036664,-0.01045329600741869,-0.0031424729597437336,0.07233038737734723,-0.10719258099891991,4.050420601204141e-05
2,13,703491,0,7.349999999999982,158.63541223358774,-8.537812670823355,21.849748118092037,32.34026611208078,39.029531191448704,3.0938984870840858,0.745324199274622,0.1686319016595335,0.16432859486831025,1,1,3,1,0.9430428258706325,-0.012505994137448928,-0.0036692726886228947,-0.09925411633461927,-0.0005926100910616793,0.00014615936199283974,-0.22196464803193924,-0.05653810347350528,-0.010693585205713606,-0.001628258258386854,-0.04407227590028882,-0.05750905081235217,9.333252988420324e-05
2,13,703491,0,7.499999999999981,157.36310572939215,-8.454590019213331,22.319764126691535,32.466378566306766,39.398446769915815,3.154923360853191,0.8835125937859227,0.16032190870679358,0.1686319016595335,1,1,3,1,0.941990562804277,-0.010620222649876648,-0.0018139974584412773,0.025280176897326524,0.021048326026372976,6.967028283887777e-05,-0.23153748186917872,-0.06466394418803013,-0.012505994137448928,-0.0036692726886228947,-0.09925411633461927,-0.0005926100910616793,0.00014615936199283974
2,13,703491,0,7.649999999999981,156.09533113339202,-8.450902854280152,22.801317115614303,32.61301919946527,39.793329635901245,3.240039970801097,1.0195821999716934,0.1683936495039019,0.16032190870679358,1,1,3,1,0.9409901540939465,-0.011737051680743694,-0.003914314207466581,0.0019407350884331016,0.028795139596229487,-1.7952411706580574e-05,-0.2409795382675015,-0.07140921156588519,-0.010620222649876648,-0.0018139974584412773,0.025280176897326524,0.021048326026372976,6.967028283887777e-05
2,13,703491,0,7.79999999999998,154.83503574830908,-8.377905451897206,23.294441878544575,32.77786988407818,40.21218442923053,3.3135378287835824,1.1335169105454241,0.16325969622559838,0.1683936495039019,1,1,3,1,0.9399393777210423,-0.013307342399109955,-0.005691980644450195,0.010464631175478342,0.012256385756336276,-3.302571171680851e-05,-0.2489035497943037,-0.07616097555849939,-0.011737051680743694,-0.003914314207466581,0.0019407350884331016,0.028795139596229487,-1.7952411706580574e-05
2,13,703491,0,7.94999999999998,153.58058919865408,-8.355837083833613,23.800717595608752,32.958700872815065,40.65402958243648,3.40837118754025,1.2362218349031768,0.15595880145074092,0.16325969622559838,1,1,3,1,0.9389206372165945,-0.01002057580080484,-0.0057352005355976385,0.007129686756017442,-0.04292161715753653,0.00014362055911007157,-0.2554730757915479,-0.07946309384397303,-0.013307342399109955,-0.005691980644450195,0.010464631175478342,0.012256385756336276,-3.302571171680851e-05
2,13,703491,0,8.09999999999998,152.32267561257126,-8.401477102380019,24.32470383284794,33.15415461161234,41.12042296191107,3.537836919514561,1.330629548509802,0.17205098999899415,0.15595880145074092,1,1,3,1,0.9379474542955417,-0.0138875593889316,-0.0071644485491631,-0.04332018730515514,0.022650985431890626,0.00010728342006919282,-0.26081394263534396,-0.08373542591058938,-0.01002057580080484,-0.0057352005355976385,0.007129686756017442,-0.04292161715753653,0.00014362055911007157
2,13,703491,0,8.249999999999982,151.07210158141115,-8.30532662205007,24.86452254330854,33.35994810189664,41.60685783218838,3.630536335166517,1.386349392531303,0.16973530980060386,0.17205098999899415,1,1,3,1,0.9368738561179482,-0.01532437794966711,-0.008166691625201327,-0.0913141603944395,0.036084768937236486,1.0838239756357315e-05,-0.26686204694895593,-0.08744583568854904,-0.0138875593889316,-0.0071644485491631,-0.04332018730515514,0.022650985431890626,0.00010728342006919282
2,13,703491,0,8.399999999999984,149.83345309405223,-8.23425854900298,25.418703667542083,33.57197756641537,42.109240955617025,3.726308166088675,1.4208611716871202,0.1672806912138044,0.16973530980060386,1,1,3,1,0.9358147077847923,-0.014668546801619557,-0.009363456747268689,0.00432750901288361,-0.008392927199398499,2.7279446881474704e-05,-0.2761740069220101,-0.08890971459514314,-0.01532437794966711,-0.008166691625201327,-0.0913141603944395,0.036084768937236486,1.0838239756357315e-05
2,13,703491,0,8.549999999999986,148.60282676600985,-8.189622916863078,25.986788205328732,33.787103384583176,42.624893153521505,3.8161017763282326,1.434488495417015,0.16128914677716416,0.1672806912138044,1,1,3,1,0.934770876271618,-0.012983126460163719,-0.009640568190216726,0.06734334836526172,-0.04460962346224039,-7.97643147695005e-05,-0.28587353860425835,-0.08964249793977554,-0.014668546801619557,-0.009363456747268689,0.00432750901288361,-0.008392927199398499,2.7279446881474704e-05
2,13,703491,0,8.699999999999989,147.3731688732774,-8.202108947779001,26.568205911918184,34.00256397065452,43.15140695222506,3.903924412460804,1.4306821380775017,0.1651070102428675,0.16128914677716416,1,1,3,1,0.9337644319957286,-0.015209686694829666,-0.006890126023747711,0.026187349130850652,0.010702178181431982,9.364309550667138e-06,-0.2919369725942662,-0.09182325623239738,-0.012983126460163719,-0.009640568190216726,0.06734334836526172,-0.04460962346224039,-7.97643147695005e-05
2,13,703491,0,8.84999999999999,146.1447604375025,-8.183217298260043,27.159050033879172,34.21479479701987,43.68370613563975,3.9537222865925523,1.400125835626124,0.16853123695254218,0.1651070102428675,1,1,3,1,0.9327341642518131,-0.017375456275258223,-0.0071104393170355615,-0.04134097377502229,0.03280893733671577,-5.4546461589214086e-06,-0.2949554262932481,-0.09402224468445596,-0.015209686694829666,-0.006890126023747711,0.026187349130850652,0.010702178181431982,9.364309550667138e-06
2,13,703491,0,8.999999999999993,144.92201144579207,-8.136034428058252,27.753268378904934,34.41942982971042,44.21471537298282,3.9616587237282035,1.3397170698780188,0.15466503637372797,0.16853123695254218,1,1,3,1,0.9316825293332294,-0.014089911225123321,-0.006023839413736327,0.024009793371801806,0.002633506110402659,3.593657926967277e-05,-0.2982862729337504,-0.09444177442332297,-0.017375456275258223,-0.0071104393170355615,-0.04134097377502229,0.03280893733671577,-5.4546461589214086e-06
2,13,703491,0,9.149999999999995,143.69393940850688,-8.212802648783468,28.34960439789685,34.61442772281236,44.742135354663766,3.978255737529497,1.2738516133836089,0.1611763187315261,0.15466503637372797,1,1,3,1,0.9307174195062572,-0.014096366685967043,-0.006318323560527823,0.04673065418846662,-0.020009627942731336,-7.55591352724447e-05,-0.3007851216656252,-0.0939458338617528,-0.014089911225123321,-0.006023839413736327,0.024009793371801806,0.002633506110402659,3.593657926967277e-05
2,13,703491,0,9.299999999999997,142.46013530304614,-8.23161970571884,28.942913352168123,34.796723768921034,45.2604045315738,3.9397270360970404,1.179919102790483,0.15901596739873997,0.1611763187315261,1,1,3,1,0.9297116792773724,-0.015641877754088564,-0.006589829407052156,0.027296302095913185,-0.006762432660539816,-2.0429611054623446e-05,-0.3005234632731624,-0.09398175182687415,-0.014096366685967043,-0.006318323560527823,0.04673065418846662,-0.020009627942731336,-7.55591352724447e-05
2,13,703491,0,9.45,141.2215604961724,-8.269795865501765,29.527514063787905,34.96318506733595,45.763505075987965,3.8722715112611112,1.0687228299251135,0.15991898445014713,0.15901596739873997,1,1,3,1,0.9287194196408044,-0.01672507602211919,-0.009530572996356197,0.012034430155127193,-0.0507031971046535,-0.00010100569251503438,-0.29795715752505053,-0.09442446024390277,-0.015641877754088564,-0.006589829407052156,0.027296302095913185,-0.006762432660539816,-2.0429611054623446e-05
2,13,703491,0,9.600000000000001,139.97812940815496,-8.29921975467514,30.098782789553297,35.110696033763475,46.24605606306384,3.7731743299476577,0.9349210780467987,0.17058786213662658,0.15991898445014713,1,1,3,1,0.9277215251778356,-0.019498750863294143,-0.007786456773199513,-0.09053467693486435,0.07875237566181575,-0.00011369446008974315,-0.29411471384160376,-0.09656706955689988,-0.01672507602211919,-0.009530572996356197,0.012034430155127193,-0.0507031971046535,-0.00010100569251503438
2,13,703491,0,9.750000000000004,138.73991693708098,-8.232397428642631,30.649450353271728,35.23552110495119,46.70043634159245,3.6169024000501673,0.7754754355974453,0.1609988384005786,0.17058786213662658,1,1,3,1,0.9266570569181031,-0.01755928219781101,-0.005506733009818011,-0.16465439909551854,0.1091894368890715,8.874335816790281e-05,-0.29304777240240343,-0.09630367640932073,-0.019498750863294143,-0.007786456773199513,-0.09053467693486435,0.07875237566181575,-0.00011369446008974315
2,13,703491,0,9.900000000000006,137.5032774491331,-8.250331883276104,31.177422525706476,35.33700543042087,47.124681729811435,3.467554258334503,0.6229600795823822,0.16747667540784322,0.1609988384005786,1,1,3,1,0.9256524241664835,-0.01483468877122911,-0.005571224015413514,-0.05350896702670994,0.05248804204637692,5.862289139832893e-05,-0.29918651800729057,-0.09040180368945598,-0.01755928219781101,-0.005506733009818011,-0.16465439909551854,0.1091894368890715,8.874335816790281e-05
2,13,703491,0,10.050000000000008,136.2696670995643,-8.211308152613125,31.678888147450877,35.41513621967031,47.51614281185403,3.2768659587388225,0.46670410115952377,0.17276675099891697,0.16747667540784322,1,1,3,1,0.9246073697119385,-0.016611888957097372,-0.010994681362009803,0.03799564106673467,-0.029805306078334773,-0.0001470963508616632,-0.3093643552332956,-0.08080077619989634,-0.01483468877122911,-0.005571224015413514,-0.05350896702670994,0.05248804204637692,5.862289139832893e-05
2,13,703491,0,10.20000000000001,135.04613251638912,-8.130054734173997,32.147533211508396,35.46938307981283,47.870043113073834,3.044650570652987,0.30635531414284217,0.16074180914205294,0.17276675099891697,1,1,3,1,0.9235293051857053,-0.014407514900139999,-0.006083319082232142,0.045606575525429786,-0.0198670483978975,2.6135012936689653e-05,-0.31789947222329057,-0.07167911522411168,-0.016611888957097372,-0.010994681362009803,0.03799564106673467,-0.029805306078334773,-0.0001470963508616632
2,13,703491,0,10.350000000000012,133.8239378670942,-8.157109175298825,32.58379312838758,35.5024538294055,48.18846130084076,2.837960652599901,0.17461107166862805,0.16255970725566504,0.16074180914205294,1,1,3,1,0.9225262762966588,-0.013446517425338186,-0.005858702001609605,0.07746846023972817,-0.08295553989644326,4.9271218974281195e-05,-0.32301493893431305,-0.06418241415950841,-0.014407514900139999,-0.006083319082232142,0.045606575525429786,-0.0198670483978975,2.6135012936689653e-05
2,13,703491,0,10.500000000000014,132.59924998455068,-8.168325922821177,32.98811424520792,35.51650749728677,48.47306454372074,2.6227435297187665,0.04997960538341013,0.16503874250124245,0.16255970725566504,1,1,3,1,0.9215119037233834,-0.014468280506686011,-0.004616723647149883,0.12882227837121446,-0.0805620245519952,-0.00012145374865611107,-0.32367438183596187,-0.06041671191120956,-0.013446517425338186,-0.005858702001609605,0.07746846023972817,-0.08295553989644326,4.9271218974281195e-05
2,13,703491,0,10.650000000000016,131.37514491084102,-8.15658545275216,33.35959982015814,35.512242465451685,48.723528865283605,2.4028969748962172,-0.0715319498685255,0.16581197992999458,0.16503874250124245,1,1,3,1,0.9204820619701757,-0.015390584751160421,0.0005360348673023974,-0.04236711042206615,0.044532057465914675,2.0027857257398402e-05,-0.3176815318788751,-0.06121282333500303,-0.014468280506686011,-0.004616723647149883,0.12882227837121446,-0.0805620245519952,-0.00012145374865611107
2,13,703491,0,10.800000000000018,130.1538557004757,-8.134169540342237,33.69886932580103,35.490353057421636,48.940565525725695,2.1906200180554287,-0.18716188986395912,0.16061604093199744,0.16581197992999458,1,1,3,1,0.9194473952154126,-0.012625607112978556,0.001371467611243766,-0.030838140185505618,0.043822712488592944,0.00010344495509331156,-0.31083781031413965,-0.0617287267260047,-0.015390584751160421,0.0005360348673023974,-0.04236711042206615,0.044532057465914675,2.0027857257398402e-05
2,13,703491,0,10.95000000000002,128.93175234423592,-8.153624816387095,34.00899241854577,35.451683288069994,49.12670773909366,2.0041860911787004,-0.29686124075216125,0.16914376426770467,0.16061604093199744,1,1,3,1,0.9184451511199969,-0.01265401791434737,0.0014684420335106764,0.07196097470580318,0.04125945012292062,9.047808697170703e-05,-0.3059219757842364,-0.05982224514562902,-0.012625607112978556,0.001371467611243766,-0.030838140185505618,0.043822712488592944,0.00010344495509331156
2,13,703491,0,11.100000000000023,127.71470503742734,-8.093241265159929,34.288585832521385,35.3962185230611,49.2808218694299,1.7914476601630915,-0.40971709186458516,0.168624172173736,0.16914376426770467,1,1,3,1,0.9173896940309664,-0.014404078124996365,0.00010262801982107557,-0.04584157296036987,0.04637902222747931,-2.8946214759598465e-05,-0.2988199625177688,-0.05577279095865303,-0.01265401791434737,0.0014684420335106764,0.07196097470580318,0.04125945012292062,9.047808697170703e-05
2,13,703491,0,11.250000000000025,126.50657617794676,-8.034200787622789,34.53576271161773,35.32410676127135,49.40153261342063,1.5727743175359303,-0.5195894337133888,0.15958678194564552,0.168624172173736,1,1,3,1,0.9163374791966022,-0.010457386241226326,-0.0019473792525394123,0.005639358932715686,-0.08576532880629073,-1.443096477675002e-05,-0.29212702530938983,-0.04955054980120841,-0.014404078124996365,0.00010262801982107557,-0.04584157296036987,0.04637902222747931,-2.8946214759598465e-05
2,13,703491,0,11.400000000000027,125.29966773735515,-8.051620639304828,34.751968454183725,35.23631724131391,49.49037648039361,1.3712265869860438,-0.6219576622595553,0.15685815002248077,0.15958678194564552,1,1,3,1,0.9153416576772615,-0.007338289897751191,0.0008149651398533126,-0.06872992056462758,-0.03797704872436088,-0.00011106012763516857,-0.28612199802071137,-0.046030379539617736,-0.010457386241226326,-0.0019473792525394123,0.005639358932715686,-0.08576532880629073,-1.443096477675002e-05
2,13,703491,0,11.55000000000003,124.08812050007779,-8.089430488081097,34.93699893213158,35.1335083243186,49.547525685534765,1.1591640507732288,-0.7218013730617545,0.16078467123719076,0.15685815002248077,1,1,3,1,0.9143628628211211,-0.005685970148164184,0.0024284541657515002,-0.06060078740599985,0.0004270156250331904,-0.0002580709255529935,-0.2826934897995154,-0.04569061012175053,-0.007338289897751191,0.0008149651398533126,-0.06872992056462758,-0.03797704872436088,-0.00011106012763516857
2,13,703491,0,11.700000000000031,122.87469810299021,-8.08945972926302,35.08633834738011,35.01488435705402,49.56907569407263,0.9071452094065506,-0.8304491618133943,0.1530344859815188,0.16078467123719076,1,1,3,1,0.9133595664726011,-0.0032754672016455963,0.0034121335460635307,-0.014390338740226846,-0.005804731832354832,-0.0001063350621751823,-0.2827777695445431,-0.04610225904651287,-0.005685970148164184,0.0024284541657515002,-0.06060078740599985,0.0004270156250331904,-0.0002580709255529935
2,13,703491,0,11.850000000000033,121.65431976033707,-8.15909120746267,35.19647563639952,34.879437529440246,49.5516605129817,0.6405347923688514,-0.944571368631669,0.1656194995102857,0.1530344859815188,1,1,3,1,0.9124046312800765,-0.004555214662562293,0.004479251267020554,0.06893283427811679,0.05560246080489811,2.9700071559872577e-06,-0.2843582787738782,-0.0467865966837012,-0.0032754672016455963,0.0034121335460635307,-0.014390338740226846,-0.005804731832354832,-0.0001063350621751823
2,13,703491,0,12.000000000000036,120.43488611003147,-8.114745040871117,35.25914051153543,34.72502397064729,49.487718470083344,0.2994067396770457,-1.0770595323545822,0.15465525197283342,0.1656194995102857,1,1,3,1,0.9113711656031324,-0.004067815230998022,0.0022635850689894555,0.08217733611414185,-0.009622116449146585,0.00016154431533826576,-0.28341730899184286,-0.04560681106932573,-0.004555214662562293,0.004479251267020554,0.06893283427811679,0.05560246080489811,2.9700071559872577e-06
2,13,703491,0,12.150000000000038,119.21223677879988,-8.168866058068756,35.27042635955764,34.550000063053524,49.37312507773816,-0.042842186187872056,-1.2167562063563817,0.1746511938912365,0.15465525197283342,1,1,3,1,0.9104061168308218,-0.007996917385142651,-0.00010564673551671388,0.020342662825666928,0.021953511728891543,0.00013974942915296226,-0.2781279568313597,-0.043949611996005514,-0.004067815230998022,0.0022635850689894555,0.08217733611414185,-0.009622116449146585,0.00016154431533826576
2,13,703491,0,12.30000000000004,117.99981700833087,-8.039353048456837,35.222415306728394,34.35149631693416,49.200039016773104,-0.4635307969748501,-1.3815511470727624,0.16082516507818628,0.1746511938912365,1,1,3,1,0.9093162933809406,-0.007794823029437982,-0.00031793967315265725,0.1387510368682448,-0.002612601227623056,0.00011208626291298091,-0.270730031247387,-0.04178444588592758,-0.007996917385142651,-0.00010564673551671388,0.020342662825666928,0.021953511728891543,0.00013974942915296226
2,13,703491,0,12.450000000000042,116.79459936202765,-8.031926936315472,35.11391116747005,34.1282323993281,48.96654984966295,-0.8567811557142329,-1.5465470218263289,0.16481794432950753,0.16082516507818628,1,1,3,1,0.9083127443508525,-0.006223478033541315,0.00033599139586758286,0.12055919764354413,-0.02527475656724036,3.841683956570694e-05,-0.258074602107024,-0.03945448789602716,-0.007794823029437982,-0.00031793967315265725,0.1387510368682448,-0.002612601227623056,0.00011208626291298091
2,13,703491,0,12.600000000000044,115.59484341696647,-7.9807575527438654,34.94631478753921,33.87948515976583,48.67303598421383,-1.2490915988119142,-1.7187401083982607,0.14780087438306,0.16481794432950753,1,1,3,1,0.9072842803782364,-0.0008418429504181819,0.003912014656849089,0.010825026494701196,-0.025146527926776747,-2.4158041939117098e-05,-0.23908189096253546,-0.03826309150378582,-0.006223478033541315,0.00033599139586758286,0.12055919764354413,-0.02527475656724036,3.841683956570694e-05
2,13,703491,0,12.750000000000046,114.38803385697857,-8.076941348662562,34.726777659029025,33.60574444838337,48.32489158301017,-1.5715000590202952,-1.8825399187543166,0.16114966872182107,0.14780087438306,1,1,3,1,0.906362002922086,0.0004284569389919382,0.008301951634770207,-0.04127666200008729,0.09400965798082116,0.00010380245053609458,-0.21868446362348137,-0.038614598982598246,-0.0008418429504181819,0.003912014656849089,0.010825026494701196,-0.025146527926776747,-2.4158041939117098e-05
2,13,703491,0,12.900000000000048,113.17992428401207,-8.04193241854221,34.459234825886554,33.30705824592581,47.92493081667502,-1.8898435850073156,-2.049457446256127,0.15853935486033155,0.16114966872182107,1,1,3,1,0.9053564289892618,0.0009916845194361031,0.004498173143744216,0.06811340446088157,0.010005148699224456,-7.602060862272826e-05,-0.20096355336057958,-0.03613576951025214,0.0004284569389919382,0.008301951634770207,-0.04127666200008729,0.09400965798082116,0.00010380245053609458
2,13,703491,0,13.05000000000005,111.97521523158876,-8.025497668067251,34.14787956993768,32.983241071451985,47.47601363531361,-2.168570051470722,-2.2165162885604444,0.1545335897328442,0.15853935486033155,1,1,3,1,0.9043671434149333,0.005561979130585686,0.006081832796333969,-0.07534454130269205,-0.0020563019964367118,-9.844667427175614e-06,-0.18266605849506326,-0.03193230742151072,0.0009916845194361031,0.004498173143744216,0.06811340446088157,0.010005148699224456,-7.602060862272826e-05
2,13,703491,0,13.200000000000053,110.7698929847666,-8.039971995975394,33.799758775004,32.63564487646624,46.98413572421309,-2.397104910808152,-2.370441315964508,0.16197420459509382,0.1545335897328442,1,1,3,1,0.9034028538150004,0.005152514373194051,0.005369382005025509,0.1282913388719098,-0.027807959144344568,0.00024285488805738536,-0.1672519836932888,-0.02806986793969604,0.005561979130585686,0.006081832796333969,-0.07534454130269205,-0.0020563019964367118,-9.844667427175614e-06
2,13,703491,0,13.350000000000055,109.56979368360781,-7.9805272399550695,33.41953643389971,32.26571634885934,46.45365289147667,-2.603895512906636,-2.5165731086432888,0.16408541910807756,0.16197420459509382,1,1,3,1,0.9023921347783269,0.003489514153004383,0.005813934597984234,0.009720228149698557,0.008658510772236356,3.475938500276746e-05,-0.1496400493390279,-0.02570028687112047,0.005152514373194051,0.005369382005025509,0.1282913388719098,-0.027807959144344568,0.00024285488805738536
2,13,703491,0,13.500000000000057,108.38101624368578,-7.897017650747484,33.011486372727894,31.875136354655293,45.88880637110391,-2.7788102744656253,-2.649760079381301,0.160768713916067,0.16408541910807756,1,1,3,1,0.9013682417630924,0.005422340541403036,0.007524696080106488,-0.06045878410237936,0.02611998685982074,7.384083547343925e-05,-0.1306432991971352,-0.02384938188127789,0.003489514153004383,0.005813934597984234,0.009720228149698557,0.008658510772236356,3.475938500276746e-05
2,13,703491,0,13.650000000000059,107.20207896906214,-7.840500255398459,32.58122469526407,31.46650496572135,45.29544278844232,-2.9147589793108133,-2.7632946320775544,0.16522888309254435,0.160768713916067,1,1,3,1,0.900365044988256,0.005960075659768699,0.006907001400839799,0.04739302574731431,0.007483233960778029,7.560247585536807e-05,-0.11510852126783105,-0.021218336320002088,0.005422340541403036,0.007524696080106488,-0.06045878410237936,0.02611998685982074,7.384083547343925e-05
2,13,703491,0,13.800000000000061,106.03614473184811,-7.738794238434885,32.13239842767972,31.042563754528697,44.67809075116273,-3.033511808871403,-2.8592850786871744,0.15372452149945703,0.16522888309254435,1,1,3,1,0.8993340167577585,0.008789027885180052,0.006819420040690273,-0.03483893019465858,-0.008976830312370314,9.908566608003137e-06,-0.10012395158079443,-0.018239230944346617,0.005960075659768699,0.006907001400839799,0.04739302574731431,0.007483233960778029,7.560247585536807e-05
2,13,703491,0,13.950000000000063,104.8748402812292,-7.743418718411356,31.668681173072606,30.606538717778925,44.041634614585135,-3.1242831161244604,-2.9320968393019644,0.16529352068182473,0.15372452149945703,1,1,3,1,0.898374775743602,0.008426077276477453,0.008210370151400973,0.08409529872853298,0.00032621251953143083,2.5236343962487738e-05,-0.08679897705371842,-0.015863023240878,0.008789027885180052,0.006819420040690273,-0.03483893019465858,-0.008976830312370314,9.908566608003137e-06
2,13,703491,0,14.100000000000065,103.72402466708814,-7.636240703408353,31.190891885803055,30.161715030798405,43.388947788935205,-3.220247652568398,-2.98367283543935,0.15349674664333413,0.16529352068182473,1,1,3,1,0.8973433441745473,0.010089626450337974,0.008783785497482075,-0.02541315911594266,0.011110791409383274,-4.613667687607789e-05,-0.07214394662648045,-0.014037828087902215,0.008426077276477453,0.008210370151400973,0.08409529872853298,0.00032621251953143083,2.5236343962487738e-05
2,13,703491,0,14.250000000000068,102.57825371128229,-7.639424717335775,30.699867604112626,29.711424182340846,42.72295165192864,-3.305400556778656,-3.012623161604978,0.16321248166761904,0.15349674664333413,1,1,3,1,0.8963855244754928,0.009656956272519284,0.009229688001224194,0.008290293780039775,0.014064565047431492,-5.0357776705868884e-05,-0.05816783706939427,-0.012179502145660144,0.010089626450337974,0.008783785497482075,-0.02541315911594266,0.011110791409383274,-4.613667687607789e-05
2,13,703491,0,14.40000000000007,101.4413888149679,-7.548815212497587,30.195066192611986,29.25876664305365,42.0454212471333,-3.4011637622756767,-3.021869617841288,0.15911824217543447,0.16321248166761904,1,1,3,1,0.895367078589887,0.010294155901640237,0.010784307053733974,-0.02831933004613722,0.05749807013739687,5.619373305663803e-05,-0.04557133075459097,-0.010006510725645863,0.009656956272519284,0.009229688001224194,0.008290293780039775,0.014064565047431492,-5.0357776705868884e-05
2,13,703491,0,14.550000000000072,100.31431218479429,-7.496275833349119,29.675355275742728,28.8068932600225,41.35775392880858,-3.5028509595835917,-3.00937065746542,0.1631755437229015,0.15911824217543447,1,1,3,1,0.8943741807587121,0.010299968575091838,0.010296536215518192,-0.03601196662509033,0.03729714494987549,-7.507529382344178e-05,-0.03501714163371434,-0.0059193012232916,0.010294155901640237,0.010784307053733974,-0.02831933004613722,0.05749807013739687,5.619373305663803e-05
2,13,703491,0,14.700000000000074,99.19904897570082,-7.404446086096274,29.139245572564782,28.358825760417634,40.661021028104585,-3.616269503461402,-2.9774798652424344,0.15040412667386371,0.1631755437229015,1,1,3,1,0.8933559653658811,0.014141322587516252,0.007826099063367238,0.07846234445970107,-0.09762886987446627,5.183304681105281e-05,-0.02732511180969673,-1.501728331895942e-05,0.010299968575091838,0.010296536215518192,-0.03601196662509033,0.03729714494987549,-7.507529382344178e-05
2,13,703491,0,14.850000000000076,98.08542305863578,-7.4339963927686625,28.585877282700743,27.916975257258176,39.956349777425764,-3.7317317714742586,-2.9320136192009554,0.1641338361144148,0.15040412667386371,1,1,3,1,0.8924174436154361,0.011264295202697833,0.009088242806112538,-0.0033042298792334518,-0.01508698657801754,3.2875442610579135e-05,-0.01827749121862389,0.0023054787523556003,0.014141322587516252,0.007826099063367238,0.07846234445970107,-0.09762886987446627,5.183304681105281e-05
2,13,703491,0,15.000000000000078,96.98049778505272,-7.332225155036792,28.014454931894946,27.483176694891426,39.2445497664809,-3.8535438936460196,-2.875094455139878,0.16042217820053162,0.1641338361144148,1,1,3,1,0.8913932484780822,0.012327834974267668,0.011110176342060792,-0.031881931027794824,0.016656192932351342,0.00010238936598692775,-0.00890978580126205,0.0018830143606745748,0.011264295202697833,0.009088242806112538,-0.0033042298792334518,-0.01508698657801754,3.2875442610579135e-05
2,13,703491,0,15.15000000000008,95.88731293451002,-7.265717923570064,27.425468482939387,27.058545936673568,38.52688969688282,-3.9678902480683647,-2.8122555916607315,0.15826581325104577,0.16042217820053162,1,1,3,1,0.8903922140861109,0.014818181860517967,0.008902028602897294,0.04524312084851404,-0.0447109486684892,3.81733483054758e-05,-0.001774021220008473,0.001503317943708563,0.012327834974267668,0.011110176342060792,-0.031881931027794824,0.016656192932351342,0.00010238936598692775
2,13,703491,0,15.300000000000082,94.80205857279402,-7.219674485168432,26.82073343870016,26.643034979193196,37.804802011018666,-4.067551102450604,-2.7529517628025095,0.17621983260413582,0.15826581325104577,1,1,3,1,0.8894046354114243,0.00985279901560015,0.007751784005812836,0.0577386851836383,0.033593352793158414,-5.962187166502261e-05,0.005553992659339514,-0.0005000840014642429,0.014818181860517967,0.008902028602897294,0.04524312084851404,-0.0447109486684892,3.81733483054758e-05
2,13,703491,0,15.450000000000085,93.74087265379387,-7.002034618931005,26.202495984886,26.23586093038415,37.079525274690674,-4.151588703763417,-2.699548014380461,0.15483975271629086,0.17621983260413582,1,1,3,1,0.8883050236559746,0.012013655463838337,0.008003792830275417,-0.03703283688043924,0.030938797017631314,1.2907808378472182e-05,0.014971597055147268,-0.0022058613860219847,0.00985279901560015,0.007751784005812836,0.0577386851836383,0.033593352793158414,-5.962187166502261e-05
2,13,703491,0,15.600000000000087,92.69189208259351,-6.988802544563371,25.574350117670658,25.836063355654808,36.35312302483255,-4.208524269251667,-2.6523629112508242,0.16018382914479834,0.15483975271629086,1,1,3,1,0.8873388235990248,0.014984460531766547,0.006333528639839776,0.03119888578984307,-0.05068026308923193,7.678328791180185e-05,0.023088241194678064,-0.002298784760895724,0.012013655463838337,0.008003792830275417,-0.03703283688043924,0.030938797017631314,1.2907808378472182e-05
2,13,703491,0,15.750000000000089,91.6499689868831,-6.924855948703081,24.94116744518228,25.44262730274484,35.62848744466986,-4.230435048035447,-2.612589975439834,0.1554650878375311,0.16018382914479834,1,1,3,1,0.8863392765051612,0.015147199875520673,0.007392230180197277,0.006707736509530869,-0.008151845325925736,-3.4124130793996375e-05,0.03072091707837913,-0.00391082649387658,0.014984460531766547,0.006333528639839776,0.03119888578984307,-0.05068026308923193,7.678328791180185e-05
2,13,703491,0,15.900000000000091,90.61310501344767,-6.906243564874426,24.307487096695105,25.054388591128983,34.9081124759173,-4.224657456319125,-2.580811520802329,0.15928870485021585,0.1554650878375311,1,1,3,1,0.8853691743570549,0.014843197894201302,0.00972594055437935,0.014244642524460229,0.04636140798924221,-9.403416768047825e-06,0.038200099695807704,-0.006847440015178827,0.015147199875520673,0.007392230180197277,0.006707736509530869,-0.008151845325925736,-3.4124130793996375e-05
2,13,703491,0,16.050000000000093,89.58265254503985,-6.851444310270123,23.67753047455571,24.670256546972595,34.19425401243546,-4.190861208385015,-2.5554267208155874,0.16073955116180694,0.15928870485021585,1,1,3,1,0.8843752128387896,0.013702951786571799,0.008667917892024622,0.017215592062353107,0.07478087640590765,1.3181329306536902e-05,0.045373851735045566,-0.008300531141423043,0.014843197894201302,0.00972594055437935,0.014244642524460229,0.04636140798924221,-9.403416768047825e-06
2,13,703491,0,16.200000000000095,88.56177458364922,-6.783108005715631,23.05480811366563,24.289087279247127,33.48856428718357,-4.136221492427036,-2.5378251035002632,0.16367791493280476,0.16073955116180694,1,1,3,1,0.8833721980395398,0.012832544366181859,0.008754145250374705,-0.022653740271171827,0.0781048950511994,1.8789289077592348e-05,0.052528665319249525,-0.006339191718440106,0.013702951786571799,0.008667917892024622,0.017215592062353107,0.07478087640590765,1.3181329306536902e-05
2,13,703491,0,16.350000000000097,87.55391133841131,-6.687130503163815,22.441849717219537,23.910568161873055,32.79255843257497,-4.067064489544062,-2.51927725282821,0.15266477228101138,0.16367791493280476,1,1,3,1,0.882350847850359,0.015064696246491972,0.008290655260994394,0.05181275620660437,-0.03526708796489412,-6.072844612133151e-05,0.05827030099788693,-0.0005481099830817815,0.012832544366181859,0.008754145250374705,-0.022653740271171827,0.0781048950511994,1.8789289077592348e-05
2,13,703491,0,16.5000000000001,86.54987234248381,-6.696878707801657,21.839333336606046,23.535276668289953,32.1070977891236,-3.998346884488239,-2.4960260803022676,0.15887225590484066,0.15266477228101138,1,1,3,1,0.8813982196713254,0.015550548472597524,0.008781314989887906,-0.018203969229981697,-0.017183773565394456,-1.4121741262655327e-06,0.06470356312824521,0.0047112612880649985,0.015064696246491972,0.008290655260994394,0.05181275620660437,-0.03526708796489412,-6.072844612133151e-05
2,13,703491,0,16.6500000000001,85.55022467525723,-6.648105455377978,21.247383464619947,23.164258785219445,31.433011137357195,-3.9280078360568873,-2.464972217206278,0.15368520745010084,0.15887225590484066,1,1,3,1,0.8804068567944792,0.016112773226616705,0.007600143098323922,0.05924012733908779,-0.07329901865811661,0.00014111948395582497,0.07050567464845389,0.00808906007032804,0.015550548472597524,0.008781314989887906,-0.018203969229981697,-0.017183773565394456,-1.4121741262655327e-06
2,13,703491,0,16.800000000000104,84.55288951277237,-6.649364321633209,20.664516786034564,22.798135042859485,30.769745131098535,-3.8731974341691116,-2.431810339106986,0.1572962266723223,0.15368520745010084,1,1,3,1,0.8794478610999906,0.015726093917792935,0.008771691455958314,-0.10000375604035343,-0.021411528344316522,2.3092482876768253e-05,0.07730344975191804,0.00798438358724299,0.016112773226616705,0.007600143098323922,0.05924012733908779,-0.07329901865811661,0.00014111948395582497
2,13,703491,0,16.950000000000106,83.55874769755674,-6.6167711367081194,20.088453295813743,22.437415434974547,30.11616787075879,-3.833536912612195,-2.394614134304707,0.1554915300320004,0.1572962266723223,1,1,3,1,0.8784663326455552,0.016208745122743323,0.009066205047977732,0.018432637594450216,-0.008298233864466289,9.803528157741633e-06,0.08054669928817455,0.005517587868029185,0.015726093917792935,0.008771691455958314,-0.10000375604035343,-0.021411528344316522,2.3092482876768253e-05
2,13,703491,0,17.100000000000108,82.56776377916788,-6.601440246949928,19.515587395259203,22.082320996976826,29.47010437707209,-3.822261502177116,-2.356951790546585,0.16073077480796844,0.1554915300320004,1,1,3,1,0.8774960654981556,0.015278876198767428,0.008559701633482507,0.00011195870390118364,0.007736093297571593,2.9325948228057476e-05,0.08196432535758764,0.0022482749616837454,0.016208745122743323,0.009066205047977732,0.018432637594450216,-0.008298233864466289,9.803528157741633e-06
2,13,703491,0,17.25000000000011,81.58409403601546,-6.53596829917843,18.941804009909628,21.732936841478676,28.829021539163094,-3.8371479576182823,-2.318579392554631,0.15508909228527484,0.16073077480796844,1,1,3,1,0.8764931054633538,0.015905965406022442,0.00812814300664695,0.027291633471933623,-0.017308406338150003,-8.266894559292621e-05,0.08314363479851236,-0.00093902255598316,0.015278876198767428,0.008559701633482507,0.00011195870390118364,0.007736093297571593,2.9325948228057476e-05
2,13,703491,0,17.400000000000112,80.60487122074875,-6.5242366109406476,18.36249455129702,21.38929920270165,28.190128175109564,-3.884710725190396,-2.280275358655725,0.1544623947090223,0.15508909228527484,1,1,3,1,0.8755253495274936,0.01714739179268661,0.009372370702145964,0.03222466496260359,-0.0006122720794192381,4.2012232281912606e-06,0.08477631866671317,-0.0046681914175663464,0.015905965406022442,0.00812814300664695,0.027291633471933623,-0.017308406338150003,-8.266894559292621e-05
2,13,703491,0,17.550000000000114,79.62679214354633,-6.518684251859462,17.773769040030118,21.051642228770916,27.55137939226463,-3.9544469617910436,-2.2397200519535865,0.16321409891465427,0.1544623947090223,1,1,3,1,0.8745615041845093,0.014395137649460665,0.009079538841403887,0.008342136726856101,0.07543595395122796,8.099184576352948e-05,0.08748091623989068,-0.00875592241428865,0.01714739179268661,0.009372370702145964,0.03222466496260359,-0.0006122720794192381,4.2012232281912606e-06
2,13,703491,0,17.700000000000117,78.65790726134064,-6.42953635262428,17.173349915463145,20.720052361717663,26.911791415497774,-4.035800067265903,-2.1991129141737202,0.15611094008820703,0.16321409891465427,1,1,3,1,0.8735430482072819,0.015350199724936935,0.00870111634698669,-0.06592952205073056,0.06421977199042388,3.7447976939968534e-05,0.09042097922065269,-0.010084276859142134,0.014395137649460665,0.009079538841403887,0.008342136726856101,0.07543595395122796,8.099184576352948e-05
2,13,703491,0,17.85000000000012,77.69559486479004,-6.408340352764634,16.559093628255155,20.394769677672684,26.27071015398399,-4.1332375807285295,-2.1559426042308614,0.16171671717437536,0.15611094008820703,1,1,3,1,0.8725689159411316,0.016244895664007872,0.008011311401542398,0.01667568982490271,0.024752286321293983,4.350726147209279e-05,0.09041914493653337,-0.007862816649241332,0.015350199724936935,0.00870111634698669,-0.06592952205073056,0.06421977199042388,3.7447976939968534e-05
2,13,703491,0,18.00000000000012,76.74181956722403,-6.333538272293227,15.930055714576746,20.076438312701676,25.628695838712414,-4.232027521379063,-2.1079406720724263,0.1674600458505941,0.16171671717437536,1,1,3,1,0.8715598036259636,0.013810141151756748,0.003682621000196243,0.008291463754378729,0.013512323635433362,-0.00011456884933829318,0.08934707722903146,-0.003970158382589892,0.016244895664007872,0.008011311401542398,0.01667568982490271,0.024752286321293983,4.350726147209279e-05
2,13,703491,0,18.150000000000123,75.80481533707385,-6.203236930415049,15.286073672810785,19.76510698721767,24.98646638776199,-4.331542288591793,-2.0621263077856735,0.15389230967368983,0.1674600458505941,1,1,3,1,0.8705148529398561,0.016818368705635387,0.004285938301651609,0.021249012940486058,-0.04637607084929048,-1.0366456698006063e-05,0.08848331485005045,0.0004483679819514803,0.013810141151756748,0.003682621000196243,0.008291463754378729,0.013512323635433362,-0.00011456884933829318
2,13,703491,0,18.300000000000125,74.87440712645798,-6.20242951082894,14.626387725520967,19.460778511321287,24.344467917043797,-4.438465376280872,-2.015638028562975,0.1576729460691122,0.15389230967368983,1,1,3,1,0.8695545649274922,0.017343513204023046,0.003685880375391241,0.08409352141734676,-0.07264653652010708,4.933020256771751e-05,0.08812548549487534,0.0029805599114965556,0.016818368705635387,0.004285938301651609,0.021249012940486058,-0.04637607084929048,-1.0366456698006063e-05
2,13,703491,0,18.450000000000127,73.94773785822285,-6.165485577561778,13.95161077206897,19.1627977542447,23.703591730060587,-4.535496981052042,-1.9763366760537417,0.1585810620853917,0.1576729460691122,1,1,3,1,0.868570685744021,0.016862363989662753,0.003790770002733283,0.06622307223602006,-0.053402448835170355,0.00013297995892559865,0.0907589319250027,0.0017067804358237401,0.017343513204023046,0.003685880375391241,0.08409352141734676,-0.07264653652010708,4.933020256771751e-05
2,13,703491,0,18.60000000000013,73.02745323469478,-6.1201746986123355,13.263259815393154,18.86924522967778,23.064311749287913,-4.622418035461877,-1.9526151578162314,0.16519488568461965,0.1585810620853917,1,1,3,1,0.867581139916608,0.014234176347964155,0.004313111667145401,0.08416991074775784,-0.006642571922172251,0.0001320139134816373,0.09665921503862675,-0.0028827855935792037,0.016862363989662753,0.003790770002733283,0.06622307223602006,-0.053402448835170355,0.00013297995892559865
2,13,703491,0,18.75000000000013,72.12022370032211,-6.0123604192515,12.563335868764447,18.57712012093141,22.42647542836141,-4.694641631279964,-1.950766965700272,0.15964525397657342,0.16519488568461965,1,1,3,1,0.866550323829936,0.013958340754809546,0.004114719851127668,0.06307170193129573,0.021055135068929105,0.00010107256104197283,0.10599710603711389,-0.008510383871071236,0.014234176347964155,0.004313111667145401,0.08416991074775784,-0.006642571922172251,0.0001320139134816373
2,13,703491,0,18.900000000000134,71.22372074816165,-5.959075619722684,11.85308737174611,18.282616642066586,21.78875286754653,-4.762118832105595,-1.9755605736278326,0.1531495642238903,0.15964525397657342,1,1,3,1,0.8655541374451221,0.01733493048493637,0.00419556435446851,-0.05958943278001574,0.009934544703090928,5.583686591314475e-05,0.1181270306491653,-0.013240019728263618,0.013958340754809546,0.004114719851127668,0.06307170193129573,0.021055135068929105,0.00010107256104197283
2,13,703491,0,19.050000000000136,70.32875259263818,-5.9703590213206015,11.133104121865063,17.981801253757034,21.14925964940397,-4.826926040239085,-2.026281928107608,0.14440195123157495,0.1531495642238903,1,1,3,1,0.864598484164365,0.0211775227832561,0.005838833574419103,0.028544957998615787,-0.027675718424120015,8.415348523678975e-05,0.127904810580094,-0.017036297918224357,0.01733493048493637,0.00419556435446851,-0.05958943278001574,0.009934544703090928,5.583686591314475e-05
2,13,703491,0,19.200000000000138,69.42354379642943,-6.067079102046334,10.402159637644527,17.670947141655788,20.505299266536777,-4.905458220777871,-2.101456320370822,0.16544055796860252,0.14440195123157495,1,1,3,1,0.8636974159886799,0.01834169183269711,0.006703444214204771,-0.08338546454062831,0.10244984547568116,0.00011003263867008307,0.13644709152297063,-0.021576209235058208,0.0211775227832561,0.005838833574419103,0.028544957998615787,-0.027675718424120015,8.415348523678975e-05
2,13,703491,0,19.35000000000014,68.5236787196797,-5.965252629838668,9.660710328518157,17.34597327759071,19.854775571595574,-4.9723481292783225,-2.204795835355367,0.14347088751908393,0.16544055796860252,1,1,3,1,0.8626650669069557,0.021985717462626137,0.0051786122704984665,0.0030375129065549735,0.009065772362364896,-4.960048728856439e-05,0.14126907481043352,-0.022730275404108023,0.01834169183269711,0.006703444214204771,-0.08338546454062831,0.10244984547568116,0.00011003263867008307
2,13,703491,0,19.500000000000142,67.61811279187842,-6.073060168301228,8.903772481986973,17.003071335165984,19.193269633903746,-5.09501906193672,-2.331851248366078,0.1676315486924198,0.14347088751908393,1,1,3,1,0.8617698085688366,0.020663379292301207,0.0046192497099731954,0.07812355798266737,0.0428108578341811,-0.00010659026945141521,0.14377394462197207,-0.021791583503362272,0.021985717462626137,0.0051786122704984665,0.0030375129065549735,0.009065772362364896,-4.960048728856439e-05
2,13,703491,0,19.650000000000144,66.71924647390364,-5.95222466916067,8.128852678495935,16.63883189549735,18.51834152172679,-5.213513596930316,-2.4812432621295564,0.16033345380502761,0.1676315486924198,1,1,3,1,0.8607237877049959,0.018218542163151986,0.006708072165870834,-0.03865163981153236,0.1314736152755175,-8.87657928390295e-05,0.1484004718398764,-0.019318284521743397,0.020663379292301207,0.0046192497099731954,0.07812355798266737,0.0428108578341811,-0.00010659026945141521
2,13,703491,0,19.800000000000146,65.83156772570085,-5.900757818578897,7.331580803714898,16.25099399301026,17.828260791290223,-5.377824835585308,-2.6415159390213727,0.14860138551979857,0.16033345380502761,1,1,3,1,0.8597233069532526,0.02347284219261877,0.007564327220624462,0.052051327087432375,0.003566023075381849,0.00011599176065561012,0.15210157489722467,-0.011568527527991118,0.018218542163151986,0.006708072165870834,-0.03865163981153236,0.1314736152755175,-8.87657928390295e-05
2,13,703491,0,19.95000000000015,64.94032148499242,-5.962152930572748,6.505379102334251,15.838672522227792,17.122602154213034,-5.584784961280442,-2.805501927994304,0.16181768698338173,0.14860138551979857,1,1,3,1,0.8587960343076092,0.022759712601116647,0.008470451069334521,0.09500892106084768,0.015533934406935677,-8.456630904184153e-05,0.15614136623572442,-0.002040432303628986,0.02347284219261877,0.007564327220624462,0.052051327087432375,0.003566023075381849,0.00011599176065561012
2,13,703491,0,20.10000000000015,64.05227510783548,-5.899589457011257,5.647773820074388,15.401939373552878,16.40478849572027,-5.794146604387823,-2.9671331343658687,0.15860603859371875,0.16181768698338173,1,1,3,1,0.857786291940833,0.021686208030469268,0.00626636056076333,-0.03767696176153926,-0.0495368882210605,-0.00013126663429639316,0.1636602087025732,0.007246294747489916,0.022759712601116647,0.008470451069334521,0.09500892106084768,0.015533934406935677,-8.456630904184153e-05
2,13,703491,0,20.250000000000153,63.170404144939525,-5.869135232835868,4.756743413180169,14.94073069159008,15.679669687128447,-6.0228185096497295,-3.1309982414557074,0.1668468459589184,0.15860603859371875,1,1,3,1,0.8567965902600082,0.022318068323864716,0.006343876680700497,0.07754760313054124,-0.05170384825585901,-0.0001504373152560623,0.1703218793424541,0.014153356574687973,0.021686208030469268,0.00626636056076333,-0.03767696176153926,-0.0495368882210605,-0.00013126663429639316
2,13,703491,0,20.400000000000155,62.30066826064642,-5.763031341967402,3.832376668673078,14.4552959174189,14.954687926892264,-6.240804286897614,-3.29146438270083,0.1663926256090144,0.1668468459589184,1,1,3,1,0.8557554659412246,0.020948895025681792,0.009773933544208125,-0.07916753474972486,0.07022509772571542,-0.00015855469773183922,0.17802243269373882,0.017598625727200515,0.022318068323864716,0.006343876680700497,0.07754760313054124,-0.05170384825585901,-0.0001504373152560623
2,13,703491,0,20.550000000000157,61.44621982166338,-5.663174518186043,2.875477386795634,13.94630332248149,14.239654018431462,-6.456408944986611,-3.4464431738464425,0.15822770224155108,0.1663926256090144,1,1,3,1,0.8547171759574245,0.02499127711620674,0.011277099037816365,0.055195414923087265,-0.0024166751316770717,-1.4854209315732118e-05,0.18299726578013925,0.022197274189050112,0.020948895025681792,0.009773933544208125,-0.07916753474972486,0.07022509772571542,-0.00015855469773183922
2,13,703491,0,20.70000000000016,60.59879190575343,-5.642841236604354,1.8861082641079356,13.414477235863451,13.546424026119771,-6.672802162318831,-3.5968090540535966,0.16269884706830207,0.15822770224155108,1,1,3,1,0.8537298350954371,0.02594215606460302,0.010453855608839992,0.10211379047855755,-0.03751214189240401,-8.18156844168945e-05,0.1875144870131403,0.027334067072980014,0.02499127711620674,0.011277099037816365,0.055195414923087265,-0.0024166751316770717,-1.4854209315732118e-05
2,13,703491,0,20.85000000000016,59.7584165516665,-5.58260747018629,0.8670095406972358,12.860900668158003,12.890091991133616,-6.860666054322207,-3.73910859599783,0.15661178513873575,0.16269884706830207,1,1,3,1,0.8527145942897307,0.025120332394539684,0.012742765702846324,0.08942127653950328,0.004874283462942535,-7.113579811895541e-05,0.19569845741266906,0.03036644514371166,0.02594215606460302,0.010453855608839992,0.10211379047855755,-0.03751214189240401,-8.18156844168945e-05
2,13,703491,0,21.000000000000163,58.9210861588834,-5.58241076229948,-0.17886185487683548,12.286593061764663,12.28789488189631,-7.033469591019793,-3.8753015987600667,0.1795121644988047,0.15661178513873575,1,1,3,1,0.8517373367504651,0.01985614641656815,0.012270584621283845,0.10979306347516762,0.04854510225356124,0.00016769773574054695,0.207705785447723,0.03233230068656011,0.025120332394539684,0.012742765702846324,0.08942127653950328,0.004874283462942535,-7.113579811895541e-05
2,13,703491,0,21.150000000000166,58.1049559863186,-5.370786144336446,-1.242853188279284,11.693703177655589,11.759565385452321,-7.127203305584717,-3.9926323777791035,0.1541571678824174,0.1795121644988047,1,1,3,1,0.8506171808439927,0.023294555995266926,0.013283537399416578,-0.044621047424004745,0.025880092548346854,0.00011010229051357003,0.2238741547615788,0.035634589303620935,0.01985614641656815,0.012270584621283845,0.10979306347516762,0.04854510225356124,0.00016769773574054695
2,13,703491,0,21.300000000000168,57.296141440015404,-5.4033906630831785,-2.3218788142723596,11.082867788369619,11.323474715945089,-7.231323871578149,-4.113263111676121,0.17743416152669061,0.1541571678824174,1,1,3,1,0.8496552401164065,0.022359848029229787,0.01296069000125508,0.01818699357362824,0.011124996153828025,2.457196676580677e-05,0.23861271003664397,0.04014327859697704,0.023294555995266926,0.013283537399416578,-0.044621047424004745,0.025880092548346854,0.00011010229051357003
2,13,703491,0,21.45000000000017,56.50352007318858,-5.225190796565276,-3.4074652091241155,10.456454654601865,10.997648071071207,-7.2454541331270645,-4.2086131642450875,0.14831548618505885,0.17743416152669061,1,1,3,1,0.84854805094848,0.02708587393113498,0.01376593642146815,-0.02377199821293272,-0.0496279387169932,-8.177897635116e-05,0.25149744834869797,0.04480150248589801,0.022359848029229787,0.01296069000125508,0.01818699357362824,0.011124996153828025,2.457196676580677e-05
2,13,703491,0,21.600000000000172,55.70993910044052,-5.323697810174623,-4.499054404892778,9.814763142274057,10.796808143017381,-7.299701777640412,-4.314270292301577,0.1734665792134532,0.14831548618505885,1,1,3,1,0.8476225623146851,0.025107400371153783,0.014602718823608151,0.055810277712216264,0.010894197494369559,0.00010866532465341729,0.2622040627600219,0.04710637718743404,0.02708587393113498,0.01376593642146815,-0.02377199821293272,-0.0496279387169932,-8.177897635116e-05
2,13,703491,0,21.750000000000174,54.92440090752634,-5.194083691523181,-5.590441088162045,9.159564599530977,10.73082733125417,-7.271099443227683,-4.3968674500360505,0.16298004401976923,0.1734665792134532,1,1,3,1,0.8465401308603931,0.023918093705041645,0.013707608313254486,-0.08652103734993548,0.03612984141206687,5.992398961175362e-06,0.2730112833087088,0.04830443150134439,0.025107400371153783,0.014602718823608151,0.055810277712216264,0.010894197494369559,0.00010866532465341729
2,13,703491,0,21.900000000000176,54.14824803676785,-5.164897300270712,-6.679219510915697,8.491163392947422,10.80332490674641,-7.260522585488618,-4.4876629006913165,0.1693285752840124,0.16298004401976923,1,1,3,1,0.8455231353857097,0.026129513182740042,0.017169703457015406,-0.02249724718294413,0.07037662146427197,7.083987027971405e-05,0.28012950363650385,0.05050123762372295,0.023918093705041645,0.013707608313254486,-0.08652103734993548,0.03612984141206687,5.992398961175362e-06
2,13,703491,0,22.05000000000018,53.38186276128095,-5.081639039870836,-7.76418995292536,7.810303931146133,11.01287851208683,-7.22899989322064,-4.566630654006312,0.17180847163983598,0.1693285752840124,1,1,3,1,0.8444665250759376,0.023783436492849048,0.013414389339268988,0.12027802176706653,-0.0013603930389881507,-3.8349146302693655e-05,0.28355815012231816,0.055282714362424254,0.026129513182740042,0.017169703457015406,-0.02249724718294413,0.07037662146427197,7.083987027971405e-05
2,13,703491,0,22.20000000000018,52.630179801733625,-4.976358621763184,-8.844703565429644,7.117513067914687,11.352875117443165,-7.200219810612236,-4.646380627768834,0.15688106439797495,0.17180847163983598,1,1,3,1,0.843394440212905,0.027263721918095205,0.017686797128824646,-0.04258961457532724,0.032700190056444846,-9.490503138255194e-05,0.2899813447172788,0.060482280602368155,0.023783436492849048,0.013414389339268988,0.12027802176706653,-0.0013603930389881507,-3.8349146302693655e-05
2,13,703491,0,22.350000000000183,51.880068179827624,-5.0133086137661875,-9.925148706093179,6.412270611195031,11.81633577845766,-7.21389114909032,-4.731190285224744,0.16356893916030696,0.15688106439797495,1,1,3,1,0.8424155023710617,0.02950150864748193,0.01800591017242313,-0.023235198762638038,-0.011597245686415993,-0.0001330954449708332,0.29575923151577693,0.06601255707108772,0.027263721918095205,0.017686797128824646,-0.04258961457532724,0.032700190056444846,-9.490503138255194e-05
2,13,703491,0,22.500000000000185,51.13010689840575,-4.993184057126439,-11.005881013770864,5.695080272819926,12.392068277860023,-7.210135629142229,-4.808336295320078,0.16643136179559825,0.16356893916030696,1,1,3,1,0.8413948321907014,0.028291011592688646,0.015104186490571839,0.014625460518355907,-0.062259404765704594,8.172768359401264e-05,0.298625258887926,0.07077797214064115,0.02950150864748193,0.01800591017242313,-0.023235198762638038,-0.011597245686415993,-0.0001330954449708332
2,13,703491,0,22.650000000000187,50.38571002461723,-4.947489154997413,-12.085897774931695,4.966003260418347,13.06637338394187,-7.204498250248956,-4.889063626969932,0.16312715912496617,0.16643136179559825,1,1,3,1,0.840356300493097,0.02861574278242539,0.018085516772774146,-0.036235988598671075,0.013099146058635627,-2.205853172154467e-05,0.30049987474786766,0.07220326364664609,0.028291011592688646,0.015104186490571839,0.014625460518355907,-0.062259404765704594,8.172768359401264e-05
2,13,703491,0,22.80000000000019,49.645042816140766,-4.932914429196187,-13.16614640375268,4.224310595265994,13.827227167090522,-7.209119603311456,-4.975069023003953,0.17960363865548656,0.16312715912496617,1,1,3,1,0.8393383870201571,0.024601543048466713,0.015314764785467514,0.15998675750969293,0.018413744849066178,-0.00011356237421080859,0.30026591654014706,0.07234856729244998,0.02861574278242539,0.018085516772774146,-0.036235988598671075,0.013099146058635627,-2.205853172154467e-05
2,13,703491,0,22.95000000000019,48.92180609615994,-4.7660703767046355,-14.24222487520688,3.470318005320684,14.658924805524263,-7.163736170591923,-5.054773717936985,0.16780662388990453,0.17960363865548656,1,1,3,1,0.8382176603149467,0.024056460439832134,0.017206659820314944,0.04646272387187657,0.0505097641970854,1.6968783430614047e-05,0.3044280942888705,0.07285335989127623,0.024601543048466713,0.015314764785467514,0.15998675750969293,0.018413744849066178,-0.00011356237421080859
2,13,703491,0,23.100000000000193,48.21259726226119,-4.7094874366410275,-15.313084880584949,2.7031403786061095,15.549840400031446,-7.132569490778219,-5.14622656669219,0.1652829909312563,0.16780662388990453,1,1,3,1,0.8371705469818737,0.024928800788956026,0.01882786984819314,-0.02064528301180783,0.048281574993966,-6.043798471575336e-05,0.3121108746038747,0.07497038695622392,0.024056460439832134,0.017206659820314944,0.04646272387187657,0.0505097641970854,1.6968783430614047e-05
2,13,703491,0,23.250000000000195,47.50910755517832,-4.680587017982907,-16.376713486094314,1.922432715439816,16.489162869928137,-7.075136980164164,-5.235113015889148,0.15137102393561397,0.1652829909312563,1,1,3,1,0.8361391811184625,0.030500170788853795,0.01855709816665072,-0.00649764473316676,-0.047456024372181695,9.901477970712965e-06,0.31856689919492986,0.07905231573493476,0.024928800788956026,0.01882786984819314,-0.02064528301180783,0.048281574993966,-6.043798471575336e-05
2,13,703491,0,23.400000000000198,46.796765509695085,-4.783401352565054,-17.43174259144778,1.1275419951282997,17.46817107556691,-7.017593463904817,-5.332278222963039,0.16825180883023394,0.15137102393561397,1,1,3,1,0.8351946259291043,0.027834303833074833,0.019613014519049437,0.0440521232326321,0.0055152053801189515,6.520383078364276e-05,0.3231180464389808,0.08141787530485567,0.030500170788853795,0.01855709816665072,-0.00649764473316676,-0.047456024372181695,9.901477970712965e-06
2,13,703491,0,23.5500000000002,46.08410988024891,-4.735133093198723,-18.46912428673176,0.32083300319597097,18.47191072235584,-6.869436538742961,-5.401703352833817,0.1625652122570707,0.16825180883023394,1,1,3,1,0.8341447346420038,0.02524899961228872,0.01895738058146279,0.09960692650427494,0.030548349214759154,-2.103850317449241e-06,0.32797241536008875,0.08236396788526115,0.027834303833074833,0.019613014519049437,0.0440521232326321,0.0055152053801189515,6.520383078364276e-05
2,13,703491,0,23.700000000000202,45.37343822714744,-4.739591684535694,-19.48218607475033,-0.49608096458084283,19.488500983262288,-6.699807689413673,-5.468521297890601,0.1693453256262591,0.1625652122570707,1,1,3,1,0.8331303277175198,0.0239297348150053,0.02084821268382279,0.03045300033141677,0.057305847149924365,-0.00018373771170126133,0.33614615103313095,0.08386246146358166,0.02524899961228872,0.01895738058146279,0.09960692650427494,0.030548349214759154,-2.103850317449241e-06
2,13,703491,0,23.850000000000204,44.66774538895907,-4.687782935528029,-20.46299578510391,-1.3204812390559084,20.505556983507642,-6.461943389665965,-5.50922897267072,0.16709244088310093,0.1693453256262591,1,1,3,1,0.8320736128856121,0.0230427764676387,0.020272520555867705,-0.06856751543689607,0.042512333545092346,-1.8407970222861784e-05,0.345912304216361,0.087272578423,0.0239297348150053,0.02084821268382279,0.03045300033141677,0.057305847149924365,-0.00018373771170126133
2,13,703491,0,24.000000000000206,43.96729088037667,-4.661180309222617,-21.404504083237665,-2.1492262959833583,21.51213538263192,-6.188869817961471,-5.531630620810753,0.15647010542879386,0.16709244088310093,1,1,3,1,0.8310309560545015,0.027017445153490586,0.02194918064887221,-0.07182864076117033,0.04421536407836003,0.0001883596233965839,0.35228918782678686,0.09239479658969454,0.0230427764676387,0.020272520555867705,-0.06856751543689607,0.042512333545092346,-1.8407970222861784e-05
2,13,703491,0,24.150000000000208,43.2607344025493,-4.735183018622003,-22.30490312345413,-2.979787816109921,22.503062875433447,-5.915972119526338,-5.538109967614298,0.1666293464499864,0.15647010542879386,1,1,3,1,0.8300545825966257,0.025806507727538917,0.01950238758319946,0.09612350522115305,-0.012867321049586967,2.6547803850693863e-05,0.35355600133829923,0.09891496960810896,0.027017445153490586,0.02194918064887221,-0.07182864076117033,0.04421536407836003,0.0001883596233965839
2,13,703491,0,24.30000000000021,42.55209586073166,-4.719007875066696,-23.159078704428445,-3.807376576895062,23.469960435335214,-5.591115245812165,-5.504853459539813,0.15163395667374102,0.1666293464499864,1,1,3,1,0.8290148154747776,0.02673756085076729,0.022005676502045903,-0.02273417498128382,-0.029261958060665116,-0.00017738319892983767,0.35616178999642584,0.1046840435450158,0.025806507727538917,0.01950238758319946,0.09612350522115305,-0.012867321049586967,2.6547803850693863e-05
2,13,703491,0,24.450000000000212,41.83221753018709,-4.83949087158063,-23.96836380572504,-4.628674145348771,24.41120824267841,-5.305404429470077,-5.458811933841886,0.17418269997807806,0.15163395667374102,1,1,3,1,0.8280686195851334,0.023363607790901506,0.020171383443620416,-0.08533843877618537,-0.006196070241302418,-0.00014639968347231357,0.35868704989441663,0.10811584104932236,0.02673756085076729,0.022005676502045903,-0.02273417498128382,-0.029261958060665116,-0.00017738319892983767
2,13,703491,0,24.600000000000215,41.11441291141219,-4.7582438665442925,-24.72698309097184,-5.437488602558056,25.317779821385525,-4.9430654121944055,-5.357174941717903,0.15629721537455582,0.17418269997807806,1,1,3,1,0.8269817195372703,0.025261117367683425,0.025139518058418756,-0.12231589088636736,0.062120425868798804,9.130424945309726e-05,0.35669239399162767,0.1098920554227191,0.023363607790901506,0.020171383443620416,-0.08533843877618537,-0.006196070241302418,-0.00014639968347231357
2,13,703491,0,24.750000000000217,40.392876692203245,-4.835798765498751,-25.438412947753612,-6.2303231106663635,26.190261154935854,-4.653976783279468,-5.248149029418292,0.1602219604266058,0.15629721537455582,1,1,3,1,0.826006424913333,0.026641753074956663,0.020831835702713512,0.0827287465624783,-0.06444096101610788,1.8001381467448215e-05,0.34799479681380735,0.11299642948226574,0.025261117367683425,0.025139518058418756,-0.12231589088636736,0.062120425868798804,9.130424945309726e-05
2,13,703491,0,24.90000000000022,39.663694087643584,-4.873383640752656,-26.107340956368454,-7.0042509146113865,27.0305897583998,-4.374133136588091,-5.113859990226542,0.15801850368036863,0.1602219604266058,1,1,3,1,0.825006639880271,0.025971226786833106,0.022307655857346304,-0.04209827447160401,-0.028492007281381668,-8.818408337874164e-05,0.3399094246819561,0.11395011125531368,0.026641753074956663,0.020831835702713512,0.0827287465624783,-0.06444096101610788,1.8001381467448215e-05
2,13,703491,0,25.05000000000022,38.92736657505349,-4.9260372227115745,-26.737664114876996,-7.756130996613806,27.83990392146881,-4.127919766829993,-4.96124168137664,0.1685033382280039,0.15801850368036863,1,1,3,1,0.8240206044173055,0.023243842557729637,0.021374017001588853,0.050804662674909844,-0.014952958684550034,0.00011563377315508269,0.3314874528684006,0.11195146452336358,0.025971226786833106,0.022307655857346304,-0.04209827447160401,-0.028492007281381668,-8.818408337874164e-05
2,13,703491,0,25.200000000000223,38.19325829985587,-4.877467355562964,-27.33062774125037,-8.48236300754057,28.61666813104728,-3.8772983401757704,-4.781649369371698,0.1637511514925905,0.1685033382280039,1,1,3,1,0.8229691435867628,0.02243540754772617,0.021744495444296408,-0.10317085523385335,0.04225563345973651,5.089860195065897e-05,0.32396443585548473,0.10832249778700173,0.023243842557729637,0.021374017001588853,0.050804662674909844,-0.014952958684550034,0.00011563377315508269
2,13,703491,0,25.350000000000225,37.46270943180127,-4.8660907643331415,-27.889946340225723,-9.181363615937304,29.36233207203964,-3.6659504883171534,-4.599373108604721,0.16172678858071965,0.1637511514925905,1,1,3,1,0.821947336401449,0.024375963665039576,0.021541135497821374,0.023440748433894078,0.0017989190973570653,8.600518897639096e-05,0.3133139619597587,0.10552900213055821,0.02243540754772617,0.021744495444296408,-0.10317085523385335,0.04225563345973651,5.089860195065897e-05
2,13,703491,0,25.500000000000227,36.73260225316705,-4.86727329297645,-28.420261587686525,-9.852592245978471,30.07964166472143,-3.4813044990358155,-4.41299971948367,0.16051604690287252,0.16172678858071965,1,1,3,1,0.8209381612407053,0.0228797115631938,0.02176480245294023,-0.010299889992125081,0.051274625645738155,5.166079022436704e-05,0.30162022584554815,0.10306680022504552,0.024375963665039576,0.021541135497821374,0.023440748433894078,0.0017989190973570653,8.600518897639096e-05
2,13,703491,0,25.65000000000023,36.00193583044641,-4.872345974813486,-28.925271500142166,-10.495559903479217,30.77057212735014,-3.3197760292559413,-4.223735281364674,0.17204463836061074,0.16051604690287252,1,1,3,1,0.8199365411080314,0.018975065231698233,0.01836972399796005,0.08244476193439092,0.0036399978889743658,2.343335392831337e-05,0.2900095104043348,0.10201494787988767,0.0228797115631938,0.02176480245294023,-0.010299889992125081,0.051274625645738155,5.166079022436704e-05
2,13,703491,0,25.80000000000023,35.28188679399821,-4.76376236844454,-29.404461176517806,-11.108812161364446,31.432913398503512,-3.1414071701717003,-4.0213535519440295,0.16709158731970564,0.17204463836061074,1,1,3,1,0.8188629825646611,0.017324355309472007,0.018957725044058838,-0.04166518257350758,0.04698893368515094,3.895104866973986e-05,0.2813637691844054,0.1014568073267309,0.018975065231698233,0.01836972399796005,0.08244476193439092,0.0036399978889743658,2.343335392831337e-05
2,13,703491,0,25.950000000000234,34.574082349980316,-4.6957110544394,-29.858755936764158,-11.692159639930594,32.06636716463015,-2.980827257853193,-3.8235844605768077,0.16544301959830338,0.16709158731970564,1,1,3,1,0.8178203310597862,0.018216232635551687,0.015415378567843018,0.0007640472759267799,-0.036697700277862025,5.648934868889248e-05,0.2726513199220864,0.1021214986662753,0.017324355309472007,0.018957725044058838,-0.04166518257350758,0.04698893368515094,3.895104866973986e-05
2,13,703491,0,26.100000000000236,33.87541940809789,-4.638273165515175,-30.28912732422717,-12.2465559525934,32.67123148525696,-2.8216852805973414,-3.633193730861343,0.15932500008874295,0.16544301959830338,1,1,3,1,0.8167879666174929,0.018877445315092483,0.018954464673389713,0.04350291070443011,-0.01407639276610166,5.454207716109005e-05,0.2632114102909863,0.10169964193795825,0.018216232635551687,0.015415378567843018,0.0007640472759267799,-0.036697700277862025,5.648934868889248e-05
2,13,703491,0,26.250000000000238,33.18007981009242,-4.633807833126435,-30.69684635162394,-12.773023459716594,33.248255657066856,-2.6743437420411666,-3.449504473750555,0.15766331852193172,0.15932500008874295,1,1,3,1,0.815793778616939,0.01872685874024685,0.019660188182810342,0.058286661918816235,-0.0019535997540483813,-2.5742756890632176e-05,0.25543003341219006,0.0995658482101643,0.018877445315092483,0.018954464673389713,0.04350291070443011,-0.01407639276610166,5.454207716109005e-05
2,13,703491,0,26.40000000000024,32.48423439149641,-4.641219950933708,-31.0823040497678,-13.2727346076242,33.79756069610109,-2.5251307649524692,-3.273931268396585,0.15392881431199062,0.15766331852193172,1,1,3,1,0.8148099595093621,0.018483926275350372,0.01820406205657617,0.04884156462505046,-0.03795487127800877,-6.3030780242969255e-06,0.250523021297491,0.0966489095579115,0.01872685874024685,0.019660188182810342,0.058286661918816235,-0.0019535997540483813,-2.5742756890632176e-05
2,13,703491,0,26.550000000000242,31.78410430322085,-4.680463580285833,-31.44560884202514,-13.74761469842808,34.31942926888624,-2.3782262803047995,-3.1135554878607294,0.1620568172695212,0.15392881431199062,1,1,3,1,0.8138494437080551,0.016007715419764652,0.01728679568862342,-0.06001421453749777,0.013779865171062266,-2.7212645519616946e-05,0.24823621060879617,0.09192322796116154,0.018483926275350372,0.01820406205657617,0.04884156462505046,-0.03795487127800877,-6.3030780242969255e-06
2,13,703491,0,26.700000000000244,31.085952329039785,-4.641013290467164,-31.784776827193966,-14.19865425930448,34.811978121471235,-2.211169640253145,-2.9553990067169673,0.1713108204375846,0.1620568172695212,1,1,3,1,0.8128382091682934,0.012880659226512157,0.015635987142315254,-0.028945457507373075,0.059578559205623514,7.66814938130283e-06,0.24424461245444176,0.0867884292102109,0.016007715419764652,0.01728679568862342,-0.06001421453749777,0.013779865171062266,-2.7212645519616946e-05
2,13,703491,0,26.850000000000247,30.402781547844846,-4.510837285151404,-32.09781350476973,-14.626162769011387,35.2731380675521,-2.034795350511909,-2.7987214017582263,0.16501291756503145,0.1713108204375846,1,1,3,1,0.8117692296487629,0.011580013689971485,0.015327640044344464,-0.047499487161376676,0.08006568841679529,-2.8165595504738646e-05,0.23790988565048077,0.08391341196521335,0.012880659226512157,0.015635987142315254,-0.028945457507373075,0.059578559205623514,7.66814938130283e-06
2,13,703491,0,27.00000000000025,29.73364310946605,-4.4355907343866505,-32.388007383076854,-15.031361170813778,35.70608968920692,-1.8958442034104948,-2.6531082896156466,0.15318799672481326,0.16501291756503145,1,1,3,1,0.810739549043157,0.015408121939541067,0.013867397963256922,0.10929636256722693,-0.05835074237859194,-4.8959157249408797e-05,0.22932552316457214,0.08476001860915675,0.011580013689971485,0.015327640044344464,-0.047499487161376676,0.08006568841679529,-2.8165595504738646e-05
2,13,703491,0,27.15000000000025,29.064929689779696,-4.469063435081316,-32.662483296497385,-15.415991708338504,36.117732700787464,-1.8085937162705477,-2.519953434346337,0.1655179302994696,0.15318799672481326,1,1,3,1,0.8097836559435941,0.013532498588043377,0.013093719884349361,0.002002948180229488,-0.0471297690306228,-3.994549303015338e-05,0.2240573336819751,0.08440174115312245,0.015408121939541067,0.013867397963256922,0.10929636256722693,-0.05835074237859194,-4.8959157249408797e-05
2,13,703491,0,27.300000000000253,28.403034644123558,-4.384205626740192,-32.9245733922264,-15.779361114421087,36.510488496313044,-1.728578685876005,-2.374220496634995,0.15484049489926055,0.1655179302994696,1,1,3,1,0.8087508240585256,0.013640967262544329,0.01278189431871027,-0.022449487728149538,-0.038632188055353484,-1.225139635216588e-05,0.2207406938133045,0.08085398597401991,0.013532498588043377,0.013093719884349361,0.002002948180229488,-0.0471297690306228,-3.994549303015338e-05
2,13,703491,0,27.450000000000255,27.7440554351434,-4.3974188342900264,-33.18058153689972,-16.12221078230905,36.8900619630281,-1.7082558086060406,-2.242042281741882,0.16051262250820858,0.15484049489926055,1,1,3,1,0.8077846193703541,0.014284609589549064,0.013027922520247861,-0.07564471641161485,-0.0029963026670519607,-4.217587040452233e-05,0.2164309069098495,0.07486554446493504,0.013640967262544329,0.01278189431871027,-0.022449487728149538,-0.038632188055353484,-1.225139635216588e-05
2,13,703491,0,27.600000000000257,27.08868087588148,-4.35464006309239,-33.43633983324512,-16.44498913145402,37.261595362757824,-1.7165301685494756,-2.107488493577849,0.15901137364730517,0.16051262250820858,1,1,3,1,0.8067830206059027,0.014938659406152187,0.014698733806550263,-0.06071396043280045,0.08803514374736142,-5.91226581900286e-05,0.20877155158227823,0.06806468423006001,0.014284609589549064,0.013027922520247861,-0.07564471641161485,-0.0029963026670519607,-4.217587040452233e-05
2,13,703491,0,27.75000000000026,26.438663858322947,-4.322364107925018,-33.698296970595806,-16.747785045247653,37.63061948254755,-1.7748081342365714,-1.9744458539695293,0.15537909560380125,0.15901137364730517,1,1,3,1,0.8057907896343434,0.01648294203137294,0.011109101922449927,0.19944527622908126,-0.03499140307386947,-2.291470832740599e-05,0.19755256444755853,0.06447182509011726,0.014938659406152187,0.014698733806550263,-0.06071396043280045,0.08803514374736142,-5.91226581900286e-05
2,13,703491,0,27.90000000000026,25.790457771570644,-4.320582001284787,-33.974270124353666,-17.031275774168634,38.00414957578098,-1.8846039145804558,-1.847608110609111,0.16641151557048517,0.15537909560380125,1,1,3,1,0.8048212240777756,0.01125540195902131,0.010355772245711178,0.12516756225179215,0.02577372138357391,-9.804786112501108e-05,0.19285933289286541,0.061038107020294656,0.01648294203137294,0.011109101922449927,0.19944527622908126,-0.03499140307386947,-2.291470832740599e-05
2,13,703491,0,28.050000000000264,25.153288357477983,-4.211423291594988,-34.26847385751051,-17.294849849864683,38.38541561390531,-2.0097550139281535,-1.7119210742909292,0.16097474689835978,0.16641151557048517,1,1,3,1,0.8037828162206156,0.009417547628188016,0.009070552760971452,0.06425603866630812,0.001958966488209647,4.190299762246308e-05,0.19629206895517898,0.05781608779656387,0.01125540195902131,0.010355772245711178,0.12516756225179215,0.02577372138357391,-9.804786112501108e-05
2,13,703491,0,28.200000000000266,24.527320613193403,-4.154160971780891,-34.58411840589799,-17.538552274210172,38.777081656416264,-2.1598859247997373,-1.5809921407853773,0.1724903298345123,0.16097474689835978,1,1,3,1,0.8027783337999698,0.008065542241617636,0.008739000555637836,0.01572912818472258,0.028237629188988558,1.0660831010876751e-05,0.2038140173965479,0.05504362645547491,0.009417547628188016,0.009070552760971452,0.06425603866630812,0.001958966488209647,4.190299762246308e-05
2,13,703491,0,28.350000000000268,23.920679703391894,-3.989620805311399,-34.92022939047076,-17.761756181918564,39.17783050845235,-2.288175882858477,-1.4415528347684663,0.1609039007681492,0.1724903298345123,1,1,3,1,0.8017019941418023,0.009176025289715641,0.007206830033885202,-0.04661007057842368,0.017438518456245458,-3.867175191760488e-06,0.21230214434537295,0.053242501530612614,0.008065542241617636,0.008739000555637836,0.01572912818472258,0.028237629188988558,1.0660831010876751e-05
2,13,703491,0,28.50000000000027,23.327486346786777,-3.9373476443264215,-35.27697685422192,-17.965133026274763,39.58801713429276,-2.4298879535218147,-1.3130721694139884,0.16240604342351184,0.1609039007681492,1,1,3,1,0.8006979538010092,0.01216823488478892,0.005836942687621777,0.027341326623108574,-0.05260805846301804,5.074754635029132e-05,0.21851060275196862,0.052466511155557116,0.009176025289715641,0.007206830033885202,-0.04661007057842368,0.017438518456245458,-3.867175191760488e-06
2,13,703491,0,28.650000000000272,22.743284739698886,-3.873517420210923,-35.65308875995183,-18.149562847285196,40.00686653154129,-2.5521207932439114,-1.188364941403707,0.15301305924685032,0.16240604342351184,1,1,3,1,0.7996845400900463,0.014357973764817688,0.008024977763247863,0.03009821726740931,-0.017065738473848277,-5.342548225551561e-05,0.2241255080082387,0.04991532618671459,0.01216823488478892,0.005836942687621777,0.027341326623108574,-0.05260805846301804,5.074754635029132e-05
2,13,703491,0,28.800000000000274,22.159550425831604,-3.900764020911025,-36.04771355924679,-18.31649307509616,40.43428707692953,-2.6755226410801454,-1.0763593537784888,0.1691032267040199,0.15301305924685032,1,1,3,1,0.7987297386003459,0.01233791328263141,0.007739732481605906,-0.09944858894467751,0.05506566916754548,-9.047608884873056e-06,0.23056219347532053,0.045731428780124504,0.014357973764817688,0.008024977763247863,0.03009821726740931,-0.017065738473848277,-5.342548225551561e-05
2,13,703491,0,28.950000000000276,21.586793432036743,-3.777292555507515,-36.45552521273284,-18.467013840268123,40.86607295438178,-2.745864823547417,-0.9685155036938822,0.16250225936478946,0.1691032267040199,1,1,3,1,0.7976745344657128,0.012605302885936835,0.005550001380459816,0.0016843205736844888,0.03029916907695996,4.7739036722037634e-05,0.233031004485627,0.043300362775778,0.01233791328263141,0.007739732481605906,-0.09944858894467751,0.05506566916754548,-9.047608884873056e-06
2,13,703491,0,29.10000000000028,21.026323718511616,-3.7160293213605087,-36.874051888227356,-18.603612973889156,41.3012120686299,-2.81851401243654,-0.883172872574723,0.16678703753302548,0.16250225936478946,1,1,3,1,0.7966605203672765,0.013225114348816031,0.004675200698742578,-0.08059518038697647,0.0641593054037081,-7.39474891513412e-05,0.2332029947944817,0.04294175622146282,0.012605302885936835,0.005550001380459816,0.0016843205736844888,0.03029916907695996,4.7739036722037634e-05
2,13,703491,0,29.25000000000028,20.479093536590778,-3.614173908713826,-37.30162916832628,-18.728807165868385,41.73942688235684,-2.873506357713998,-0.8116831552590219,0.1622889114997964,0.16678703753302548,1,1,3,1,0.7956197692530705,0.014480537657425336,0.003450703058961584,0.016722725326924738,0.011782391005922467,-1.124073848093977e-05,0.22999791810877493,0.045364472107850905,0.013225114348816031,0.004675200698742578,-0.08059518038697647,0.0641593054037081,-7.39474891513412e-05
2,13,703491,0,29.400000000000283,19.943011781038454,-3.553550247359106,-37.73855054628488,-18.84516356565601,42.18220462648707,-2.9403114326764515,-0.7589997409381948,0.16107617315607858,0.1622889114997964,1,1,3,1,0.794607086445312,0.015091476011712034,0.002486891725993785,0.07841159353444845,-0.026141085693618157,-2.9157693496530075e-06,0.22571932586147972,0.049097910013198874,0.014480537657425336,0.003450703058961584,0.016722725326924738,0.011782391005922467,-1.124073848093977e-05
2,13,703491,0,29.550000000000285,19.41500341585899,-3.5032277890370347,-38.18651516928355,-18.95539056907624,42.63234420484226,-3.0175215144053578,-0.7243049873441291,0.16075953297340573,0.16107617315607858,1,1,3,1,0.7936019711248179,0.013970431873306764,0.001683151542337693,0.0815846926502063,-0.07485298064438556,1.879004688167979e-05,0.22445402095178604,0.05174393589716295,0.015091476011712034,0.002486891725993785,0.07841159353444845,-0.026141085693618157,-2.9157693496530075e-06
2,13,703491,0,29.700000000000287,18.89431401746702,-3.455339911775747,-38.64724143062272,-19.062485803553358,43.09277938596575,-3.1064122722953025,-0.7108700919080204,0.1617818403369356,0.16075953297340573,1,1,3,1,0.792598831639064,0.013753928091707219,0.005153181345204462,0.0018571314247996975,-0.0010149090127936258,1.184749906403671e-05,0.2272530504461291,0.05091737889354536,0.013970431873306764,0.001683151542337693,0.0815846926502063,-0.07485298064438556,1.879004688167979e-05
2,13,703491,0,29.85000000000029,18.381665009930533,-3.398932424712245,-39.12209282375611,-19.16944434362163,43.56610773702187,-3.203391070228471,-0.7165301790883537,0.16740129574207468,0.1617818403369356,1,1,3,1,0.7915893129553615,0.01173113816957553,0.0034506505314576656,0.02036003620856838,0.03712928074818426,6.5258195947733605e-06,0.23097481289663882,0.048630369579911126,0.013753928091707219,0.005153181345204462,0.0018571314247996975,-0.0010149090127936258,1.184749906403671e-05
2,13,703491,0,30.00000000000029,17.88276481639175,-3.2896660232600765,-39.61182378159293,-19.27971944568339,44.05455896054611,-3.3039686066255243,-0.7465597735800362,0.16622100428085645,0.16740129574207468,1,1,3,1,0.7905447288699311,0.011775169558122712,0.002052894819264822,0.1040486582478824,-0.01713709055522053,-1.8628004328086072e-05,0.2348380459314598,0.04771887132324979,0.01173113816957553,0.0034506505314576656,0.02036003620856838,0.03712928074818426,6.5258195947733605e-06
2,13,703491,0,30.150000000000293,17.39900507354883,-3.193025933837279,-40.11836079947027,-19.39702593432275,44.56150231234649,-3.42125569783715,-0.801508767228821,0.1676846581308375,0.16622100428085645,1,1,3,1,0.7895075098032186,0.009901812899743831,0.0019658652242786623,0.04514737827115261,0.0033886022648117334,-5.9168272773188755e-05,0.24227649827563827,0.04682332490748989,0.011775169558122712,0.002052894819264822,0.1040486582478824,-0.01713709055522053,-1.8628004328086072e-05
2,13,703491,0,30.300000000000296,16.93089213836904,-3.08503624551868,-40.64327847570735,-19.524565503654426,45.08974099903867,-3.5455149859725137,-0.8760917934942448,0.15123503273586297,0.1676846581308375,1,1,3,1,0.7884611575364822,0.014925245018291658,0.0048549813901073375,-0.02289131124872055,-0.0023507919437865165,3.985543953030205e-05,0.25242842525353987,0.045737833725291416,0.009901812899743831,0.0019658652242786623,0.04514737827115261,0.0033886022648117334,-5.9168272773188755e-05
2,13,703491,0,30.450000000000298,16.46293844724923,-3.137389101900955,-41.190519372461765,-19.665652678690535,45.64424149278894,-3.7062431315299103,-0.9739004343882846,0.16322179499165718,0.15123503273586297,1,1,3,1,0.7875174509322105,0.01612994990920191,0.005058835076534118,0.047393128460382176,-0.015069100786055367,-2.8390804661851996e-05,0.26147899894748944,0.04458136053182602,0.014925245018291658,0.0048549813901073375,-0.02289131124872055,-0.0023507919437865165,3.985543953030205e-05
2,13,703491,0,30.6000000000003,15.997964700853089,-3.0814440699540175,-41.75854966445994,-19.822125615230846,46.22437813519137,-3.8328493119232023,-1.0785496105349428,0.1516502510012317,0.16322179499165718,1,1,3,1,0.7864989469314626,0.017928523205526233,0.0060742559751200695,0.060529510205580325,-0.004043516090548101,-3.941255789763615e-05,0.2707817845633701,0.04274737657111635,0.01612994990920191,0.005058835076534118,0.047393128460382176,-0.015069100786055367,-2.8390804661851996e-05
2,13,703491,0,30.750000000000302,15.530123905207347,-3.1381503031535325,-42.347537866598344,-19.99616537279966,46.83119252143098,-3.977885204708265,-1.201524316233131,0.17127991147187444,0.1516502510012317,1,1,3,1,0.785552649365215,0.015124640083339505,0.005856892260757851,-0.05987412549368028,0.06417300821937515,1.2490090052431367e-05,0.2820390436072015,0.04043997182941749,0.017928523205526233,0.0060742559751200695,0.060529510205580325,-0.004043516090548101,-3.941255789763615e-05
2,13,703491,0,30.900000000000304,15.071705673618428,-3.015606787120957,-42.9511776075296,-20.188423691483045,47.45920468170939,-4.05078596254251,-1.321557847491346,0.16311637833933534,0.17127991147187444,1,1,3,1,0.7844838627176305,0.015684780743764896,0.0028856446440911295,0.07108595780556352,-0.013706584571172208,4.132872437234395e-05,0.29092242325573564,0.04039259450113914,0.015124640083339505,0.005856892260757851,-0.05987412549368028,0.06417300821937515,1.2490090052431367e-05
2,13,703491,0,31.050000000000306,14.623687380227473,-2.972832575769454,-43.56540929637744,-20.399940573122333,48.10511888092381,-4.119389682488959,-1.4535297187793021,0.1598835788341852,0.16311637833933534,1,1,3,1,0.7834660165167932,0.017678566155144574,0.004389568818109153,0.07199270916662925,-0.004027963581822895,-3.01855700130269e-06,0.3002650478389372,0.04087502005711234,0.015684780743764896,0.0028856446440911295,0.07108595780556352,-0.013706584571172208,4.132872437234395e-05
2,13,703491,0,31.20000000000031,14.178525261025698,-2.965814080335067,-44.18703731429928,-20.631211862397464,48.76618879435225,-4.157668667869161,-1.5848338346430766,0.15720756205294278,0.1598835788341852,1,1,3,1,0.7824683429848678,0.018594903305625562,0.005417960890787738,0.007054186253268751,0.0012144649563756145,-2.0617020076260755e-05,0.3124013892432089,0.04080764500823831,0.017678566155144574,0.004389568818109153,0.07199270916662925,-0.004027963581822895,-3.01855700130269e-06
2,13,703491,0,31.35000000000031,13.73131162645544,-2.9898949190882216,-44.810542809966016,-20.882005901234063,49.43726243819505,-4.1565012280029725,-1.7141679765777074,0.1583705352340667,0.15720756205294278,1,1,3,1,0.7814873677976574,0.01961374026225166,0.006702506367739339,-0.04053760170961349,0.01818908695163445,9.852958457848452e-06,0.3247348306120808,0.040560803525401826,0.018594903305625562,0.005417960890787738,0.007054186253268751,0.0012144649563756145,-2.0617020076260755e-05
2,13,703491,0,31.500000000000313,13.28091438409507,-3.0095867983352163,-45.428456338559414,-21.151587026535474,50.111219093587245,-4.101132688824611,-1.8371358018955397,0.1593389110246053,0.1583705352340667,1,1,3,1,0.7804991356577968,0.020046254099409272,0.007865677410706208,-0.05009964990408278,0.05249897882656146,-1.3670714488333547e-05,0.33429186711522824,0.040831068854881886,0.01961374026225166,0.006702506367739339,-0.04053760170961349,0.01818908695163445,9.852958457848452e-06
2,13,703491,0,31.650000000000315,12.827977692036281,-3.024940031557557,-46.03309259481258,-21.438837551444713,50.78060032531936,-3.996581706576916,-1.9519834425220521,0.16254500592692017,0.1593389110246053,1,1,3,1,0.7795048608530032,0.020449713193254455,0.006944645723913251,-0.045499102301976055,0.04853180296668146,-5.9326880514115106e-05,0.34002014477263015,0.04311974644759568,0.020046254099409272,0.007865677410706208,-0.05009964990408278,0.05249897882656146,-1.3670714488333547e-05
2,13,703491,0,31.800000000000317,12.375383265785107,-3.0136477514263373,-46.61700304556228,-21.742359924222097,51.43807138709987,-3.842434995832626,-2.0568675645357937,0.1643695013812405,0.16254500592692017,1,1,3,1,0.7784905800160193,0.018847881442975736,0.007310937655704908,-0.007760427149141786,0.06003329399543062,-6.83786474043859e-05,0.34214708200732424,0.047770504953581525,0.020449713193254455,0.006944645723913251,-0.045499102301976055,0.04853180296668146,-5.9326880514115106e-05
2,13,703491,0,31.95000000000032,11.926127559178482,-2.985796287143684,-47.17443093525134,-22.060278740268433,52.07766154660881,-3.655555585117997,-2.148023557326016,0.1569708086161169,0.1643695013812405,1,1,3,1,0.7774649143274004,0.020979000132453688,0.008290969683768723,0.035898810238719846,0.008845171937201963,-5.568465856379687e-05,0.3424087162222519,0.05497914447919784,0.018847881442975736,0.007310937655704908,-0.007760427149141786,0.06003329399543062,-6.83786474043859e-05
2,13,703491,0,32.100000000000314,11.474135724190774,-3.027105309308767,-47.70389002779427,-22.39091530903049,52.69738335211783,-3.469939249872878,-2.2295800487048565,0.1698079658324292,0.1569708086161169,1,1,3,1,0.7764854164816358,0.016983849296370333,0.006124353109507537,0.025950098700254415,-0.019556376740059254,-2.5801936215233243e-05,0.34321119372792885,0.06287589808937642,0.020979000132453688,0.008290969683768723,0.035898810238719846,0.008845171937201963,-5.568465856379687e-05
2,13,703491,0,32.250000000000306,11.027767185051157,-2.95029708037983,-48.20015565422898,-22.731757772057374,53.29153606811679,-3.2313360889817773,-2.291065154604394,0.16649618381641024,0.1698079658324292,1,1,3,1,0.7754258147748416,0.01571234523077852,0.006374864733245362,-0.07065296057468697,-0.015630788425635957,-1.6197910756056195e-05,0.3449804844041201,0.06946986095089663,0.016983849296370333,0.006124353109507537,0.025950098700254415,-0.019556376740059254,-2.5801936215233243e-05
2,13,703491,0,32.4000000000003,10.589846600046027,-2.9040807789952585,-48.6610671128192,-23.08117017025506,53.85758877805955,-2.998070744033696,-2.3464835173006167,0.16161340605754848,0.16649618381641024,1,1,3,1,0.7743868785878272,0.01762950259526696,0.010843332045889493,0.04164894474154738,-0.0005854479845816949,3.036869227235202e-05,0.3439657135129397,0.07449317540624961,0.01571234523077852,0.006374864733245362,-0.07065296057468697,-0.015630788425635957,-1.6197910756056195e-05
2,13,703491,0,32.55000000000029,10.154301382808761,-2.9033458910205554,-49.088601642958054,-23.43821285019036,54.39706456116775,-2.781645016351667,-2.395432919416028,0.15642906109568894,0.16161340605754848,1,1,3,1,0.7733784109340281,0.019762550186195084,0.012295387808669313,-0.017728055413492372,-0.02273447182238236,-0.0001021453813182907,0.3427417752170613,0.07858451441564021,0.01762950259526696,0.010843332045889493,0.04164894474154738,-0.0005854479845816949,3.036869227235202e-05
2,13,703491,0,32.70000000000028,9.714058767242584,-2.950679427700902,-49.485781417771655,-23.80276257437885,54.912786022016085,-2.586550928381034,-2.446374292730022,0.16736107777000425,0.15642906109568894,1,1,3,1,0.7724022935927909,0.01599757522083095,0.012591410918657071,-0.021703772229819406,0.02778994386860598,-2.4879571183003513e-05,0.3411099286831258,0.08119235829317942,0.019762550186195084,0.012295387808669313,-0.017728055413492372,-0.02273447182238236,-0.0001021453813182907
2,13,703491,0,32.85000000000027,9.276969821698799,-2.895377209592931,-49.85161986325603,-24.17392867791199,55.403635536987636,-2.3709772182176945,-2.487193030424794,0.16485940677499628,0.16736107777000425,1,1,3,1,0.7713579604675062,0.014437061426436693,0.01061714160408669,-0.010670025747008172,-0.021248755070200936,-6.470421417149171e-08,0.3379169025786319,0.08384621129752406,0.01599757522083095,0.012591410918657071,-0.021703772229819406,0.02778994386860598,-2.4879571183003513e-05
2,13,703491,0,33.00000000000026,8.84619309663718,-2.859831540718628,-50.18747654935358,-24.5520417678829,55.87115138748961,-2.178847656522657,-2.5363410425743496,0.17194077959381476,0.16485940677499628,1,1,3,1,0.7703292377692301,0.012772795525234103,0.010109133819676415,-0.047440469501698904,-0.0056998572275690435,-6.128049475667315e-06,0.3336668072718248,0.08567852859687729,0.014437061426436693,0.01061714160408669,-0.010670025747008172,-0.021248755070200936,-6.470421417149171e-08
2,13,703491,0,33.150000000000254,8.427577690531958,-2.75585835104324,-50.493699498548686,-24.93727524128525,56.31590703797067,-1.978357410401736,-2.583116658988157,0.16146516066780875,0.17194077959381476,1,1,3,1,0.7692563273045648,0.014432045905426056,0.012005531852625453,-0.10079051956397543,0.047495759041509426,-5.139068233737657e-05,0.32731327315523095,0.08645698331242156,0.012772795525234103,0.010109133819676415,-0.047440469501698904,-0.0056998572275690435,-6.128049475667315e-06
2,13,703491,0,33.300000000000246,8.015251954767518,-2.74474322800933,-50.774158704274534,-25.33090792880961,56.74213679995394,-1.82083430292273,-2.643480544456245,0.15573045548613684,0.16146516066780875,1,1,3,1,0.7682487847019978,0.018827926762117544,0.011736781744165748,-0.01702333621046289,-0.04407417154173567,4.066591892404618e-05,0.31635472443957974,0.08847152389189653,0.014432045905426056,0.012005531852625453,-0.10079051956397543,0.047495759041509426,-5.139068233737657e-05
2,13,703491,0,33.45000000000024,7.599705894451722,-2.782359992364041,-51.03333723235279,-25.73452175415634,57.15476462191224,-1.6863414565445705,-2.7129723496071376,0.1697977318702789,0.15573045548613684,1,1,3,1,0.7672770266597643,0.0135484713486047,0.01154107996219433,0.04186475489667795,0.00932758393560015,-8.701699934249976e-06,0.3031391637318425,0.08921994840937236,0.018827926762117544,0.011736781744165748,-0.01702333621046289,-0.04407417154173567,4.066591892404618e-05
2,13,703491,0,33.60000000000023,7.19242772458972,-2.6808950901444857,-51.26961737947512,-26.14733065184334,57.5522073117496,-1.523728087982258,-2.770102173241761,0.16741444042498532,0.1697977318702789,1,1,3,1,0.7662174888128938,0.010547524800562114,0.012128061396789382,-0.029510777060484033,0.06779058412208012,-6.407913486818552e-05,0.2915472498356211,0.0890952178880756,0.0135484713486047,0.01154107996219433,0.04186475489667795,0.00932758393560015,-8.701699934249976e-06
2,13,703491,0,33.75000000000022,6.798881218209132,-2.594418430057997,-51.48259229319421,-26.568990347515694,57.9341743473888,-1.371076859064163,-2.8293686742512927,0.1524153522651321,0.16741444042498532,1,1,3,1,0.7651728227046418,0.014408705173632661,0.01321179473773005,0.0862559697730919,-0.021758983057975162,3.6921340060018496e-05,0.28000845348014525,0.09126102727335977,0.010547524800562114,0.012128061396789382,-0.029510777060484033,0.06779058412208012,-6.407913486818552e-05
2,13,703491,0,33.90000000000021,6.404663460636012,-2.644531650571833,-51.67559081683127,-27.000537010691318,58.30433676095019,-1.2465725483771228,-2.898078708519237,0.16016569308592765,0.1524153522651321,1,1,3,1,0.7642217509065073,0.012914614582196532,0.013610783741827039,0.08043428767585023,-0.01274769441443801,-4.224234064319881e-05,0.2714851387599517,0.09331131007062829,0.014408705173632661,0.01321179473773005,0.0862559697730919,-0.021758983057975162,3.6921340060018496e-05
2,13,703491,0,34.0500000000002,6.010534322865869,-2.61879090760046,-51.84645927367781,-27.44062132105809,58.66040434315842,-1.0864830986868173,-2.9488633195587663,0.15938098509782933,0.16016569308592765,1,1,3,1,0.7632223169816512,0.009355098054436798,0.014429557281105131,-0.004164630665045163,0.03529022144074642,-3.6636876495035635e-05,0.2676424124606854,0.09394926226367856,0.012914614582196532,0.013610783741827039,0.08043428767585023,-0.01274769441443801,-4.224234064319881e-05
2,13,703491,0,34.200000000000195,5.619830314547416,-2.597513557046262,-51.99183066236215,-27.887284120544138,58.99873787839613,-0.9112229083844592,-2.988773095780485,0.16697885182496808,0.15938098509782933,1,1,3,1,0.7622277796346406,0.007003978890405908,0.01446988037215948,-0.06277940916250208,0.06480421398448397,-4.5169624916157295e-05,0.2650247255786008,0.09517905576424092,0.009355098054436798,0.014429557281105131,-0.004164630665045163,0.03529022144074642,-3.6636876495035635e-05
2,13,703491,0,34.350000000000186,5.239652993438719,-2.502836716751226,-52.10730536287264,-28.337473204376245,59.31427871759377,-0.7005935904585647,-3.0032742571852857,0.15143722897324635,0.16697885182496808,1,1,3,1,0.7611858315992528,0.009537860514274644,0.0157990411048027,0.09079804620257254,0.009522054490986306,-3.5030785224972666e-06,0.25993754275004954,0.09889628941388931,0.007003978890405908,0.01446988037215948,-0.06277940916250208,0.06480421398448397,-4.5169624916157295e-05
2,13,703491,0,34.50000000000018,4.859156552168129,-2.5534395211876357,-52.193562749350704,-28.78933331133402,59.60699375896671,-0.5141150697572365,-3.0121838352462467,0.1700484964246134,0.15143722897324635,1,1,3,1,0.7602408632904596,0.004298310032757501,0.01499755084027777,0.013107929873597133,0.043808441573860386,-5.6691109864774426e-05,0.25714352084053366,0.1034231272879257,0.009537860514274644,0.0157990411048027,0.09079804620257254,0.009522054490986306,-3.5030785224972666e-06
2,13,703491,0,34.65000000000017,4.488777195215421,-2.427126801512441,-52.247122884285126,-29.237694344556665,59.87156771182221,-0.28075076457545056,-2.972198208088308,0.148030460069141,0.1700484964246134,1,1,3,1,0.7591797606727702,0.006633339836658092,0.013634371547860636,-0.10662668293882101,-0.03897526877955617,-5.028016271576039e-05,0.2564696164176966,0.1089555845307194,0.004298310032757501,0.01499755084027777,0.013107929873597133,0.043808441573860386,-5.6691109864774426e-05
2,13,703491,0,34.80000000000016,4.116591189452057,-2.5082042723821836,-52.27055635235837,-29.68020687625812,60.10928165934568,-0.09743558134692343,-2.9337103759378773,0.1686160267098195,0.148030460069141,1,1,3,1,0.7582560506019386,0.005298368726916635,0.013920076465262657,-0.05149850603071329,-0.003244779927689832,9.50183896587304e-06,0.25196304252357893,0.11304761365961456,0.006633339836658092,0.013634371547860636,-0.10662668293882101,-0.03897526877955617,-5.028016271576039e-05
2,13,703491,0,34.95000000000015,3.751787926268598,-2.3936111692829285,-52.26312004676658,-30.11134736596415,60.31688782767635,0.1179054086962279,-2.8393578119533887,0.15164554519628926,0.1686160267098195,1,1,3,1,0.7572038865952692,0.006386164100837305,0.01435300391923154,-0.07932469225024477,-0.0158492741660722,-9.009089978399514e-05,0.2437471476102595,0.11561067600573668,0.005298368726916635,0.013920076465262657,-0.05149850603071329,-0.003244779927689832,9.50183896587304e-06
2,13,703491,0,35.10000000000014,3.388492293458677,-2.4357089794187465,-52.23000957263508,-30.52798948084635,60.497372188386976,0.2658638680324086,-2.7417495410469708,0.15943182633270458,0.15164554519628926,1,1,3,1,0.7562576183932442,0.007586919144504612,0.014873608853840158,5.0145724331086445e-05,-0.020343597909303613,-4.555055310205893e-05,0.23202989206823216,0.11692639266167572,0.006386164100837305,0.01435300391923154,-0.07932469225024477,-0.0158492741660722,-9.009089978399514e-05
2,13,703491,0,35.250000000000135,3.0266143486676516,-2.4003882531367755,-52.17673184494702,-30.926458437636555,60.6535833856036,0.39267285362663706,-2.6091414468500123,0.15162381622159515,0.15943182633270458,1,1,3,1,0.7552627637969281,0.007274070106071313,0.014481760793909957,0.09931900310593335,-0.06889769872216346,-9.85664596672098e-05,0.21943585563657536,0.11666895390658177,0.007586919144504612,0.014873608853840158,5.0145724331086445e-05,-0.020343597909303613,-4.555055310205893e-05
2,13,703491,0,35.40000000000013,2.663129363911038,-2.434225461560394,-52.11057338031024,-31.304219812340804,60.79034492486491,0.4585138651598477,-2.4689608259906564,0.16057500448737488,0.15162381622159515,1,1,3,1,0.7543166311837054,0.0036065688793940264,0.014463603647882127,-0.07714870577040409,-0.004726461085740485,-3.4424045161850694e-05,0.21112146607784085,0.11307791649350543,0.007274070106071313,0.014481760793909957,0.09931900310593335,-0.06889769872216346,-9.85664596672098e-05
2,13,703491,0,35.55000000000012,2.303543490779246,-2.378305577475196,-52.037294266106485,-31.658458886451342,60.9109022556922,0.49697981332891183,-2.3044654156382203,0.14876264453406168,0.16057500448737488,1,1,3,1,0.7533146431557043,0.006255221875360752,0.016838075391797453,-0.055415705449362355,0.027614728995217584,2.8804347395541754e-05,0.20215281392018936,0.10786189913556021,0.0036065688793940264,0.014463603647882127,-0.07714870577040409,-0.004726461085740485,-3.4424045161850694e-05
2,13,703491,0,35.70000000000011,1.9414132496717826,-2.4316491399295024,-51.96441353003762,-31.988350567804908,61.02093776376713,0.47373647901585736,-2.143400055488862,0.16728074506827695,0.14876264453406168,1,1,3,1,0.7523863642538119,0.0039245092300799625,0.016005356459811392,0.07988815491399964,0.056140981530225335,-7.154756392852902e-05,0.190177633893329,0.10344942776547936,0.006255221875360752,0.016838075391797453,-0.055415705449362355,0.027614728995217584,2.8804347395541754e-05
2,13,703491,0,35.8500000000001,1.5894796946854406,-2.3030852703411346,-51.89621548305731,-32.29112619702736,61.12228736341813,0.43916900008116055,-1.9528238015072774,0.15052339526555814,0.16728074506827695,1,1,3,1,0.7513425324045858,0.003826744303576766,0.01408764328527461,0.043509900451521075,0.02037475600151375,-0.0001094666093005241,0.18079826305126392,0.10139093859004288,0.0039245092300799625,0.016005356459811392,0.07988815491399964,0.056140981530225335,-7.154756392852902e-05
2,13,703491,0,36.00000000000009,1.241141157757033,-2.3316121755903714,-51.83940131704719,-32.56695538011033,61.22034066909438,0.34425189898173914,-1.7786193709825566,0.16386205261727094,0.15052339526555814,1,1,3,1,0.7504032664181286,0.0024426690504415964,0.012083610549438158,0.1091703885115173,-0.03794594616171448,-2.5997689405900657e-06,0.17497023499534897,0.10078657508645301,0.003826744303576766,0.01408764328527461,0.043509900451521075,0.02037475600151375,-0.0001094666093005241
2,13,703491,0,36.150000000000084,0.9015467246374005,-2.230029150471221,-51.796847243891705,-32.814788580746296,61.31658612484985,0.2507510488826652,-1.5862227639806217,0.16420462016562898,0.16386205261727094,1,1,3,1,0.749380767209797,-0.0014905792383092303,0.009904376256373429,-0.012762455528994262,0.013481532562151587,-8.082477188824882e-05,0.17425608014473998,0.09879417266920124,0.0024426690504415964,0.012083610549438158,0.1091703885115173,-0.03794594616171448,-2.5997689405900657e-06
2,13,703491,0,36.300000000000075,0.5777256353211495,-2.1231554160022106,-51.7694763566546,-33.0340697292955,61.41114267885086,0.14705701773041868,-1.3973341526665264,0.15978007733386757,0.16420462016562898,1,1,3,1,0.7483561303799635,0.0005069069113247832,0.009797927061199696,-0.09969500316060641,0.02423549427472662,4.532508966907528e-05,0.17509489586502755,0.09640738996662994,-0.0014905792383092303,0.009904376256373429,-0.012762455528994262,0.013481532562151587,-8.082477188824882e-05
2,13,703491,0,36.45000000000007,0.2656868738552234,-2.0586887915616097,-51.75801009724959,-33.22577516015221,61.504826999350044,0.04007017239752697,-1.2161315400171036,0.15348718867517297,0.15978007733386757,1,1,3,1,0.7473591026974001,0.004678880852335243,0.01036559606125463,0.010864352597188449,-0.010170206487896427,3.317142809488426e-05,0.17197019806395616,0.09500846712808575,0.0005069069113247832,0.009797927061199696,-0.09969500316060641,0.02423549427472662,4.532508966907528e-05
3,13,952875,0.4,0,264.63699953909963,-18.040585461072624,19.234273288614425,9.572741516629002,21.48475387537169,-0.22806088134999958,-0.08835224354759119,0.4057647718079039,0,1,0,1,1,1,0.002752881274978427,-0.0011654734733334842,-0.09711812938862217,0.13680979076480446,-0.00028940347892417536,0.031702901087701324,0.01580780729651451,0,0,0,0,0
3,13,952875,0.4,0.15000000000000002,261.8661797685401,-18.52626393457776,19.226154343261356,9.582712671645496,21.481931779479766,0.03518213842483542,0.15174593786189494,0.7141580231869052,0.40126569009333535,1,0.33438807507777946,1,1,0.9993579748958508,-0.0039763130194658694,-0.0031423918162834957,0.11707607513268357,-0.274214168756394,0.0011927513370211815,0.028084345371300296,0.020874753915023664,0.002752881274978427,-0.0011654734733334842,-0.09711812938862217,0.13680979076480446,-0.00028940347892417536
3,13,952875,0.4,0.3,259.1626729947542,-17.6637085996812,19.26282047277972,9.633342245646057,21.537352097885442,0.34834511429932036,0.4373856212706556,0.5786657081161781,0.7141580231869052,1,0.6687761501555589,1,1,0.9978236108210772,0.0024655708751907444,-0.0022921391345717295,0.19822071147081582,-0.39779795255522094,-0.0004793339265390744,0.027373905458468194,0.019867536801308965,-0.0039763130194658694,-0.0031423918162834957,0.11707607513268357,-0.274214168756394,0.0011927513370211815
3,13,952875,0.4,0.44999999999999996,256.63359621422205,-15.900485418590783,19.352520102430532,9.727786452587257,21.659867579976524,0.7407450561375486,0.7305674613063692,0.12838190162355645,0.5786657081161781,1,1,3,1,0.995692731347178,-0.0012348893033199923,0.003231477262989976,-0.32268090173242436,-0.08741681208714977,-0.0003379255940910871,0.036123419398154916,-0.0005798601356097523,0.0024655708751907444,-0.0022921391345717295,0.19822071147081582,-0.39779795255522094,-0.0004793339265390744
3,13,952875,0.4,0.6,254.43818449031738,-14.424481973236059,19.507193236571975,9.863773563655853,21.85919982259267,1.1597267704493301,0.9914611492077287,0.2223480557387782,0.17740001802284278,1,1,3,1,0.9937511225993213,-0.0041521624719211185,0.007882155825170734,-0.29004783729664746,0.23702591882153995,-0.0006344641793530097,0.03976639569442305,-0.030171010703150727,-0.0012348893033199923,0.003231477262989976,-0.32268090173242436,-0.08741681208714977,-0.0003379255940910871
3,13,952875,0.4,0.7500000000000001,252.33830888010272,-13.786606391871862,19.721523406144943,10.034430477226268,22.12754573967502,1.557107649589429,1.2089699626097885,0.14902428238447052,0.2223480557387782,1,1,3,1,0.9923636707315114,0.0035339907042727867,-0.00047615070288806454,-0.3344360574186272,0.14186699420639384,0.0003182481816858766,0.02676704493022073,-0.05113260997704943,-0.0041521624719211185,0.007882155825170734,-0.29004783729664746,0.23702591882153995,-0.0006344641793530097
3,13,952875,0.4,0.9000000000000002,250.26484592436515,-13.841305851565059,19.992959759826235,10.236397258231593,22.46112795000203,1.9268907743276658,1.4164872204453407,0.20422774915909753,0.14902428238447052,1,1,3,1,0.9914337592094323,0.0062787170290385524,-0.0031672722026234246,-0.038846851138180254,0.06750984932297283,0.000607265621072907,-0.0029748840283899992,-0.06129376928607856,0.0035339907042727867,-0.00047615070288806454,-0.3344360574186272,0.14186699420639384,0.0003182481816858766
3,13,952875,0.4,1.0500000000000003,248.23515264834566,-13.376413312693922,20.316091724729624,10.464581376496323,22.852812657371985,2.254974046560074,1.5751029791648024,0.1712237259640909,0.20422774915909753,1,1,3,1,0.9901593780546797,0.0008343279406504213,-0.007365217394370218,-0.016934428130865837,0.08849675299384205,1.2541720827393774e-05,-0.03842784973223629,-0.06564033255500548,0.0062787170290385524,-0.0031672722026234246,-0.038846851138180254,0.06750984932297283,0.000607265621072907
3,13,952875,0.4,1.2000000000000004,246.2438504276294,-13.225105646801609,20.68174670773006,10.717030399752458,23.2935481941228,2.5170862213564984,1.7391842663769466,0.19865459806594427,0.1712237259640909,1,1,3,1,0.9890909420046639,-0.0016112824847793353,-0.007942098892519175,-0.05632255635196559,0.07194218317625692,1.010564716885947e-05,-0.07296857630051841,-0.06500613708262085,0.0008343279406504213,-0.007365217394370218,-0.016934428130865837,0.08849675299384205,1.2541720827393774e-05
3,13,952875,0.4,1.3500000000000005,244.3006486650445,-12.82000951034603,21.078154696042862,10.99163166196629,23.771928234425022,2.692452627043481,1.8792657767829493,0.17132011193053498,0.19865459806594427,1,1,3,1,0.9878513373127323,-0.0012982633127074442,-0.011323862350901432,0.16135993382549557,-0.10448467329932505,4.671769548257316e-05,-0.10758349115540843,-0.05987196110135114,-0.0016112824847793353,-0.007942098892519175,-0.05632255635196559,0.07194218317625692,1.010564716885947e-05
3,13,952875,0.4,1.5000000000000007,242.39203837392452,-12.676653463207058,21.496818420048548,11.288505206111534,24.280517951084686,2.829420230159058,2.031447413115868,0.19773458951497008,0.17132011193053498,1,1,3,1,0.9867822998142858,-0.006814884081513083,-0.009965549699855886,-0.07872761789108679,0.012275265179451659,-3.1735112829120064e-05,-0.13492064978842397,-0.057283425118216276,-0.0012982633127074442,-0.011323862350901432,0.16135993382549557,-0.10448467329932505,4.671769548257316e-05
3,13,952875,0.4,1.6500000000000008,240.52895032904354,-12.293302035725912,21.926754059799986,11.605691758209003,24.808761048982586,2.8741724118298926,2.1578893928636163,0.17414532304423935,0.19773458951497008,1,1,3,1,0.9855484359757123,-0.007392629524199768,-0.009002357294110008,0.03205205694810694,0.01532955021069453,7.940522679622038e-05,-0.1602587272144044,-0.05591730216870249,-0.006814884081513083,-0.009965549699855886,-0.07872761789108679,0.012275265179451659,-3.1735112829120064e-05
3,13,952875,0.4,1.800000000000001,238.70071790293673,-12.136402378898412,22.362127648169356,11.94250527071049,25.35129553087905,2.9075379989311276,2.290973373941911,0.18797158929632174,0.17414532304423935,1,1,3,1,0.9844617691599161,-0.008528596407749127,-0.00955242808100743,-0.010823513989776696,-0.02715027309788835,6.632907611458058e-05,-0.18390775584504107,-0.05352287160002091,-0.007392629524199768,-0.009002357294110008,0.03205205694810694,0.01532955021069453,7.940522679622038e-05
3,13,952875,0.4,1.950000000000001,236.90811664056432,-11.858626428352954,22.796323729203927,12.297158928946933,25.90159248560685,2.8800144643832906,2.4027788657203737,0.17306894737706674,0.18797158929632174,1,1,3,1,0.9832888264427072,-0.007848106402420585,-0.010133978681475636,-0.009070238732789686,-0.045728344300568505,1.9414288327478643e-05,-0.20552572117105963,-0.05167803713721413,-0.008528596407749127,-0.00955242808100743,-0.010823513989776696,-0.02715027309788835,6.632907611458058e-05
3,13,952875,0.4,2.1000000000000005,235.14271703514154,-11.725477078801228,23.22668886452937,12.66818927156396,26.456796764344332,2.8568851019826194,2.5103328634978093,0.18881920336616653,0.17306894737706674,1,1,3,1,0.9822088762110742,-0.008981751929411957,-0.01003068738786339,-0.022463634806500966,-0.030077008090874022,6.493095090530855e-05,-0.22596776241360003,-0.051790614521363874,-0.007848106402420585,-0.010133978681475636,-0.009070238732789686,-0.045728344300568505,1.9414288327478643e-05
3,13,952875,0.4,2.25,233.41095485983598,-11.455827479117055,23.648233061896455,13.052715511413151,27.011336678729137,2.78090543539981,2.5912846689193314,0.17001659374206157,0.18881920336616653,1,1,3,1,0.9810306443820694,-0.008791418247836464,-0.012253284138483403,0.11331393725278646,-0.08319816084324262,8.999993498192786e-05,-0.24574611581533548,-0.05347301300361967,-0.008981751929411957,-0.01003068738786339,-0.022463634806500966,-0.030077008090874022,6.493095090530855e-05
3,13,952875,0.4,2.3999999999999995,231.701621965796,-11.366156902419773,24.061761245326984,13.448566275566957,27.56505557940046,2.7405326899359954,2.663832356539931,0.18746587012756122,0.17001659374206157,1,1,3,1,0.979969740837119,-0.011539155835734845,-0.011445610690788284,0.021654248323754812,-0.02959183162006737,-3.261209541331112e-06,-0.26013539121114304,-0.058267742266444725,-0.008791418247836464,-0.012253284138483403,0.11331393725278646,-0.08319816084324262,8.999993498192786e-05
3,13,952875,0.4,2.549999999999999,230.02089302567651,-11.124850860124887,24.464917455749344,13.852016184153815,28.11424084841503,2.658170274266996,2.7032703643084637,0.17790832663734424,0.18746587012756122,1,1,3,1,0.9787999538075229,-0.012437635536396048,-0.011952085597469039,0.014146653169499765,-0.00021428323230522517,6.546885123300195e-05,-0.27035150181922657,-0.0649279315570513,-0.011539155835734845,-0.011445610690788284,0.021654248323754812,-0.02959183162006737,-3.261209541331112e-06
3,13,952875,0.4,2.6999999999999984,228.36711103316833,-10.975912285714983,24.859197905263457,14.259929008612966,28.658773452884137,2.611239387534299,2.7285170621565653,0.1832573279375686,0.17790832663734424,1,1,3,1,0.977689805849306,-0.013587673481598233,-0.012859336653190225,0.04745803035746209,-0.016051134644225435,8.702305280507425e-06,-0.27855278341929474,-0.07127601794443611,-0.012437635536396048,-0.011952085597469039,0.014146653169499765,-0.00021428323230522517,6.546885123300195e-05
3,13,952875,0.4,2.849999999999998,226.74000296777442,-10.783523764205334,25.24629304900983,14.669184952601347,29.198635240197575,2.5631807905089703,2.7296396112720545,0.1737276877068632,0.1832573279375686,1,1,3,1,0.9765462801229756,-0.013131782748827807,-0.011700170375116021,0.06374842620237657,0.03424018317444682,-7.53659430242382e-05,-0.283737808702876,-0.07735842581561067,-0.013587673481598233,-0.012859336653190225,0.04745803035746209,-0.016051134644225435,8.702305280507425e-06
3,13,952875,0.4,2.9999999999999973,225.13291732771376,-10.679245216110612,25.630506464087,15.078147689366885,29.73673484678446,2.5586996906394583,2.726697683133722,0.17937131592863542,0.1737276877068632,1,1,3,1,0.9754622193516846,-0.013423309564383078,-0.012960609296429374,0.047842049934053534,-0.02261893875467919,8.069466002905788e-05,-0.28491203177840074,-0.08164841632094803,-0.013131782748827807,-0.011700170375116021,0.06374842620237657,0.03424018317444682,-7.53659430242382e-05
3,13,952875,0.4,3.149999999999997,223.5464723966039,-10.524771805647202,26.01419744324397,15.484893140541974,30.274087668996483,2.5557117555445688,2.706378502891629,0.18240132620224253,0.17937131592863542,1,1,3,1,0.97434294234029,-0.01586912772139269,-0.013874080719200668,0.023457087249912193,0.023787199475924385,2.6110707991427633e-05,-0.28263044512388885,-0.08543929113087816,-0.013423309564383078,-0.012960609296429374,0.047842049934053534,-0.02261893875467919,8.069466002905788e-05
3,13,952875,0.4,3.2999999999999963,221.98589334467727,-10.343208351683442,26.39771393927833,15.88729998184633,30.80982963167995,2.555098227498657,2.6734499603490347,0.17893414421089188,0.18240132620224253,1,1,3,1,0.9732047580647879,-0.017100857866868567,-0.01421013906411212,0.030259705799491297,0.011848064212110732,-4.200320043527042e-05,-0.27823740946437103,-0.08803066254651266,-0.01586912772139269,-0.013874080719200668,0.023457087249912193,0.023787199475924385,2.6110707991427633e-05
3,13,952875,0.4,3.4499999999999957,220.4495751334214,-10.191260008864605,26.782831691419247,16.284589654716928,31.344982591052826,2.5708657283383864,2.6391527779828943,0.16571021183983814,0.17893414421089188,1,1,3,1,0.9720882090049119,-0.01342521223726879,-0.013329019019747156,0.004192011633208168,-0.015769570033241764,-3.735615689341557e-05,-0.27200852137716414,-0.08909023477261899,-0.017100857866868567,-0.01421013906411212,0.030259705799491297,0.011848064212110732,-4.200320043527042e-05
3,13,952875,0.4,3.599999999999995,218.9245923568585,-10.153846824703272,27.174701320693153,16.678055682462343,31.884509298657814,2.6298032557829716,2.618180399244272,0.16321323447046976,0.16571021183983814,1,1,3,1,0.9710541772830314,-0.011594722714231355,-0.012895072373546614,0.011772455518897676,-0.04083571328399924,4.616636870389904e-05,-0.26500362534647914,-0.08999769877209063,-0.01342521223726879,-0.013329019019747156,0.004192011633208168,-0.015769570033241764,-3.735615689341557e-05
3,13,952875,0.4,3.7499999999999947,217.40335444333138,-10.13512002798215,27.57589557403089,17.06844504086998,32.43087776830987,2.693003376100389,2.597679015716366,0.16662612743178262,0.16321323447046976,1,1,3,1,0.9700357266999359,-0.01250170486098532,-0.013320594142672016,0.03815140110054987,-0.0473386682532792,9.435291935567111e-05,-0.2575612324223162,-0.09222255458060728,-0.011594722714231355,-0.012895072373546614,0.011772455518897676,-0.04083571328399924,4.616636870389904e-05
3,13,952875,0.4,3.899999999999994,215.8882848985779,-10.082779823951574,27.984655834762947,17.454753077283748,32.98195517520267,2.7369279738610515,2.566685687960455,0.16861550964396965,0.16662612743178262,1,1,3,1,0.9689959796647615,-0.014505307757984734,-0.011826847016577505,-0.0015211180125680062,0.0090451254151235,-3.6583346118654187e-06,-0.24859520930006565,-0.09636224741378407,-0.01250170486098532,-0.013320594142672016,0.03815140110054987,-0.0473386682532792,9.435291935567111e-05
3,13,952875,0.4,4.049999999999994,214.38315092931617,-10.00957199067571,28.398160081250612,17.83544762538287,33.53444032629904,2.7624655297664322,2.5258072234450286,0.17314125573379363,0.16861550964396965,1,1,3,1,0.9679438188845831,-0.01633460551105798,-0.011343302918435345,-0.10862772574100393,0.08331671585678421,-3.1286045082638514e-05,-0.23913585777804502,-0.10034705915010016,-0.014505307757984734,-0.011826847016577505,-0.0015211180125680062,0.0090451254151235,-3.6583346118654187e-06
3,13,952875,0.4,4.199999999999993,212.8933839736876,-9.892592809824018,28.812947302828185,18.20854613626819,34.08426447309904,2.7621730252721632,2.4706066354438097,0.16526658176439718,0.17314125573379363,1,1,3,1,0.9668634174488041,-0.014791250160330996,-0.012501204244693748,-0.1402400716253931,0.058835557207402814,2.2367147535426792e-05,-0.23381543865001123,-0.10044399182960838,-0.01633460551105798,-0.011343302918435345,-0.10862772574100393,0.08331671585678421,-3.1286045082638514e-05
3,13,952875,0.4,4.3499999999999925,211.41420597462837,-9.845411988418597,29.227894456256674,18.573480403048542,34.63010234793579,2.763153213548709,2.4170332750052688,0.17293173157312786,0.16526658176439718,1,1,3,1,0.9658321539785942,-0.013239347574881263,-0.012588320857805394,0.02719463214198518,0.01616973092884426,4.4504414051426154e-05,-0.23548792099052773,-0.09646172623802815,-0.014791250160330996,-0.012501204244693748,-0.1402400716253931,0.058835557207402814,2.2367147535426792e-05
3,13,952875,0.4,4.499999999999992,209.94917393139193,-9.727619675637749,29.63899155526162,18.92920612948174,35.16794940148314,2.7243750655827887,2.351892558401036,0.17246664755696223,0.17293173157312786,1,1,3,1,0.9647530599735779,-0.015637799953379303,-0.01623289191734882,0.05762923362962725,-0.04143063042396551,9.868346890334433e-06,-0.23812211923377205,-0.09066652850064949,-0.013239347574881263,-0.012588320857805394,0.02719463214198518,0.01616973092884426,4.4504414051426154e-05
3,13,952875,0.4,4.6499999999999915,208.5012632732709,-9.615179465324022,30.042139039329165,19.274287118025402,35.69353249492778,2.6656263471023482,2.2776800178865466,0.15529119186877005,0.17246664755696223,1,1,3,1,0.9636768680928224,-0.012025472453572833,-0.014095095686953224,-0.17967336205339962,-0.04202026825778716,1.0372868919878639e-05,-0.23746422647756504,-0.08598767046406401,-0.015637799953379303,-0.01623289191734882,0.05762923362962725,-0.04143063042396551,9.868346890334433e-06
3,13,952875,0.4,4.799999999999991,207.054786133408,-9.657224927693067,30.440094048408454,19.609545224544323,36.20957869941876,2.643461211526909,2.2159189548984033,0.17131660375966928,0.15529119186877005,1,1,3,1,0.9627078510555612,-0.011257502400857228,-0.012052808354030551,-0.08436948427828783,0.0014873619074118943,0.00010461208535876824,-0.2420305144864419,-0.08345316551410392,-0.012025472453572833,-0.014095095686953224,-0.17967336205339962,-0.04202026825778716,1.0372868919878639e-05
3,13,952875,0.4,4.94999999999999,205.6165416244583,-9.554215747365584,30.82987889971782,19.932926637324318,36.71243654812657,2.572426399218496,2.1277585942288604,0.1615806199694112,0.17131660375966928,1,1,3,1,0.961638835448101,-0.010550921304698655,-0.01109884952277681,0.10955464981609263,-0.006756547946712096,3.554905088937983e-05,-0.25228467722777387,-0.08138013347701398,-0.011257502400857228,-0.012052808354030551,-0.08436948427828783,0.0014873619074118943,0.00010461208535876824
3,13,952875,0.4,5.09999999999999,204.18454344076372,-9.543164096432179,31.21015271173456,20.242706322469623,37.200010639078364,2.5138444329123963,2.0357511619959485,0.16914878234341313,0.1615806199694112,1,1,3,1,0.9606305723794918,-0.012462163541717983,-0.011252673614249442,-0.07168321398659994,0.022462258136605847,-2.186302177148944e-05,-0.2589924565534917,-0.07930058176222242,-0.010550921304698655,-0.01109884952277681,0.10955464981609263,-0.006756547946712096,3.554905088937983e-05
3,13,952875,0.4,5.249999999999989,202.7608228432455,-9.465845227471185,31.579155084948773,20.536440936013463,37.66946299322059,2.431073743360519,1.9214510751682201,0.16635431395222,0.16914878234341313,1,1,3,1,0.9595750839776689,-0.011958141009668707,-0.010566494905976075,0.022800036739445112,0.004411280629597778,2.156084160668146e-05,-0.2655436092831165,-0.07628736752314313,-0.012462163541717983,-0.011252673614249442,-0.07168321398659994,0.022462258136605847,-2.186302177148944e-05
3,13,952875,0.4,5.399999999999989,201.34596156393556,-9.41592569905142,31.936225790709052,20.81208519810781,38.119095058099795,2.3531930611449776,1.7979370680550568,0.170040293193725,0.16635431395222,1,1,3,1,0.958537033058607,-0.012741706176613675,-0.012840094161190913,0.03341627704204226,-0.04264498215035637,0.00010666037826823759,-0.27171988808645936,-0.07255342241815305,-0.011958141009668707,-0.010566494905976075,0.022800036739445112,0.004411280629597778,2.156084160668146e-05
3,13,952875,0.4,5.549999999999988,199.94169391438442,-9.334857747666293,32.28030917375818,21.06737281604712,38.546758070215674,2.262511931050501,1.656177488725367,0.16000326988172636,0.170040293193725,1,1,3,1,0.9574759816290783,-0.011365563650863702,-0.011352015409998358,0.027881797008032908,-0.06548399166751616,7.00038249426688e-05,-0.2754325498375578,-0.07016418464758449,-0.012741706176613675,-0.012840094161190913,0.03341627704204226,-0.04264498215035637,0.00010666037826823759
3,13,952875,0.4,5.699999999999988,198.54045585219126,-9.345007744742508,32.61346234559086,21.301276307545457,38.95359159946192,2.19860866145879,1.5130162072794024,0.16695590786843134,0.16000326988172636,1,1,3,1,0.9564775612250165,-0.01163612728130857,-0.007853346219387672,0.057891684835456085,-0.01435447986478787,6.97768104764968e-05,-0.2768911127090877,-0.07074488724077682,-0.011365563650863702,-0.011352015409998358,0.027881797008032908,-0.06548399166751616,7.00038249426688e-05
3,13,952875,0.4,5.849999999999987,197.1440158597782,-9.291842143194081,32.93477325631859,21.512233587828252,39.337964911550834,2.11207478526043,1.3551693991000082,0.15534404943081936,0.16695590786843134,1,1,3,1,0.9554357563599176,-0.011106528366562656,-0.00725184279437978,0.04598509039144768,0.0009009495118242459,5.701459277508709e-05,-0.27524165803472783,-0.07271251127711807,-0.01163612728130857,-0.007853346219387672,0.057891684835456085,-0.01435447986478787,6.97768104764968e-05
3,13,952875,0.4,5.999999999999987,195.74513381433022,-9.342697944393528,33.245742340319524,21.69938491170843,39.700663587720975,2.0517696862211023,1.1964556504950488,0.18008307934585172,0.15534404943081936,1,1,3,1,0.9544664094914694,-0.01585123207956421,-0.008633220172537275,-0.005280097095231752,0.05372755050291157,1.0353880170669634e-05,-0.27060782259304317,-0.0745452998418089,-0.011106528366562656,-0.00725184279437978,0.04598509039144768,0.0009009495118242459,5.701459277508709e-05
3,13,952875,0.4,6.149999999999986,194.3611134063976,-9.168544450880713,33.539625894730975,21.85957469520936,40.03432915653697,1.910795791704206,1.006931515964176,0.15619909046650504,0.18008307934585172,1,1,3,1,0.9533426910763513,-0.013281960184626632,-0.007211495693747257,-0.04272169815224423,0.05762339475354375,2.3929854696741805e-05,-0.2651616536337411,-0.0739811501721353,-0.01585123207956421,-0.008633220172537275,-0.005280097095231752,0.05372755050291157,1.0353880170669634e-05
3,13,952875,0.4,6.299999999999986,192.98187376215566,-9.207858976323111,33.81755961825981,21.993662377647233,40.34040807077305,1.8209463748683925,0.8416199947086638,0.1691303663175403,0.15619909046650504,1,1,3,1,0.9523680087518401,-0.012305000394760507,-0.007329409894787357,-0.03713457897150486,0.02296135557059429,2.6555718547116043e-05,-0.26129516689524657,-0.0701092469229503,-0.013281960184626632,-0.007211495693747257,-0.04272169815224423,0.05762339475354375,2.3929854696741805e-05
3,13,952875,0.4,6.449999999999985,191.6087944776231,-9.126662040605826,34.07665378994843,22.102702519318903,40.61708744084825,1.6768956156754644,0.6746377105194301,0.15914878893702972,0.1691303663175403,1,1,3,1,0.9513126352660186,-0.011192308588205656,-0.008596260189171926,-0.0573588183387235,0.0024853141353491158,1.1767965429736962e-05,-0.25942259871353535,-0.06437053672052769,-0.012305000394760507,-0.007329409894787357,-0.03713457897150486,0.02296135557059429,2.6555718547116043e-05
3,13,952875,0.4,6.5999999999999845,190.2389532885372,-9.134989508830952,34.31403760662561,22.188726994443215,40.863098053168336,1.531414298781863,0.52838166533629,0.15847786203118575,0.15914878893702972,1,1,3,1,0.9503195468230514,-0.007492578181640068,-0.0066483339948214554,0.014257909809900285,-0.06524124313861847,3.433388598953255e-05,-0.26009735490838326,-0.05824636890194841,-0.011192308588205656,-0.008596260189171926,-0.0573588183387235,0.0024853141353491158,1.1767965429736962e-05
3,13,952875,0.4,6.749999999999984,188.8674630118971,-9.147381417212506,34.52714344430383,22.254846017223475,41.077996612223686,1.3615637527703863,0.40246545101256453,0.1568340247492097,0.15847786203118575,1,1,3,1,0.9493306449639768,-0.00712632503802682,-0.006094010103333399,0.06798995079196607,-0.061988666213079656,-1.3690243013007447e-05,-0.2609675864888281,-0.05466657951140138,-0.007492578181640068,-0.0066483339948214554,0.014257909809900285,-0.06524124313861847,3.433388598953255e-05
3,13,952875,0.4,6.8999999999999835,187.49266667178975,-9.17416894668399,34.712445883364694,22.30378577545269,41.26030488402635,1.1695013775830239,0.2933228931047626,0.16660126392051955,0.1568340247492097,1,1,3,1,0.9483520006495418,-0.010112492047175119,-0.003665890280541115,0.012228637150602935,0.031501623857094714,5.666775148712727e-06,-0.25878960488358976,-0.05459864525132415,-0.00712632503802682,-0.006094010103333399,0.06798995079196607,-0.061988666213079656,-1.3690243013007447e-05
3,13,952875,0.4,7.049999999999983,186.12283658816992,-9.1110109071276,34.864251542004986,22.337349839002677,41.406198007233044,0.9318432358240929,0.19421679110430895,0.15973332498195136,0.16660126392051955,1,1,3,1,0.9473124087626776,-0.010334829334689828,-0.0021804706656263248,0.0069589397232800035,0.0453146620927928,8.569663110307506e-05,-0.25478477095678487,-0.054349809521917015,-0.010112492047175119,-0.003665890280541115,0.012228637150602935,0.031501623857094714,5.666775148712727e-06
3,13,952875,0.4,7.199999999999982,184.7563865675246,-9.108749329766379,34.98118429647237,22.358270316392996,41.51596688413586,0.7030190231532973,0.11778649082093667,0.15973111010455399,0.15973332498195136,1,1,3,1,0.9463156728147903,-0.007538401144418545,-0.0044951448403249,0.13212077915122375,-0.060645152971819744,5.230596614951173e-05,-0.25024321122146437,-0.05179025389303743,-0.010334829334689828,-0.0021804706656263248,0.0069589397232800035,0.0453146620927928,8.569663110307506e-05
3,13,952875,0.4,7.349999999999982,183.3906169186252,-9.102923289410933,35.06430694636172,22.3692759092633,41.591947854523696,0.48106461716776083,0.05679674464647175,0.17039626597425556,0.15973111010455399,1,1,3,1,0.9453189506877379,-0.011754555495201588,-0.005171219969621017,0.01932634048014517,0.015655176393758925,-6.314750862379932e-05,-0.24073243437348318,-0.05070578517182902,-0.007538401144418545,-0.0044951448403249,0.13212077915122375,-0.060645152971819744,5.230596614951173e-05
3,13,952875,0.4,7.499999999999981,182.03580877086088,-8.996051568019851,35.11276499974237,22.371954832922658,41.63424826958527,0.24724737177808942,0.0037939647948485866,0.1737476471683999,0.17039626597425556,1,1,3,1,0.9442556779880587,-0.013881753527103448,-0.005745189165789534,-0.018506772600121554,0.03122060433614286,3.426623417271858e-05,-0.2284116741051568,-0.050048476195959334,-0.011754555495201588,-0.005171219969621017,0.01932634048014517,0.015655176393758925,-6.314750862379932e-05
3,13,952875,0.4,7.649999999999981,180.70054905574347,-8.854018038976529,35.12797863960986,22.367941532583355,41.644923960909736,0.03261669849406079,-0.03650685710670552,0.15904834000607493,0.1737476471683999,1,1,3,1,0.943171492669728,-0.008851436581656612,-0.00459725799334113,-0.1001551167144009,0.019764244767985207,6.707716599312491e-05,-0.21679583348625794,-0.04781197043749795,-0.013881753527103448,-0.005745189165789534,-0.018506772600121554,0.03122060433614286,3.426623417271858e-05
3,13,952875,0.4,7.79999999999998,179.37361698685652,-8.841952558869824,35.118225207002126,22.360617378694457,41.632762954746255,-0.10981751808120332,-0.04947418303612338,0.15561485525364138,0.15904834000607493,1,1,3,1,0.94217903102809,-0.00295366997277296,-0.004843375090954226,0.11416457055134999,-0.08183168334309855,3.49414929531761e-05,-0.2096425974116132,-0.04427009015592159,-0.008851436581656612,-0.00459725799334113,-0.1001551167144009,0.019764244767985207,6.707716599312491e-05
3,13,952875,0.4,7.94999999999998,178.04576759242227,-8.857192775366636,35.09170949160231,22.3530564365006,41.60633614122244,-0.20577125056770673,-0.04588313536377865,0.16182129703900655,0.15561485525364138,1,1,3,1,0.9412079943313072,-0.0053327770837560216,-0.004096498189793354,0.012216572019588454,-0.03272493637522501,3.682550755662924e-05,-0.2004023204719637,-0.043482930518953834,-0.00295366997277296,-0.004843375090954226,0.11416457055134999,-0.08183168334309855,3.49414929531761e-05
3,13,952875,0.4,8.09999999999998,176.72168158739802,-8.811862988536703,35.052941259853235,22.346660747651953,41.570204925371364,-0.27957946469313977,-0.036742516539430475,0.1589931108205867,0.16182129703900655,1,1,3,1,0.9401982294377839,-0.004892433570051112,-0.0033209333202378704,-0.003712318950987727,-0.0015071492802034494,5.159177923426818e-05,-0.18911744671061093,-0.04529921961466697,-0.0053327770837560216,-0.004096498189793354,0.012216572019588454,-0.03272493637522501,3.682550755662924e-05
3,13,952875,0.4,8.249999999999982,175.4021194877205,-8.78933312729776,35.00750984699027,22.342266444584858,41.52953907242341,-0.30951523191894825,-0.02163265768850803,0.1595201092892588,0.1589931108205867,1,1,3,1,0.9392061124262633,-0.0036076551870342466,-0.0029783432173834975,-0.013287458778253821,0.004212877093133978,0.00011829941445939809,-0.1783371848155568,-0.04753082576980504,-0.004892433570051112,-0.0033209333202378704,-0.003712318950987727,-0.0015071492802034494,5.159177923426818e-05
3,13,952875,0.4,8.399999999999984,174.08677242680227,-8.758498066686073,34.96108263846313,22.340313670054577,41.489359046987886,-0.3050240516427971,-0.004911552579817728,0.1571066636698089,0.1595201092892588,1,1,3,1,0.9382107069442984,-0.0026827384055888494,-0.003602435083179324,0.006405270783632457,-0.03096183208431328,6.925088982546619e-05,-0.16870137966639637,-0.0493909795718893,-0.0036076551870342466,-0.0029783432173834975,-0.013287458778253821,0.004212877093133978,0.00011829941445939809
3,13,952875,0.4,8.549999999999986,172.77406414036426,-8.747573479277516,34.9185924988129,22.340940980269927,41.45389904438492,-0.268533749478598,0.012306464239250185,0.16024932438831474,0.1571066636698089,1,1,3,1,0.9372303613629988,-0.0027227285681948187,-0.0022780266938102127,-0.020799896652360733,0.005248026222731488,3.206468950848811e-05,-0.15961294157290848,-0.052091814931074634,-0.0026827384055888494,-0.003602435083179324,0.006405270783632457,-0.03096183208431328,6.925088982546619e-05
3,13,952875,0.4,8.699999999999989,171.46617883454334,-8.70484624699384,34.88314130269387,22.343948017644294,41.42566306239283,-0.21705131128103394,0.027334137481458274,0.16722676236302292,0.16024932438831474,1,1,3,1,0.9362304055788155,-0.005582313713808415,-0.003703448588928769,-0.025922955346386316,0.05325348161533978,-1.16459479842928e-06,-0.15169310197429886,-0.05489569666829413,-0.0027227285681948187,-0.0022780266938102127,-0.020799896652360733,0.005248026222731488,3.206468950848811e-05
3,13,952875,0.4,8.84999999999999,170.17136735710494,-8.595501876044944,34.855248144066515,22.34833424259147,41.40454524086744,-0.16794857471897817,0.03391223680097563,0.16035720033303313,0.16722676236302292,1,1,3,1,0.9351869105816704,-0.005267905109616125,-0.004630335534028087,-0.04466792161998311,0.031769086567893186,3.7739357143486343e-06,-0.1454792393499192,-0.055348380292858324,-0.005582313713808415,-0.003703448588928769,-0.025922955346386316,0.05325348161533978,-1.16459479842928e-06
3,13,952875,0.4,8.999999999999993,168.88664995045136,-8.54927336610228,34.83623817257607,22.35418329219229,41.391702075142724,-0.10444521178221877,0.04573125503555009,0.1649535739982093,0.16035720033303313,1,1,3,1,0.9341862816515921,-0.004481847117021447,-0.005249743988982892,-0.04579931686720074,0.013537176445944045,-4.807526017736474e-06,-0.14162356655003197,-0.053499700365164736,-0.005267905109616125,-0.004630335534028087,-0.04466792161998311,0.031769086567893186,3.7739357143486343e-06
3,13,952875,0.4,9.149999999999995,167.6133259707304,-8.458509000008279,34.82597532534571,22.361995842121146,41.38728567331556,-0.04928311328101409,0.059803593928792434,0.16500282931841065,0.1649535739982093,1,1,3,1,0.9331569713498432,-0.004950627737560843,-0.005587639588255156,-0.005034340965916457,0.00957740768883732,-2.2255698926574747e-05,-0.14037010212263878,-0.05053890071868897,-0.004481847117021447,-0.005249743988982892,-0.04579931686720074,0.013537176445944045,-4.807526017736474e-06
3,13,952875,0.4,9.299999999999997,166.3537185416428,-8.366755151389084,34.82313599707108,22.37270635119709,41.39068482336819,-0.002714281133507246,0.0820341774833791,0.15102599115519794,0.16500282931841065,1,1,3,1,0.9321273536948964,-0.0017296912740829046,-0.005120446317179807,0.036249317529623244,-0.0658048845460322,3.565419244410145e-05,-0.14005825852286677,-0.04699959650663433,-0.004950627737560843,-0.005587639588255156,-0.005034340965916457,0.00957740768883732,-2.2255698926574747e-05
3,13,952875,0.4,9.45,165.09482245480885,-8.405508235270496,34.82889618167532,22.388665030086713,41.40415837887959,0.06057944515273306,0.12332581702717033,0.16342935856577578,0.15102599115519794,1,1,3,1,0.9311849515100878,-0.0037131044231686642,-0.0039093614000243245,0.018406732622780145,-0.024327371950126377,2.2361888785659577e-05,-0.13843253854496262,-0.04579196536140958,-0.0017296912740829046,-0.005120446317179807,0.036249317529623244,-0.0658048845460322,3.565419244410145e-05
3,13,952875,0.4,9.600000000000001,163.84185995048267,-8.326784351589485,34.842058105467416,22.411181717135854,41.427407340832374,0.10391529925825194,0.16813220765067308,0.15808628012118103,0.16342935856577578,1,1,3,1,0.9301651523126374,-0.004508271262254257,-0.003719577683259182,-0.012579417754375235,0.0023704873969984425,4.452663709856294e-06,-0.13548378959904142,-0.046617866328484775,-0.0037131044231686642,-0.0039093614000243245,0.018406732622780145,-0.024327371950126377,2.2361888785659577e-05
3,13,952875,0.4,9.750000000000004,162.59572506353567,-8.297871804759188,34.86287604553533,22.44160362643318,41.46137599612801,0.15966296063365903,0.2249714932996698,0.15319055459009528,0.15808628012118103,1,1,3,1,0.9291786939246812,-0.0020567767913831905,-0.00127700920188624,-0.06000661803498951,0.02449479600008211,7.298064609814041e-05,-0.13273019636181146,-0.0476232906335676,-0.004508271262254257,-0.003719577683259182,-0.012579417754375235,0.0023704873969984425,4.452663709856294e-06
3,13,952875,0.4,9.900000000000006,161.3494352064846,-8.313917477722237,34.894173796503225,22.482307394564607,41.509727904724535,0.23717355705761345,0.2997445506736842,0.15490981427632194,0.15319055459009528,1,1,3,1,0.9282227848640389,-0.0013239861463482177,-0.0008367322752740133,-0.13727338585905813,0.055994360746066216,6.108257381148742e-05,-0.13251545109524354,-0.04755162580108903,-0.0020567767913831905,-0.00127700920188624,-0.06000661803498951,0.02449479600008211,7.298064609814041e-05
3,13,952875,0.4,10.050000000000008,160.1023933415017,-8.31351877442089,34.93837974131697,22.535718893693033,41.5758223611274,0.3275381946270881,0.3899685345320769,0.15543297330078154,0.15490981427632194,1,1,3,1,0.9272561476229545,0.0004698116973745028,-0.0024797699529915426,0.04107837733770472,-0.021267371053718218,7.888562481161063e-05,-0.13842225531517713,-0.04494459294061501,-0.0013239861463482177,-0.0008367322752740133,-0.13727338585905813,0.055994360746066216,6.108257381148742e-05
3,13,952875,0.4,10.20000000000001,158.85584270129706,-8.308856090192425,34.99758739666451,22.604393563952062,41.66280993861561,0.4328297255320366,0.49775165857134024,0.15471904354900184,0.15543297330078154,1,1,3,1,0.9262862458695577,-9.008985128664661e-05,-0.0027390170190639495,-0.06676256934956713,-0.03372041072752014,6.559444269590596e-05,-0.14489646160224529,-0.04222573723317841,0.0004698116973745028,-0.0024797699529915426,0.04107837733770472,-0.021267371053718218,7.888562481161063e-05
3,13,952875,0.4,10.350000000000012,157.60920941722895,-8.31204076692516,35.07443675277425,22.691249988986996,41.774501069277456,0.5572015800055323,0.6254752970774624,0.15546806538758373,0.15471904354900184,1,1,3,1,0.9253207990378117,-0.00019201863808803796,-0.0038954574853134823,-0.020068490892136217,-0.057801519205235685,9.121176457429333e-05,-0.15267091616807793,-0.04123594483590179,-9.008985128664661e-05,-0.0027390170190639495,-0.06676256934956713,-0.03372041072752014,6.559444269590596e-05
3,13,952875,0.4,10.500000000000014,156.36264098786344,-8.309877780224888,35.171766181467305,22.79882563469765,41.91467030342901,0.699885088642197,0.7683687565519149,0.16662752110791929,0.15546806538758373,1,1,3,1,0.9243506783097931,-0.0036267434127634285,-0.0059957957249814064,0.03615839388284453,-0.05296483304033475,6.0983465676821006e-05,-0.16187414633272754,-0.042949299718127214,-0.00019201863808803796,-0.0038954574853134823,-0.020068490892136217,-0.057801519205235685,9.121176457429333e-05
3,13,952875,0.4,10.650000000000016,155.1265979559616,-8.205740336762828,35.290203307453176,22.928218569585948,42.08445860714006,0.8397976428188827,0.9144932906946693,0.16337406814818028,0.16662752110791929,1,1,3,1,0.9233109225780796,-0.005694471657346295,-0.005938493019704778,0.0019857130726459336,0.0012019553743424455,-6.310191736928502e-05,-0.169415773830429,-0.047380484071408095,-0.0036267434127634285,-0.0059957957249814064,0.03615839388284453,-0.05296483304033475,6.0983465676821006e-05
3,13,952875,0.4,10.800000000000018,153.90285109231908,-8.134812135205465,35.43183587163295,23.08053239923659,42.28623853059699,1.0018778580810874,1.070312699358694,0.15783434617817826,0.16337406814818028,1,1,3,1,0.9222914683928349,-0.002883559817084947,-0.005028123423337824,-0.04012168539887115,-0.014299458073244457,-5.145337735712817e-05,-0.1755734822707052,-0.05224052122168601,-0.005694471657346295,-0.005938493019704778,0.0019857130726459336,0.0012019553743424455,-6.310191736928502e-05
3,13,952875,0.4,10.95000000000002,152.68443575677625,-8.116970803496262,35.60086026614017,23.25734350410798,42.52440803300278,1.1941925867907592,1.2371489638557331,0.14756461990182657,0.15783434617817826,1,1,3,1,0.921306582072683,0.0010431658379597174,-0.0037587920409460854,0.028664278914409366,-0.05630388434686438,5.983782975407883e-05,-0.1826522624973401,-0.05712076733051991,-0.002883559817084947,-0.005028123423337824,-0.04012168539887115,-0.014299458073244457,-5.145337735712817e-05
3,13,952875,0.4,11.100000000000023,151.45896349802123,-8.196453811309311,35.8020390682606,23.460396825452833,42.80392763115291,1.418982028835362,1.4156308203342762,0.15324592433841805,0.14756461990182657,1,1,3,1,0.9203857788444957,0.00017456032557238707,-0.0031824112293762316,0.025142837290811137,-0.026549393589037715,-0.00011507114423883174,-0.18892039660414012,-0.06389389446599707,0.0010431658379597174,-0.0037587920409460854,0.028664278914409366,-0.05630388434686438,5.983782975407883e-05
3,13,952875,0.4,11.250000000000025,150.2266868954256,-8.224743282624315,36.036241688718505,23.68966921924506,43.12552773897359,1.6363017603130352,1.5878801083725356,0.1671534160682317,0.15324592433841805,1,1,3,1,0.9194295242766238,-0.006863285779690016,-0.006174065171983997,-0.13205007383247558,0.07477692867158296,-1.6419114902231105e-06,-0.1933419256372706,-0.07211815176252236,0.00017456032557238707,-0.0031824112293762316,0.025142837290811137,-0.026549393589037715,-0.00011507114423883174
3,13,952875,0.4,11.400000000000027,149.00273233787425,-8.127494790396819,36.29915192902876,23.942457772950355,43.48413176063451,1.8133970850318353,1.7367215494488235,0.16417207684653462,0.1671534160682317,1,1,3,1,0.9183864869603582,-0.006783542866440534,-0.007455793568382576,-0.06688113376209927,0.05016204230609861,4.5171234422247956e-05,-0.20174763001648405,-0.07735072425796875,-0.006863285779690016,-0.006174065171983997,-0.13205007383247558,0.07477692867158296,-1.6419114902231105e-06
3,13,952875,0.4,11.55000000000003,147.79022620286574,-8.061759219386696,36.58733658533101,24.216995548245436,43.875916762981035,1.9760860925354804,1.8800442008555895,0.15454398794455676,0.16417207684653462,1,1,3,1,0.917362053200836,-0.004041462077022302,-0.009330419930840234,0.010827516265394055,-0.04399263270680058,-5.310131428232463e-05,-0.21423447608754084,-0.0788092374484505,-0.006783542866440534,-0.007455793568382576,-0.06688113376209927,0.05016204230609861,4.5171234422247956e-05
3,13,952875,0.4,11.700000000000031,146.57827440849402,-8.089082729762636,36.89929458857359,24.513092068579603,44.29954428543251,2.132008059102083,2.023653205084167,0.16103837381690173,0.15454398794455676,1,1,3,1,0.9163976987160619,-0.005210837906772029,-0.010352453100562225,0.08181663562968976,-0.053468334597586646,-0.00014085309658363305,-0.22655204850862562,-0.08062454148652544,-0.004041462077022302,-0.009330419930840234,0.010827516265394055,-0.04399263270680058,-5.310131428232463e-05
3,13,952875,0.4,11.850000000000033,145.36780536287597,-8.060537374937816,37.22982881122492,24.828917910587823,44.74969628862102,2.240102152317072,2.1483840222361423,0.15831335731861712,0.16103837381690173,1,1,3,1,0.9153928192634444,-0.007098855420752975,-0.007480509775141205,-0.06116045607095878,0.031690451475119216,-4.58400235291076e-05,-0.23468943765764194,-0.08477959761441342,-0.005210837906772029,-0.010352453100562225,0.08181663562968976,-0.053468334597586646,-0.00014085309658363305
3,13,952875,0.4,12.000000000000036,144.15875567715094,-8.060570480873087,37.57396147801914,25.162493332682544,45.22116376066587,2.3223221188449736,2.263194342586165,0.157615691831618,0.15831335731861712,1,1,3,1,0.9144049439137762,-0.006373564130075106,-0.008045484377930902,-0.14578014791104496,0.025876404894775756,4.450209689484955e-05,-0.24287170785643672,-0.08819394386346234,-0.007098855420752975,-0.007480509775141205,-0.06116045607095878,0.031690451475119216,-4.58400235291076e-05
3,13,952875,0.4,12.150000000000038,142.94872043703757,-8.07059762902428,37.927586406570875,25.511572340554963,45.70932217737722,2.375629981258003,2.3608871716151745,0.17335655735634647,0.157615691831618,1,1,3,1,0.9134214219967468,-0.009162888137719533,-0.012830403156091234,0.10735903109990108,-0.02582903205174919,7.301677994062538e-05,-0.2568004046045684,-0.08961372249434228,-0.006373564130075106,-0.008045484377930902,-0.14578014791104496,0.025876404894775756,4.450209689484955e-05
3,13,952875,0.4,12.30000000000004,141.75091912301033,-7.943332762375087,38.28132290352205,25.871265848666834,46.203702014623424,2.350471263350806,2.418063647584077,0.16488316738099645,0.17335655735634647,1,1,3,1,0.9123396770788432,-0.012744908059348454,-0.011868789317863544,-0.07405105165656997,0.057600324618760745,-3.13389977171589e-05,-0.2682041801096252,-0.09105531116054116,-0.009162888137719533,-0.012830403156091234,0.10735903109990108,-0.02582903205174919,7.301677994062538e-05
3,13,952875,0.4,12.450000000000042,140.56382735449085,-7.899740072642646,38.630152987897006,26.238804387838314,46.698646399778774,2.3151321979078165,2.4680862177280574,0.17481211095542437,0.16488316738099645,1,1,3,1,0.9113108061143859,-0.013389406439132669,-0.014557485044754124,0.02447462780704203,-0.009576096669570027,4.169562045027408e-05,-0.2792768185119343,-0.09034265872447371,-0.012744908059348454,-0.011868789317863544,-0.07405105165656997,0.057600324618760745,-3.13389977171589e-05
3,13,952875,0.4,12.600000000000044,139.39179393129342,-7.770989295160764,38.96865238524595,26.610915734222523,47.18788726925615,2.2301071973967934,2.489100694664259,0.16448710732345645,0.17481211095542437,1,1,3,1,0.9102199785420241,-0.012602791856459206,-0.015069055440480716,0.07965947691257592,-0.043510025988217856,6.12246667095943e-05,-0.28961160911166445,-0.08853357757080019,-0.013389406439132669,-0.014557485044754124,0.02447462780704203,-0.009576096669570027,4.169562045027408e-05
3,13,952875,0.4,12.750000000000046,138.2292948339225,-7.739807493146436,39.29595392295545,26.98587634052166,47.66979669120652,2.1621479654116773,2.5069572672949585,0.16542232745378094,0.16448710732345645,1,1,3,1,0.9091935789923256,-0.013233985620762537,-0.014167784513990743,-0.01572600880797068,-0.018099508758549245,4.371795619271369e-05,-0.29545966403325763,-0.08813783049073817,-0.012602791856459206,-0.015069055440480716,0.07965947691257592,-0.043510025988217856,6.12246667095943e-05
3,13,952875,0.4,12.900000000000048,137.0720881233293,-7.702367160444657,39.61244733499404,27.36208170325246,48.14384175575459,2.0890518940284344,2.5104005223156167,0.1609470709426124,0.16542232745378094,1,1,3,1,0.908161343669014,-0.011019131680564969,-0.0144759070051556,0.07437901562931151,-0.06267856824973975,0.00010037674294711877,-0.29964632111142303,-0.08875793959392891,-0.013233985620762537,-0.014167784513990743,-0.01572600880797068,-0.018099508758549245,4.371795619271369e-05
3,13,952875,0.4,13.05000000000005,135.91636662754527,-7.706136451664323,39.919911856788204,27.737771162190757,48.6105267580984,2.0360633330256404,2.50341797743326,0.15886743511851958,0.1609470709426124,1,1,3,1,0.9071570339463321,-0.011395832298121392,-0.011868891407642607,0.04722534955112342,-0.018079873891635383,-8.816679414580047e-05,-0.30072157634355734,-0.09152532668624387,-0.011019131680564969,-0.0144759070051556,0.07437901562931151,-0.06267856824973975,0.00010037674294711877
3,13,952875,0.4,13.200000000000053,134.75818393782797,-7.728692658602067,40.220931962073124,28.111416977631464,49.07112320283674,1.9988148387481837,2.486422725932952,0.1577541076381802,0.15886743511851958,1,1,3,1,0.9061657011511927,-0.0115105421175121,-0.01143290301391986,0.031554851220988986,-0.027813022693972435,-1.7873698483831434e-06,-0.29828886232657464,-0.09551449053211797,-0.011395832298121392,-0.011868891407642607,0.04722534955112342,-0.018079873891635383,-8.816679414580047e-05
3,13,952875,0.4,13.350000000000055,133.5957108340294,-7.7602121996895415,40.51797170253253,28.481175366490596,49.52659266640516,1.9778066997277233,2.456156941650857,0.1586168753836586,0.1577541076381802,1,1,3,1,0.9051813155195304,-0.010957550686234422,-0.013178827805044428,0.0029159512878408848,-0.04654481269017712,-0.00015978144638069712,-0.29364570454059813,-0.10023827340697962,-0.0115105421175121,-0.01143290301391986,0.031554851220988986,-0.027813022693972435,-1.7873698483831434e-06
3,13,952875,0.4,13.500000000000057,132.42946136652066,-7.7822007506710795,40.81291021637357,28.844595923792006,49.97703827095608,1.9669991364037427,2.4078782885295,0.16255589828513106,0.1586168753836586,1,1,3,1,0.9041915462171363,-0.011178068808627466,-0.011617886712492203,-0.10529893692629068,0.03768750532798918,-4.998753277118227e-05,-0.2882886335763486,-0.1064836471842658,-0.010957550686234422,-0.013178827805044428,0.0029159512878408848,-0.04654481269017712,-0.00015978144638069712
3,13,952875,0.4,13.650000000000059,131.26365471471718,-7.766918792817368,41.10569785580653,29.19907269016565,50.42087109698161,1.9497609670598193,2.3427989290141755,0.15078265379269828,0.16255589828513106,1,1,3,1,0.9031771974118371,-0.007500577396551867,-0.010505673777589656,-0.06395362116581048,0.03100742476698221,0.00019188824854543554,-0.28677396124363647,-0.11138482437195225,-0.011178068808627466,-0.011617886712492203,-0.10529893692629068,0.03768750532798918,-4.998753277118227e-05
3,13,952875,0.4,13.800000000000061,130.08956966919817,-7.857503411788677,41.398861926645196,29.544371791787075,50.85996139786951,1.960592298517138,2.2841100484691186,0.16192539227402092,0.15078265379269828,1,1,3,1,0.9022363136521708,-0.007444859959334747,-0.014510453398925477,0.07603008714107881,-0.014120106812258736,0.000180594010885181,-0.2893589962602247,-0.11380927165419072,-0.007500577396551867,-0.010505673777589656,-0.06395362116581048,0.03100742476698221,0.00019188824854543554
3,13,952875,0.4,13.950000000000063,128.91185540460629,-7.848464355117791,41.68854660658779,29.878234075122343,51.28980200407723,1.9196618092702449,2.199260902771821,0.15533142254578886,0.16192539227402092,1,1,3,1,0.9012258992043808,-0.009451271606882696,-0.014119113208713164,-0.0076324250965595685,0.018184725049920896,4.22771834486229e-05,-0.28988974128595063,-0.11562751362342152,-0.007444859959334747,-0.014510453398925477,0.07603008714107881,-0.014120106812258736,0.000180594010885181
3,13,952875,0.4,14.100000000000065,127.72941358591027,-7.900132151413945,41.97110421229578,30.199741332371897,51.70684640684988,1.868469008452323,2.1182183123224028,0.1644653252318437,0.15533142254578886,1,1,3,1,0.900256631127695,-0.010986305915270342,-0.011665892234488355,-0.03447105777025803,0.07094896576372764,-8.916529546460029e-05,-0.289026102330876,-0.11647245928663927,-0.009451271606882696,-0.014119113208713164,-0.0076324250965595685,0.018184725049920896,4.22771834486229e-05
3,13,952875,0.4,14.250000000000068,126.54756231036973,-7.868379890794014,42.240078439268245,30.5078764471755,52.10522768275425,1.7575148170362276,2.02538673364869,0.16902230878022195,0.1644653252318437,1,1,3,1,0.8992303674982483,-0.0120436634104473,-0.013490725498864561,0.007526583815415529,0.05856855558526079,-6.227976865393697e-05,-0.2893008973309759,-0.11392183235302097,-0.010986305915270342,-0.011665892234488355,-0.03447105777025803,0.07094896576372764,-8.916529546460029e-05
3,13,952875,0.4,14.40000000000007,125.37460644336127,-7.795239546443137,42.487176366336854,30.801295986874933,52.477423622499714,1.5938446490550646,1.9251336349771315,0.158939856962188,0.16902230878022195,1,1,3,1,0.8981756682914597,-0.010257878908205668,-0.012121774148057615,-0.010820022897769427,0.00235552454145587,-6.0324991522749336e-05,-0.2895205897675851,-0.10767478328979047,-0.0120436634104473,-0.013490725498864561,0.007526583815415529,0.05856855558526079,-6.227976865393697e-05
3,13,952875,0.4,14.550000000000072,124.20369033613494,-7.811374488632817,42.708748180962566,31.081535320986305,52.821387799778535,1.4204511441334735,1.843432178915466,0.16215627407489824,0.158939856962188,1,1,3,1,0.8971838835840157,-0.010016894414968976,-0.015720209177273996,0.09223631139571856,-0.09185763241556076,0.00010760543523355794,-0.2896466915735209,-0.10029840651614402,-0.010257878908205668,-0.012121774148057615,-0.010820022897769427,0.00235552454145587,-6.0324991522749336e-05
3,13,952875,0.4,14.700000000000074,123.033396594832,-7.79700227120135,42.8995108342245,31.34880575149457,53.13299965050613,1.1998020411486372,1.7539235190053635,0.150483666060428,0.16215627407489824,1,1,3,1,0.8961720284337883,-0.007674679024694433,-0.013530825643973864,0.008540245922552064,-0.09786061707213634,0.0001298153569019046,-0.28623628963419384,-0.0963036117011166,-0.010016894414968976,-0.015720209177273996,0.09223631139571856,-0.09185763241556076,0.00010760543523355794
3,13,952875,0.4,14.850000000000076,121.85499076806187,-7.885279881544461,43.057592672941624,31.603678605839725,53.41112981589294,0.9843180223438606,1.6735647307082049,0.1572342765303274,0.150483666060428,1,1,3,1,0.8952330103575711,-0.0072484049397879185,-0.011665579919163829,0.02988810267182251,-0.056779489075947286,0.00016293782663040588,-0.28081575936621905,-0.09741710925008805,-0.007674679024694433,-0.013530825643973864,0.008540245922552064,-0.09786061707213634,0.0001298153569019046
3,13,952875,0.4,15.000000000000078,120.66980355936465,-7.908977503960561,43.17918311212814,31.844409796027165,53.65173146775417,0.7281260067072246,1.5714034734839595,0.1610412887693331,0.1572342765303274,1,1,3,1,0.8942518684720219,-0.008490829041933169,-0.010976996243307072,-0.05635396244787418,0.03823065388506893,7.777260913859269e-05,-0.2742720840159129,-0.10195172168371054,-0.0072484049397879185,-0.011665579919163829,0.02988810267182251,-0.056779489075947286,0.00016293782663040588
3,13,952875,0.4,15.15000000000008,119.48473601308743,-7.895978257155843,43.25957128568807,32.06725606307188,53.848857176695475,0.4449520710520929,1.4433504791419471,0.16084354749768448,0.1610412887693331,1,1,3,1,0.8932469708301013,-0.006558693937994915,-0.009363076568212465,0.020861958307608047,0.08102191665303905,-4.910077721642393e-06,-0.2694510566108868,-0.10545187157730772,-0.008490829041933169,-0.010976996243307072,-0.05635396244787418,0.03823065388506893,7.777260913859269e-05
3,13,952875,0.4,15.300000000000082,118.3017166194424,-7.881978536849175,43.29666838111563,32.26898727116057,53.99897251254528,0.1543180460980349,1.2966085734166637,0.15976673296233546,0.16084354749768448,1,1,3,1,0.8922433070937158,-0.006468460031364834,-0.00928390353234354,0.014165565709434303,0.05225453201690534,-0.00010362119199077845,-0.264969812180767,-0.10472828611586765,-0.006558693937994915,-0.009363076568212465,0.020861958307608047,0.08102191665303905,-4.910077721642393e-06
3,13,952875,0.4,15.450000000000085,117.12005853342978,-7.875256730616536,43.29000900306207,32.447127580409216,54.100286207233204,-0.13701521973725317,1.134523764688857,0.16032132302482033,0.15976673296233546,1,1,3,1,0.8912463626800309,-0.004939941950224866,-0.008622256342225791,0.006782420781570507,0.03103337327045546,3.7629344785169445e-05,-0.2596820532812443,-0.1003695466134668,-0.006468460031364834,-0.00928390353234354,0.014165565709434303,0.05225453201690534,-0.00010362119199077845
3,13,952875,0.4,15.600000000000087,115.94031592433633,-7.8594129152410925,43.23995479694478,32.59963394095258,54.1519143145091,-0.42461986300111887,0.9594906907497305,0.15596698450061275,0.16032132302482033,1,1,3,1,0.890245957624356,-0.00405855475225229,-0.01165795397335222,0.07132458839002712,-0.06697930427323874,0.00011805493067120164,-0.2540675455805888,-0.09393344806745749,-0.004939941950224866,-0.008622256342225791,0.006782420781570507,0.03103337327045546,3.7629344785169445e-05
3,13,952875,0.4,15.750000000000089,114.7592690763738,-7.880331113451784,43.14865617254782,32.72470634514819,54.1545282951752,-0.6925905197065796,0.7724299851849878,0.15682877512004628,0.15596698450061275,1,1,3,1,0.8892727236410721,-0.0021948616290573893,-0.009226151256226086,0.09161457306348944,-0.03765453228299974,8.255916416163241e-05,-0.24593309126387244,-0.08951034558812351,-0.00405855475225229,-0.01165795397335222,0.07132458839002712,-0.06697930427323874,0.00011805493067120164
3,13,952875,0.4,15.900000000000091,113.57640667184299,-7.887925389613666,43.01852081070519,32.820428865974414,54.10890577056204,-0.9461857719697508,0.5720691659979833,0.1567454118382715,0.15682877512004628,1,1,3,1,0.8882941120843231,-0.002393993561388031,-0.007713520495760212,0.0729001432367298,-0.018386186359671815,0.00010145790576394596,-0.23357813987807388,-0.08767423867872731,-0.0021948616290573893,-0.009226151256226086,0.09161457306348944,-0.03765453228299974,8.255916416163241e-05
3,13,952875,0.4,16.050000000000093,112.39285983165229,-7.890875437459911,42.85217998768086,32.88456175461506,54.015772987986466,-1.180987765869947,0.35627942531031837,0.1608328321620156,0.1567454118382715,1,1,3,1,0.8873160207144523,-0.001836713672862036,-0.006135141814235136,0.01450749136466328,0.020094789635849545,-8.289909859349607e-05,-0.21762061900117238,-0.087067988090282,-0.002393993561388031,-0.007713520495760212,0.0729001432367298,-0.018386186359671815,0.00010145790576394596
3,13,952875,0.4,16.200000000000095,111.21331585581524,-7.8493473413963875,42.65186840792238,32.914466944725774,53.87526346053607,-1.403393494030386,0.12217131931175407,0.15354738978920673,0.1608328321620156,1,1,3,1,0.8863124238417613,-4.450579879099272e-05,-0.007366488501027097,-0.0662964930143515,-0.0180770289110099,-5.251119889604617e-05,-0.20080163896014747,-0.08588528949971656,-0.001836713672862036,-0.006135141814235136,0.01450749136466328,0.020094789635849545,-8.289909859349607e-05
3,13,952875,0.4,16.350000000000097,110.03375426777929,-7.870438370054804,42.421390016770324,32.908436990135385,53.68928716316368,-1.5949674266605058,-0.1198289789305379,0.16164808471176378,0.15354738978920673,1,1,3,1,0.8853542881294766,0.0006929417133975694,-0.007263675784695259,-0.05373620120269774,0.034342448986463596,3.300996226930957e-05,-0.18725996753567387,-0.08487490586124871,-4.450579879099272e-05,-0.007366488501027097,-0.0662964930143515,-0.0180770289110099,-5.251119889604617e-05
3,13,952875,0.4,16.5000000000001,108.85907721149654,-7.8111824271493635,42.16118599599156,32.86427281712785,53.45676788197359,-1.797677604357943,-0.3797325171406307,0.1634276926152543,0.16164808471176378,1,1,3,1,0.8843456040808751,0.0010440602775437095,-0.006227339124680133,0.03287079389485123,0.03806904649761701,-0.00012537869614167395,-0.17780805688246012,-0.08276333888992055,0.0006929417133975694,-0.007263675784695259,-0.05373620120269774,0.034342448986463596,3.300996226930957e-05
3,13,952875,0.4,16.6500000000001,107.69530289841127,-7.7318031238583345,41.869554124972005,32.78060619479415,53.17544268853939,-2.0114020881481096,-0.6440765442974676,0.15979685898012813,0.1634276926152543,1,1,3,1,0.8833258152789558,0.002001834770986054,-0.0013674275250620252,-0.07866856194576871,0.11333186293629273,-0.00030687129081405834,-0.1687651826798684,-0.07855694218428616,0.0010440602775437095,-0.006227339124680133,0.03287079389485123,0.03806904649761701,-0.00012537869614167395
3,13,952875,0.4,16.800000000000104,106.54040386031303,-7.682767026728803,41.54515026003871,32.65857734811391,52.844887969716936,-2.2331101352679705,-0.8944911316744973,0.1670702349858535,0.15979685898012813,1,1,3,1,0.8823286828789197,0.0028516637343441557,-0.004693042514500852,-0.02542370365367345,0.030077639339009914,6.843304013907422e-05,-0.16268439400641974,-0.06966080458253794,0.002001834770986054,-0.0013674275250620252,-0.07866856194576871,0.11333186293629273,-0.00030687129081405834
3,13,952875,0.4,16.950000000000106,105.40000650840004,-7.562326836851645,41.18417683591689,32.49922589146562,52.46271156923346,-2.4887586968147954,-1.1414872265979819,0.16411338334039033,0.1670702349858535,1,1,3,1,0.8812861646126081,0.002429948063665568,-0.004491836657716821,0.03358844853659275,0.03975850014642299,1.8650099778681244e-05,-0.15944693308480193,-0.05807828996734953,0.0028516637343441557,-0.004693042514500852,-0.02542370365367345,0.030077639339009914,6.843304013907422e-05
3,13,952875,0.4,17.100000000000108,104.27508137925889,-7.4678417022807935,40.782351539516014,32.305068840563024,52.027085925373335,-2.7694418455722953,-1.3655226701735685,0.1604512950846967,0.16411338334039033,1,1,3,1,0.8802620971005641,0.004084374588097081,-0.0014836072240203577,0.09653601927020761,-0.006149826708392849,1.226058566784041e-05,-0.15572382420735265,-0.04510209027575323,0.002429948063665568,-0.004491836657716821,0.03358844853659275,0.03975850014642299,1.8650099778681244e-05
3,13,952875,0.4,17.25000000000011,103.161140259421,-7.405200753644928,40.33656652229142,32.08045677561229,51.53828000369405,-3.067824905338978,-1.557782983767991,0.15614993929297188,0.1604512950846967,1,1,3,1,0.8792608810192356,0.006988892048374536,-0.00018023951394927816,0.02502096880908214,-0.05581796345453095,2.1835422684551506e-07,-0.14818498875308705,-0.032413482379749434,0.004084374588097081,-0.0014836072240203577,0.09653601927020761,-0.006149826708392849,1.226058566784041e-05
3,13,952875,0.4,17.400000000000112,102.05283902629314,-7.380117916880405,39.845326750347326,31.829962124574077,50.99800537956131,-3.3721457265434776,-1.7207399812698527,0.151404101786407,0.15614993929297188,1,1,3,1,0.8782865053980475,0.009191905769176813,0.0008450420696445536,0.06128984285135974,-0.10230126780925759,-3.6559351390182766e-05,-0.138660969922643,-0.022716333671113406,0.006988892048374536,-0.00018023951394927816,0.02502096880908214,-0.05581796345453095,2.1835422684551506e-07
3,13,952875,0.4,17.550000000000114,100.94406568057629,-7.397404805174398,39.30842901241505,31.55751277029504,50.40862231475293,-3.6755152584079824,-1.8595478898215314,0.1583541823376397,0.151404101786407,1,1,3,1,0.8773417438029002,0.007886795673056788,0.005606919673359901,0.11589253279050893,-0.0309510557547329,0.00020730947156587988,-0.127301121328353,-0.01846081075622331,0.009191905769176813,0.0008450420696445536,0.06128984285135974,-0.10230126780925759,-3.6559351390182766e-05
3,13,952875,0.4,17.700000000000117,99.83959098139368,-7.3457284776243865,38.725192798503585,31.266314041559234,49.77170833944398,-3.985482923207534,-1.9782206528797812,0.16134514560413016,0.1583541823376397,1,1,3,1,0.8763536137051134,0.005225621622434111,0.005429284956400738,0.07017979618792486,0.026480911115191345,6.89555205079848e-05,-0.11155528925312498,-0.01760048325277172,0.007886795673056788,0.005606919673359901,0.11589253279050893,-0.0309510557547329,0.00020730947156587988
3,13,952875,0.4,17.85000000000012,98.74599233278565,-7.262772513763064,38.09654673530579,30.95843480810581,49.08942410461826,-4.282856168652999,-2.0857593463789814,0.16068490303172017,0.16134514560413016,1,1,3,1,0.8753468199965435,0.0072510067963212875,0.00620184726310994,0.061611119540518997,1.8656843247624903e-05,-0.00013250010050683045,-0.09235370320858058,-0.01654857662556991,0.005225621622434111,0.005429284956400738,0.07017979618792486,0.026480911115191345,6.89555205079848e-05
3,13,952875,0.4,18.00000000000012,97.66453493389224,-7.182879992176245,37.42680179412557,30.63584304880917,48.36652118819412,-4.543840888059071,-2.1791365564771628,0.14534785329645372,0.16068490303172017,1,1,3,1,0.8743441462016255,0.013191538039823899,0.008506717499013414,0.032433032293664614,-0.026821692045761843,0.00013842459114040898,-0.07108236829544975,-0.015273424017495936,0.0072510067963212875,0.00620184726310994,0.061611119540518997,1.8656843247624903e-05,-0.00013250010050683045
3,13,952875,0.4,18.150000000000123,96.58060023022803,-7.247702021326655,36.72376596597795,30.300947745459908,47.610738505057995,-4.745677672334503,-2.2558657828114796,0.15476942347226952,0.14534785329645372,1,1,3,1,0.8734371755970557,0.013463435658903063,0.0068928604373197635,0.037431616641447785,-0.05692682039299833,0.00020768591641414367,-0.04922923633684503,-0.015298017456621956,0.013191538039823899,0.008506717499013414,0.032433032293664614,-0.026821692045761843,0.00013842459114040898
3,13,952875,0.4,18.300000000000125,95.49618247139534,-7.220199701791212,35.994713144362485,29.954985785509155,46.828629573744706,-4.904143548186282,-2.3288122623104672,0.1577692231745847,0.15476942347226952,1,1,3,1,0.8724714143945886,0.01258277920322906,0.00832831018489731,-0.10836890751127906,0.02744493448378847,-9.52618671843803e-05,-0.027244559445982437,-0.018126397291377907,0.013463435658903063,0.0068928604373197635,0.037431616641447785,-0.05692682039299833,0.00020768591641414367
3,13,952875,0.4,18.450000000000127,94.41886914632688,-7.162987790209696,35.246675506688135,29.59845452041153,46.02604310899036,-5.015079194798323,-2.3984647366849194,0.15704089238751412,0.1577692231745847,1,1,3,1,0.8714869344419793,0.0151364293158959,0.006276442666348283,-0.05303378140183515,0.01726312258549126,9.603078760447631e-05,-0.010430493341480064,-0.021021734014499787,0.01258277920322906,0.00832831018489731,-0.10836890751127906,0.02744493448378847,-9.52618671843803e-05
3,13,952875,0.4,18.60000000000013,93.34945328857278,-7.1126620432527385,34.48659699897867,29.23121986824596,45.20829113730912,-5.0811077885897165,-2.4707695891589143,0.1623143891161613,0.15704089238751412,1,1,3,1,0.8705069992734814,0.014782491470516915,0.005711635537880065,0.10992713961686286,0.04712906818062814,-7.304797172670838e-05,0.0009212392847841441,-0.022805446001655395,0.0151364293158959,0.006276442666348283,-0.05303378140183515,0.01726312258549126,9.603078760447631e-05
3,13,952875,0.4,18.75000000000013,92.29267084377194,-7.0115146331336735,33.720034152006164,28.852958181886336,44.37943103576412,-5.113141235300318,-2.5448303661987506,0.16291094397759442,0.1623143891161613,1,1,3,1,0.8694941574853966,0.013973784359007644,0.0058469434002163395,-0.09715403470092769,0.0882296715572133,-3.488839407398202e-05,0.014162035761337071,-0.022602830290263654,0.014782491470516915,0.005711635537880065,0.10992713961686286,0.04712906818062814,-7.304797172670838e-05
3,13,952875,0.4,18.900000000000134,91.25161117444917,-6.904871886741463,32.95186895806354,28.46380065004307,43.54323845644446,-5.113887433659418,-2.616344233114638,0.1616355620913884,0.16291094397759442,1,1,3,1,0.8684775931949764,0.014955370586250995,0.004664395891439337,0.023477407159437885,0.013707288658379136,-3.191087833957248e-05,0.02447411131608557,-0.01848709535519844,0.013973784359007644,0.0058469434002163395,-0.09715403470092769,0.0882296715572133,-3.488839407398202e-05
3,13,952875,0.4,19.050000000000136,90.22528653474109,-6.810836011028121,32.18582702721262,28.064394339584307,42.70290026536069,-5.093550176551102,-2.6828435064842027,0.1508145117177338,0.1616355620913884,1,1,3,1,0.8674689872875262,0.016749599377551345,0.003912211832794317,0.19368625915958992,-0.07841762357253428,-0.0001135568934749766,0.03275791785211021,-0.012703070282777751,0.014955370586250995,0.004664395891439337,0.023477407159437885,0.013707288658379136,-3.191087833957248e-05
3,13,952875,0.4,19.200000000000138,89.2025795182824,-6.821734433365612,31.42397089327136,27.65562236443505,41.86047533253063,-5.061858720703514,-2.7437516850282067,0.16135969173033693,0.1508145117177338,1,1,3,1,0.8665279047344076,0.01463318802585327,0.007669456846775875,-0.038900635852748326,0.03601945793414508,-0.00015285105384265347,0.04758952078296032,-0.010075284518901963,0.016749599377551345,0.003912211832794317,0.19368625915958992,-0.07841762357253428,-0.0001135568934749766
3,13,952875,0.4,19.35000000000014,88.1883137420525,-6.731954747323594,30.668796362987646,27.238407619254247,41.01836076669876,-5.010914788408767,-2.7979428462234703,0.1518714120202208,0.16135969173033693,1,1,3,1,0.8655210202580104,0.01638477606615368,0.007247558389480443,-0.024387352318815315,-0.04819607104289055,0.000212774990454904,0.06303230781198274,-0.007905334690513922,0.01463318802585327,0.007669456846775875,-0.038900635852748326,0.03601945793414508,-0.00015285105384265347
3,13,952875,0.4,19.500000000000142,87.17821199278607,-6.735185772862263,29.92179751630496,26.813185637567436,40.17786568051377,-4.955829644289075,-2.8510377783481555,0.15743535285649485,0.1518714120202208,1,1,3,1,0.8645733426470043,0.017624492393436796,0.010124608004788094,0.024494560890814424,0.0018304984256042754,9.692778600026153e-05,0.07537705066675898,-0.0072314891370984895,0.01638477606615368,0.007247558389480443,-0.024387352318815315,-0.04819607104289055,0.000212774990454904
3,13,952875,0.4,19.650000000000144,86.17282977221782,-6.686390883294257,29.18381596945932,26.380465292666152,39.33985337538553,-4.893623345782253,-2.899628147951407,0.1568295500916168,0.15743535285649485,1,1,3,1,0.8635909460451798,0.016695511814939473,0.010805459830057963,-0.043247824817672906,0.053173888024539546,-0.00010612501347246838,0.0868504186219857,-0.007683058302397298,0.017624492393436796,0.010124608004788094,0.024494560890814424,0.0018304984256042754,9.692778600026153e-05
3,13,952875,0.4,19.800000000000146,85.17405162102922,-6.644733486977378,28.454787566342215,25.940632064763605,38.50443256775907,-4.835532003809695,-2.9460968464151076,0.15711578344889843,0.1568295500916168,1,1,3,1,0.862612329652608,0.0175271841237983,0.008263182240262271,0.00597949283229345,-0.018518016038112046,0.00012304182935260965,0.09589208882933034,-0.006430609452721073,0.016695511814939473,0.010805459830057963,-0.043247824817672906,0.053173888024539546,-0.00010612501347246838
3,13,952875,0.4,19.95000000000015,84.18166500620195,-6.601619875348517,27.73412097893365,25.49397928200955,37.6712681775602,-4.7810683421441365,-2.9907665740183647,0.15609849564261075,0.15711578344889843,1,1,3,1,0.8616319271638869,0.01769334010315319,0.006203332463351474,0.0068077934277858635,-0.042761279299995826,1.8376465716943927e-05,0.10325034769337826,-0.005262683198670793,0.0175271841237983,0.008263182240262271,0.00597949283229345,-0.018518016038112046,0.00012304182935260965
3,13,952875,0.4,20.10000000000015,83.19466047579282,-6.569348743531513,27.021122139603992,25.040956368678803,36.8400670132598,-4.731236956404437,-3.0322431174502396,0.16762395356673543,0.15609849564261075,1,1,3,1,0.8606578725510771,0.014500211033132834,0.006836410490430576,-0.01935920114471028,0.026587574996102932,-6.899197741147267e-05,0.10994589136918236,-0.006295133470252265,0.01769334010315319,0.006203332463351474,0.0068077934277858635,-0.042761279299995826,1.8376465716943927e-05
3,13,952875,0.4,20.250000000000153,82.22351615026888,-6.426873145998163,26.31646873844018,24.582442169617227,36.0118451330097,-4.672176838249587,-3.066303966075075,0.16484765378818955,0.16762395356673543,1,1,3,1,0.8596118990808205,0.013288186856239777,0.007747523017976228,0.023499980388767133,0.04700026520456178,1.2040961037102202e-06,0.11511354190022288,-0.007260765492588763,0.014500211033132834,0.006836410490430576,-0.01935920114471028,0.026587574996102932,-6.899197741147267e-05
3,13,952875,0.4,20.400000000000155,81.2710215111524,-6.311598563605138,25.620536189175475,24.119857711127054,35.18777359575149,-4.6138964191589595,-3.0894396053691335,0.14532392932176796,0.16484765378818955,1,1,3,1,0.8585832497211823,0.01950676207255916,0.007952408300593296,-0.03187749363638095,-0.0016929851551284235,2.176710825582032e-05,0.12001748447819362,-0.006186439334911618,0.013288186856239777,0.007747523017976228,0.023499980388767133,0.04700026520456178,1.2040961037102202e-06
3,13,952875,0.4,20.550000000000157,80.31690419158494,-6.385423410631614,24.93268889231628,23.65515087686331,34.368665065844475,-4.561736349195099,-3.0988147464210924,0.1664405827492727,0.14532392932176796,1,1,3,1,0.8576764284022144,0.017260436286284243,0.006831550669339039,-0.1259493315900554,0.028270201427913325,7.777623001149184e-05,0.12333435466115619,-0.004629531295057359,0.01950676207255916,0.007952408300593296,-0.03187749363638095,-0.0016929851551284235,2.176710825582032e-05
3,13,952875,0.4,20.70000000000016,79.37197014359855,-6.25657292746413,24.256374868315444,23.190639417599574,33.558567882872595,-4.472729618540057,-3.092001242651194,0.1581041949881739,0.1664405827492727,1,1,3,1,0.8566378391658588,0.017317124446651053,0.006997529080964722,0.06505483814376355,0.02454076504492163,4.060705290889446e-05,0.12064797413568386,-0.0023839089512873585,0.017260436286284243,0.006831550669339039,-0.1259493315900554,0.028270201427913325,7.777623001149184e-05
3,13,952875,0.4,20.85000000000016,78.43846370115162,-6.206674613488765,23.59308540152777,22.728912763457053,32.760298444498694,-4.386929763014211,-3.0673819784805847,0.16091654343742573,0.1581041949881739,1,1,3,1,0.8556512689891327,0.016262977569418774,0.006618327282898006,-0.004177655161526264,0.04540586243852253,-4.45624560396204e-05,0.1177272324217945,0.0009133416148328674,0.017317124446651053,0.006997529080964722,0.06505483814376355,0.02454076504492163,4.060705290889446e-05
3,13,952875,0.4,21.000000000000163,77.5152334469971,-6.128899602225507,22.94403035056699,22.272871626653448,31.976699942694577,-4.28715411348642,-3.0226183758203296,0.14884420824607486,0.16091654343742573,1,1,3,1,0.8546471497580832,0.01852145419761002,0.007118658684553868,-0.045711280366717004,-0.0296600648971666,-3.989663591741747e-05,0.11550274751491355,0.005903623244441193,0.016262977569418774,0.006618327282898006,-0.004177655161526264,0.04540586243852253,-4.45624560396204e-05
3,13,952875,0.4,21.150000000000166,76.5921071709082,-6.166709884407367,22.309882013453503,21.825605991284114,31.210381483426204,-4.18840063935218,-2.9574856139266195,0.15310225263164723,0.14884420824607486,1,1,3,1,0.8537183618986277,0.019650843248312913,0.007911950983269678,0.04874845074643723,-0.07066281383924913,1.8373120524698584e-05,0.11113387842058772,0.010082252909368214,0.01852145419761002,0.007118658684553868,-0.045711280366717004,-0.0296600648971666,-3.989663591741747e-05
3,13,952875,0.4,21.300000000000168,75.66747817515224,-6.162823655781533,21.691870974544223,21.390112502256645,30.46430992547624,-4.07689496419685,-2.873089436988515,0.1515948787849345,0.15310225263164723,1,1,3,1,0.8527630038422063,0.018702162419521967,0.008930797483947617,-0.037048559530098744,-0.0007674769048564809,-5.237246099918766e-05,0.10745991510475587,0.010613466851773964,0.019650843248312913,0.007911950983269678,0.04874845074643723,-0.07066281383924913,1.8373120524698584e-05
3,13,952875,0.4,21.45000000000017,74.74209271045524,-6.172327363947206,21.09052795566116,20.96846631194913,29.74032529956373,-3.9666496232516746,-2.7775001156324466,0.15810090685677392,0.1515948787849345,1,1,3,1,0.8518170517985881,0.017437438767237228,0.008872971083335545,0.013843788161372123,0.002487261616102743,-7.84998710636075e-05,0.10297748323080586,0.009551411681848703,0.018702162419521967,0.008930797483947617,-0.037048559530098744,-0.0007674769048564809,-5.237246099918766e-05
3,13,952875,0.4,21.600000000000172,73.82167358940539,-6.117898190496089,20.505700898215444,20.561942088512158,29.039236074290958,-3.857654912812739,-2.6744976401811407,0.15968135856036625,0.15810090685677392,1,1,3,1,0.8508305021398017,0.016147077417749053,0.009837683941779862,-0.015114855347409657,0.04773049509413409,-0.00013534124121460615,0.09809231827637215,0.008367804595039502,0.017437438767237228,0.008872971083335545,0.013843788161372123,0.002487261616102743,-7.84998710636075e-05
3,13,952875,0.4,21.750000000000174,72.91107257075792,-6.046936096968915,19.935749692514136,20.171385387254375,28.3605166427503,-3.764378584986358,-2.5665536167627554,0.15979142524603013,0.15968135856036625,1,1,3,1,0.8498340904623849,0.015297651719787498,0.009306130947968429,0.033243313698451106,0.044302237918840144,-9.179447935686217e-05,0.0927083273844952,0.008775661482061606,0.016147077417749053,0.009837683941779862,-0.015114855347409657,0.04773049509413409,-0.00013534124121460615
3,13,952875,0.4,21.900000000000176,72.01134802632141,-5.973671952855337,19.377321695365605,19.79720776697598,27.702166548024735,-3.6966245430706195,-2.4568053362760596,0.1577572416222328,0.15979142524603013,1,1,3,1,0.8488369919688498,0.015514151299112934,0.00802420953232804,-0.014885282604647802,0.005021210655269274,2.9254930272958555e-05,0.08815090728216486,0.01136032498354348,0.015297651719787498,0.009306130947968429,0.033243313698451106,0.044302237918840144,-9.179447935686217e-05
3,13,952875,0.4,22.05000000000018,71.12073822811044,-5.91916944307801,18.82592589611014,19.439452392812335,27.06118613768154,-3.6608658057535703,-2.3477611128475075,0.1538645394711044,0.1577572416222328,1,1,3,1,0.8478525867811271,0.01609850960706064,0.007648700640205452,0.04017703548366055,-0.061560016099916216,0.00019404482206174278,0.08346878241778448,0.0144994253581158,0.015514151299112934,0.00802420953232804,-0.014885282604647802,0.005021210655269274,2.9254930272958555e-05
3,13,952875,0.4,22.20000000000018,70.2346275343243,-5.901434312723628,18.27603718520643,19.097720619906653,26.433623816477677,-3.6640729589719956,-2.2428290648936064,0.149914975640627,0.1538645394711044,1,1,3,1,0.8468924720548273,0.01770469978662606,0.008595595969875256,-0.0006699848072114133,-0.05332337686727389,9.703385313618815e-05,0.07983129586830066,0.015013416052030878,0.01609850960706064,0.007648700640205452,0.04017703548366055,-0.061560016099916216,0.00019404482206174278
3,13,952875,0.4,22.350000000000183,69.34741630063724,-5.921307914353506,17.72180613139827,18.770805578505367,25.814832066564243,-3.7059605226946584,-2.1480814213747514,0.1525604800305836,0.149914975640627,1,1,3,1,0.8459570026068297,0.016823500893743612,0.010340927677674543,0.09583723169827373,-0.013997691930767423,0.00018857262769563066,0.07662961236449811,0.012168883420219087,0.01770469978662606,0.008595595969875256,-0.0006699848072114133,-0.05332337686727389,9.703385313618815e-05
3,13,952875,0.4,22.500000000000185,68.45985948631895,-5.914859164694659,17.157683359291077,18.456714972776258,25.19992908410651,-3.7834862432383742,-2.0678595252712944,0.15509543108120744,0.1525604800305836,1,1,3,1,0.8450050252114387,0.013926049959016622,0.008523337598736408,0.10111703092454762,-0.030935717500276544,0.000202684263849243,0.07666272310817818,0.0077439956699569224,0.016823500893743612,0.010340927677674543,0.09583723169827373,-0.013997691930767423,0.00018857262769563066
3,13,952875,0.4,22.650000000000187,67.57578420472453,-5.883348149958437,16.578780624980265,18.15229849293657,24.58377325773829,-3.891341453364442,-2.011672282676762,0.15514931160496565,0.15509543108120744,1,1,3,1,0.8440372297214919,0.013042561259467138,0.007677915735154386,-0.018457809181695865,0.022673792159325266,-7.729735632746375e-05,0.0817131796611513,0.0019422463893103352,0.013926049959016622,0.008523337598736408,0.10111703092454762,-0.030935717500276544,0.000202684263849243
3,13,952875,0.4,22.80000000000019,66.6964580133013,-5.851646942811601,15.9816920561241,17.853734329633966,23.961851149064643,-4.018445348082073,-1.9814224122899295,0.14921082338405356,0.15514931160496565,1,1,3,1,0.8430690980170767,0.017018078344583444,0.010050637201779228,-0.03705720462904344,0.04390093252394834,2.2124087786316306e-05,0.08717178849804928,-0.003437521124341672,0.013042561259467138,0.007677915735154386,-0.018457809181695865,0.022673792159325266,-7.729735632746375e-05
3,13,952875,0.4,22.95000000000019,65.81605039489054,-5.87827685455498,15.364127026608312,17.55763133586881,23.330812617995935,-4.159368870460689,-1.971698259098612,0.15833055255095446,0.14921082338405356,1,1,3,1,0.8421380224791603,0.017317201606314416,0.009310776959888734,-0.03568638526279419,0.07801703612755995,8.626354861111792e-05,0.09010716725864051,-0.006703131855388946,0.017018078344583444,0.010050637201779228,-0.03705720462904344,0.04390093252394834,2.2124087786316306e-05
3,13,952875,0.4,23.100000000000193,64.94043402279092,-5.817012408000739,14.72529958631539,17.260896541447405,22.688609417972078,-4.301215642108569,-1.9823778464086186,0.16380724267128188,0.15833055255095446,1,1,3,1,0.8411500398312421,0.01471020163473838,0.006772541312102092,0.09204960419080566,0.06132203146972126,-4.311140116409241e-05,0.09034130930383259,-0.006366976144557024,0.017317201606314416,0.009310776959888734,-0.03568638526279419,0.07801703612755995,8.626354861111792e-05
3,13,952875,0.4,23.250000000000195,64.07935217308376,-5.702323452711463,14.064650079089063,16.960730836852303,22.03362821614662,-4.447629225015128,-2.0106403584410284,0.15717248526552702,0.16380724267128188,1,1,3,1,0.8401278826369732,0.015264219247883676,0.006138190201576823,0.056711696688673215,-0.003969563640312301,-0.00010960393918929425,0.0928263389305053,-0.0026182873636485244,0.01471020163473838,0.006772541312102092,0.09204960419080566,0.06132203146972126,-4.311140116409241e-05
3,13,952875,0.4,23.400000000000198,63.22902494738524,-5.652185574332011,13.38178557992629,16.655329908337247,21.365210030858027,-4.595429640552863,-2.0485380811535725,0.15545659136321072,0.15717248526552702,1,1,3,1,0.8391471263289163,0.01721430184089295,0.004867726017520361,0.06326386392086525,-0.06026965901268505,-9.039858370192148e-05,0.0984369332130769,0.0016465987166923229,0.015264219247883676,0.006138190201576823,0.056711696688673215,-0.003969563640312301,-0.00010960393918929425
3,13,952875,0.4,23.5500000000002,62.38444519893579,-5.619832514151182,12.678097229555682,16.343336978616847,20.68426486386916,-4.729002848586427,-2.0956997815339333,0.14952437169939503,0.15545659136321072,1,1,3,1,0.83817707719881,0.01905385901803535,0.006285115423446773,-0.06493333555189928,-0.03616642856708227,9.943816960293093e-05,0.10653540126974334,0.0031715385056149134,0.01721430184089295,0.004867726017520361,0.06326386392086525,-0.06026965901268505,-9.039858370192148e-05
3,13,952875,0.4,23.700000000000202,61.538846201134675,-5.6461766322109606,11.955679843704697,16.02346916275309,19.99224460971969,-4.849637755722907,-2.1511653000979267,0.16356278021736648,0.14952437169939503,1,1,3,1,0.8372440451194056,0.016568539014579574,0.006035892074790147,0.08246655075786757,0.0014155807463275096,5.120823898253127e-05,0.11229988977298577,0.002000709276936023,0.01905385901803535,0.006285115423446773,-0.06493333555189928,-0.03616642856708227,9.943816960293093e-05
3,13,952875,0.4,23.850000000000204,60.70278526019845,-5.537637175938761,11.21796142600789,15.694346761237412,19.291323925987147,-4.942496759199599,-2.215974897327926,0.16087074848025407,0.16356278021736648,1,1,3,1,0.8362234133708492,0.015752331085697,0.007115138727048631,-0.009166643388202278,0.07311939576222841,3.5245380925372336e-06,0.11902222309837154,0.00011757058837570677,0.016568539014579574,0.006035892074790147,0.08246655075786757,0.0014155807463275096,5.120823898253127e-05
3,13,952875,0.4,24.000000000000206,59.88030368414523,-5.456143798217739,10.467294710034782,15.354772160315006,18.5831452300709,-5.025845060246459,-2.287552036622275,0.1516650831134494,0.16087074848025407,1,1,3,1,0.8352195799003322,0.018284986010546546,0.006903142583335947,-0.0776404388664298,0.04129130404760378,3.875348979597434e-05,0.12594709143979932,0.0008728054864557576,0.015752331085697,0.007115138727048631,-0.009166643388202278,0.07311939576222841,3.5245380925372336e-06
3,13,952875,0.4,24.150000000000208,59.061025571680176,-5.464773701030301,9.70409906899322,15.00410366810522,17.868762285734388,-5.110736297278978,-2.3621144664238436,0.16486453958692115,0.1516650831134494,1,1,3,1,0.8342731897817042,0.01788414875560399,0.0055141134304657015,0.09920197760247494,0.0023635776397282608,-4.114940516836535e-05,0.12885738568620775,0.0042137430255910855,0.018284986010546546,0.006903142583335947,-0.0776404388664298,0.04129130404760378,3.875348979597434e-05
3,13,952875,0.4,24.30000000000021,58.25311196907256,-5.346830038695801,8.929707497720731,14.642484024034363,17.150568923185944,-5.180965241941102,-2.4340702808021852,0.15188571586914085,0.16486453958692115,1,1,3,1,0.8332444350546818,0.019287885608880936,0.009530007365467535,-0.00351778133291655,0.03439108415722721,-5.7285504167345856e-05,0.13327638573671613,0.007981375216763217,0.01788414875560399,0.0055141134304657015,0.09920197760247494,0.0023635776397282608,-4.114940516836535e-05
3,13,952875,0.4,24.450000000000212,57.45027739818609,-5.355051145166851,8.1425203988493,14.270829912263798,16.430375066639233,-5.274301328087436,-2.498368199416393,0.15594910101769593,0.15188571586914085,1,1,3,1,0.8322966681876585,0.020312735780003633,0.009218291508016226,0.08334092329909804,-0.03125719542944459,-4.6152878853683114e-05,0.13849384539461362,0.012566366827093264,0.019287885608880936,0.009530007365467535,-0.00351778133291655,0.03439108415722721,-5.7285504167345856e-05
3,13,952875,0.4,24.600000000000215,56.6499726408868,-5.325690318414453,7.340993721137661,13.8901331590115,15.710696610553375,-5.371424104219167,-2.55674865318782,0.16102739916701758,0.15594910101769593,1,1,3,1,0.8313235457973082,0.018406725166861752,0.009074151874410926,-0.10068739370467568,0.0453397766339034,-8.916738162732105e-05,0.145781362729469,0.01603480899771044,0.020312735780003633,0.009218291508016226,0.08334092329909804,-0.03125719542944459,-4.6152878853683114e-05
3,13,952875,0.4,24.750000000000217,55.8588243494524,-5.24877674322178,6.524124065040059,13.501163616982216,14.994852911201201,-5.476970715732436,-2.610412914799422,0.14695296557981075,0.16102739916701758,1,1,3,1,0.8303187348265059,0.02443783719144173,0.010109535596031404,-0.021360198556570762,-0.0376676934526194,0.00010915950196601344,0.1497836894314605,0.02010231520542068,0.018406725166861752,0.009074151874410926,-0.10068739370467568,0.0453397766339034,-8.916738162732105e-05
3,13,952875,0.4,24.90000000000022,55.06550389884501,-5.308822113272287,5.687815847148336,13.104188021794723,14.28534188676001,-5.619506327340949,-2.6639665876060965,0.1544965609496034,0.14695296557981075,1,1,3,1,0.8294017483212879,0.023734505506836406,0.007080658855418463,0.1447893436298224,-0.09297043091764276,3.1096711101262165e-05,0.1502568006283295,0.023041122252695955,0.02443783719144173,0.010109535596031404,-0.021360198556570762,-0.0376676934526194,0.00010915950196601344
3,13,952875,0.4,25.05000000000022,54.27042634510905,-5.29643474955358,4.828807034627367,12.698908112458147,13.586009150089739,-5.7746556898315475,-2.721095321975563,0.15384200196682418,0.1544965609496034,1,1,3,1,0.8284376897809624,0.0228159444550071,0.00906945568924184,0.11020098868807693,-0.0474320678950562,-0.00018390465154291134,0.15495345693029575,0.02143384855881689,0.023734505506836406,0.007080658855418463,0.1447893436298224,-0.09297043091764276,3.1096711101262165e-05
3,13,952875,0.4,25.200000000000223,53.4764712738977,-5.2915686295136055,3.9448121082581515,12.284385893399582,12.902235439931127,-5.945524362716554,-2.7858480246116857,0.15629379957918887,0.15384200196682418,1,1,3,1,0.8274777156886894,0.02219367718539859,0.012883214187169522,-0.04430075458378114,0.04316457356175896,0.00010273502737739236,0.16533240647010844,0.016249971876839735,0.0228159444550071,0.00906945568924184,0.11020098868807693,-0.0474320678950562,-0.00018390465154291134
3,13,952875,0.4,25.350000000000225,52.68534419597586,-5.26575767579763,3.035246624639413,11.859271018903991,12.241528955657502,-6.115053846460416,-2.8597163430190955,0.15804922572775676,0.15629379957918887,1,1,3,1,0.8265024423793152,0.022113589290707725,0.013182242403389648,0.08188059396050873,0.06809391020610603,0.00011623680996388499,0.17470224158940278,0.01179433550005915,0.02219367718539859,0.012883214187169522,-0.04430075458378114,0.04316457356175896,0.00010273502737739236
3,13,952875,0.4,25.500000000000227,51.89953404377705,-5.225519846122853,2.1007991135053565,11.421635897392044,11.613230536241819,-6.278334359558624,-2.947785117881688,0.16657949991138837,0.15804922572775676,1,1,3,1,0.825516215210774,0.019073462656622315,0.008696549985372183,0.04301656189228322,0.07193891154009752,2.0834572559658828e-05,0.18500072978429646,0.010526749214030353,0.022113589290707725,0.013182242403389648,0.08188059396050873,0.06809391020610603,0.00011623680996388499
3,13,952875,0.4,25.65000000000023,51.12768236422801,-5.106183158527418,1.1444200451099498,10.969090823708363,11.028628688028828,-6.414672894499704,-3.0524762092529762,0.15482767631232563,0.16657949991138837,1,1,3,1,0.8244767591313268,0.022654751072119915,0.010197425444392906,-0.06353954603815767,0.059503329995671386,0.00013443719989673447,0.1970487322984117,0.012907371660955921,0.019073462656622315,0.008696549985372183,0.04301656189228322,0.07193891154009752,2.0834572559658828e-05
3,13,952875,0.4,25.80000000000023,50.36205311697914,-5.103556363135488,0.16800476595748037,10.499864162379673,10.501208170006413,-6.546488795907391,-3.1666979148050154,0.17168302497167498,0.15482767631232563,1,1,3,1,0.8235106344311378,0.021196866247911623,0.008317803377015116,0.06933002917449503,0.026578172389583658,0.00010884018044007419,0.2060700577241208,0.01832900154975407,0.022654751072119915,0.010197425444392906,-0.06353954603815767,0.059503329995671386,0.00013443719989673447
3,13,952875,0.4,25.950000000000234,49.61256155336171,-4.9435215344445655,-0.822104843756053,10.01318314902075,10.046874795176869,-6.61682025097126,-3.283901199841699,0.16462392600233716,0.17168302497167498,1,1,3,1,0.8224393323553146,0.02014289528137911,0.009136061979427642,0.03576082998859602,0.044824760442266694,-9.496060977726874e-05,0.21521078386573606,0.025161565707066392,0.021196866247911623,0.008317803377015116,0.06933002917449503,0.026578172389583658,0.00010884018044007419
3,13,952875,0.4,26.100000000000236,48.880047560210755,-4.853841233978695,-1.8210313095856385,9.508303071526878,9.681114725613918,-6.6690678898661595,-3.4072148121613246,0.16183319762328552,0.16462392600233716,1,1,3,1,0.8214120790570599,0.022979761009256264,0.009713646229945772,-0.01525444259514879,-0.030046869438048893,-2.863637255615922e-05,0.22565549502026974,0.03339129119930593,0.02014289528137911,0.009136061979427642,0.03576082998859602,0.044824760442266694,-9.496060977726874e-05
3,13,952875,0.4,26.250000000000238,48.15781236793273,-4.795878036644657,-2.8240007085590637,8.984564676965288,9.417928776356002,-6.683272588797301,-3.534263416654312,0.1622381423844078,0.16183319762328552,1,1,3,1,0.8204022399038905,0.02308313191499963,0.00966864939612474,0.167820021832014,-0.05398934840218016,0.00010788054721276953,0.23479557032440818,0.04047584728771004,0.022979761009256264,0.009713646229945772,-0.01525444259514879,-0.030046869438048893,-2.863637255615922e-05
3,13,952875,0.4,26.40000000000024,47.44424273627493,-4.738334303984353,-3.8248827286208975,8.441230242565155,9.267367258056574,-6.654807821566525,-3.6671357097279698,0.16426789725097002,0.1622381423844078,1,1,3,1,0.8193898738954117,0.020079501714985012,0.014277694899913658,0.008134429641023762,0.05871717222107662,-0.00035786519540343076,0.24852988455559222,0.0442507833508085,0.02308313191499963,0.00966864939612474,0.167820021832014,-0.05398934840218016,0.00010788054721276953
3,13,952875,0.4,26.550000000000242,46.740677599519174,-4.667252298810804,-4.816636450461809,7.877963370929882,9.23375836643077,-6.577496840649454,-3.799926656761052,0.15718067420711168,0.16426789725097002,1,1,3,1,0.8183648422165658,0.022398364396937716,0.009214026157328878,0.07284250287032004,-0.0855237735627091,0.0002171746498844342,0.26401810476142173,0.048564480254788475,0.020079501714985012,0.014277694899913658,0.008134429641023762,0.05871717222107662,-0.00035786519540343076
3,13,952875,0.4,26.700000000000244,46.040407528684035,-4.669862778270039,-5.793691866225167,7.29302772710858,9.314242796338208,-6.469761390192836,-3.95024094477378,0.1664033144641106,0.15718067420711168,1,1,3,1,0.8173840348095135,0.019990596088665546,0.011345591877875672,-0.04134617539067851,-0.028629211067638643,-9.375318960607789e-05,0.28065149398686545,0.05015533803488708,0.022398364396937716,0.009214026157328878,0.07284250287032004,-0.0855237735627091,0.0002171746498844342
3,13,952875,0.4,26.850000000000247,45.347675418948086,-4.59318266807134,-6.748070794225029,6.68574040431866,9.499241243268425,-6.297591661985941,-4.098897964183182,0.1556192197755239,0.1664033144641106,1,1,3,1,0.8163456781272576,0.022458259381835304,0.016060173480936354,-0.09813835655149389,0.05186574089169547,8.86077361781449e-05,0.29531563153320795,0.04870059165109015,0.019990596088665546,0.011345591877875672,-0.04134617539067851,-0.028629211067638643,-9.375318960607789e-05
3,13,952875,0.4,27.00000000000025,44.655686061345804,-4.623782110049327,-7.676286436424019,6.055334240015599,9.777138958424016,-6.123919215424919,-4.255374946339485,0.16460930542983687,0.1556192197755239,1,1,3,1,0.8153746141958582,0.022160628971936436,0.014608471845051464,-0.02259976398183441,0.04036975110258941,-1.898134640180154e-05,0.30397144969773277,0.04829397439923864,0.022458259381835304,0.016060173480936354,-0.09813835655149389,0.05186574089169547,8.86077361781449e-05
3,13,952875,0.4,27.15000000000025,43.967083250653204,-4.574419823812845,-8.574083935854775,5.401713968235807,10.133776647120103,-5.908066305564033,-4.408575541899582,0.15849632563741267,0.16460930542983687,1,1,3,1,0.8143474521299762,0.02378515383089573,0.013629296768011655,-0.11977871482541622,0.05428872676658078,-0.00011030880815222655,0.3087498927706392,0.049868169318926396,0.022160628971936436,0.014608471845051464,-0.02259976398183441,0.04036975110258941,-1.898134640180154e-05
3,13,952875,0.4,27.300000000000253,43.279996848605855,-4.583667075391467,-9.44068601375946,4.725001007205317,10.557091783653524,-5.705547853148826,-4.562222219793365,0.15870842918135852,0.15849632563741267,1,1,3,1,0.8133584350579987,0.02608866358811967,0.01749059212202743,-0.01935315965339428,0.051525143210898065,-9.461077205401065e-06,0.30765499873465046,0.05363706857706642,0.02378515383089573,0.013629296768011655,-0.11977871482541622,0.05428872676658078,-0.00011030880815222655
3,13,952875,0.4,27.450000000000255,42.59166064325166,-4.591316919017674,-10.277386295063794,4.0269737740272475,11.038169541851962,-5.508988524333531,-4.697852927824366,0.1612468505518279,0.15870842918135852,1,1,3,1,0.8123680944599071,0.024426071940720696,0.014796227911200496,0.11031821066000987,-0.004899078951575529,1.7660250608441911e-06,0.30297355841255613,0.059540213549492994,0.02608866358811967,0.01749059212202743,-0.01935315965339428,0.051525143210898065,-9.461077205401065e-06
3,13,952875,0.4,27.600000000000257,41.90480799256307,-4.5727827182023395,-11.085453423450836,3.310160005779988,11.569115647592223,-5.320795187625372,-4.817513801552109,0.15449912690366824,0.1612468505518279,1,1,3,1,0.8113619141124637,0.02545793972782299,0.018078795471628252,-0.042551481919314856,0.002268320832798338,-0.0002519305267595693,0.3015481151429275,0.06531416574593764,0.024426071940720696,0.014796227911200496,0.11031821066000987,-0.004899078951575529,1.7660250608441911e-06
3,13,952875,0.4,27.75000000000026,41.21444129297461,-4.617247895977356,-11.868156175340324,2.5772551873274914,12.144767404231139,-5.160942298896015,-4.918544798738001,0.1590008679586289,0.15449912690366824,1,1,3,1,0.8103978395605849,0.024851102211168822,0.018528563340779347,-0.003011023327894884,-0.01723729588469093,-0.00012475995339972023,0.299871263965265,0.07018527726340404,0.02545793972782299,0.018078795471628252,-0.042551481919314856,0.002268320832798338,-0.0002519305267595693
3,13,952875,0.4,27.90000000000026,40.52165207820886,-4.619123335820508,-12.626396473627997,1.8317451042924753,12.758572727242846,-4.996218779038534,-4.994114040437331,0.15826156664120883,0.1590008679586289,1,1,3,1,0.8094056741445229,0.024650992570828607,0.017753630089381505,-0.015174050030762967,-0.010000452575668317,7.030739048351259e-05,0.29665843717688833,0.07357599967805539,0.024851102211168822,0.018528563340779347,-0.003011023327894884,-0.01723729588469093,-0.00012475995339972023
3,13,952875,0.4,28.050000000000264,39.82807471579459,-4.625990131938721,-13.360714234503769,1.0767127988732264,13.40402906992256,-4.83898098595223,-5.051729721756935,0.16101816411982045,0.15826156664120883,1,1,3,1,0.8084181219686818,0.024256306464177296,0.020931892024408996,-0.15281242525090863,0.1087831756999357,7.637503350726958e-05,0.2922808995802823,0.07550727127240196,0.024650992570828607,0.017753630089381505,-0.015174050030762967,-0.010000452575668317,7.030739048351259e-05
3,13,952875,0.4,28.200000000000266,39.13624377629865,-4.604853630636788,-14.070912127738396,0.3157522541563915,14.074454433211267,-4.6766437941267744,-5.081886547045104,0.15378455679505532,0.16101816411982045,1,1,3,1,0.8074133686245742,0.027534253613274638,0.020461480096781736,0.030240024037289762,-0.001772124475461828,-4.435145848909577e-05,0.2815140985408866,0.08052946327356887,0.024256306464177296,0.020931892024408996,-0.15281242525090863,0.1087831756999357,7.637503350726958e-05
3,13,952875,0.4,28.350000000000268,38.441236919482265,-4.647072919918226,-14.758881545254946,-0.448121852204999,14.765683108521957,-4.535367336981061,-5.095758843282297,0.16485821972673326,0.15378455679505532,1,1,3,1,0.806453752990173,0.023419699194323046,0.018197235970564406,0.08713478295302529,0.003928810716927657,-3.663230833334346e-05,0.2690137356656727,0.08649247108060375,0.027534253613274638,0.020461480096781736,0.030240024037289762,-0.001772124475461828,-4.435145848909577e-05
3,13,952875,0.4,28.50000000000027,37.75087907807445,-4.579629820778128,-15.422998926171287,-1.210795592382675,15.470453188036025,-4.366508617278877,-5.077073862035741,0.15642993013704043,0.16485821972673326,1,1,3,1,0.8054250376990781,0.02254288594384586,0.018188251236194917,0.03788328611233452,-0.0366441740706261,-0.00011621254703447858,0.260328423619648,0.09158237219524948,0.023419699194323046,0.018197235970564406,0.08713478295302529,0.003928810716927657,-3.663230833334346e-05
3,13,952875,0.4,28.650000000000272,37.06311772849866,-4.587541496758847,-16.062955553157824,-1.969489619111494,16.18324536248869,-4.208309806394908,-5.047182100552695,0.17190733930596697,0.15642993013704043,1,1,3,1,0.804448914935023,0.019576195364018775,0.019808731997524053,-0.10228569284937043,0.04945188871537881,-9.162484050467618e-05,0.2544816833798368,0.09449049417800304,0.02254288594384586,0.018188251236194917,0.03788328611233452,-0.0366441740706261,-0.00011621254703447858
3,13,952875,0.4,28.800000000000274,36.38897262490587,-4.447309532484775,-16.673754768525683,-2.719965980481379,16.894150260250115,-3.996196820879959,-4.980260858805496,0.14983413811498664,0.17190733930596697,1,1,3,1,0.8033762131377538,0.021629196708579834,0.019648129137555426,0.11458942453291711,-0.03125054937363227,0.00015378651986717163,0.2452615058773968,0.0977455133440727,0.019576195364018775,0.019808731997524053,-0.10228569284937043,0.04945188871537881,-9.162484050467618e-05
3,13,952875,0.4,28.950000000000276,35.71547534777971,-4.510998411181166,-17.256571454821497,-3.4615763237339086,17.600334343994586,-3.822349164328739,-4.925473987522405,0.16203661723807222,0.14983413811498664,1,1,3,1,0.8024412481159163,0.019949940845882138,0.0211704935308691,0.1019066026740841,-0.03017062829429881,0.00015121614719890245,0.23839807075074126,0.09992214856756784,0.021629196708579834,0.019648129137555426,0.11458942453291711,-0.03125054937363227,0.00015378651986717163
3,13,952875,0.4,29.10000000000028,35.04412149894705,-4.457922685322002,-17.80863648477543,-4.192186014634976,18.29540808586066,-3.6013300486334074,-4.843537717491915,0.15203715067271395,0.16203661723807222,1,1,3,1,0.8014301396243508,0.017941179039863454,0.022564425117993846,-0.005996583271934394,0.023068064019999567,6.071775564535587e-05,0.23719164393470252,0.09964042956963451,0.019949940845882138,0.0211704935308691,0.1019066026740841,-0.03017062829429881,0.00015121614719890245
3,13,952875,0.4,29.25000000000028,34.37145309750705,-4.49767947079908,-18.328062001062577,-4.911039298390946,18.974618934385326,-3.3858154119550044,-4.767351124085883,0.15744908698014803,0.15203715067271395,1,1,3,1,0.8004814278041531,0.017409981157347508,0.022704715241739937,0.03157761444338837,0.011230028032699305,0.00022688101916185595,0.2371203957370453,0.09901767542148425,0.017941179039863454,0.022564425117993846,-0.005996583271934394,0.023068064019999567,6.071775564535587e-05
3,13,952875,0.4,29.400000000000283,33.697962547326746,-4.4860392216967355,-18.812282739442733,-5.617435296259769,19.633073146514786,-3.142447216980586,-4.681067752229023,0.1604817120067792,0.15744908698014803,1,1,3,1,0.799498945501397,0.014575867508344189,0.0205773363824534,0.05386227302018409,-0.0005295601305614593,0.0001100523890265655,0.2375799027964663,0.09858136442512827,0.017409981157347508,0.022704715241739937,0.03157761444338837,0.011230028032699305,0.00022688101916185595
3,13,952875,0.4,29.550000000000285,33.02921860497148,-4.44446827620349,-19.258696407818487,-6.310657565336461,20.266272134644275,-2.8868049776365963,-4.592714472667568,0.16993187984802327,0.1604817120067792,1,1,3,1,0.7984975396184747,0.010277893173806757,0.01802653613646489,0.06206360986251274,-0.001452948883976116,1.3651974071090365e-05,0.24008833810024136,0.09769746684640487,0.014575867508344189,0.0205773363824534,0.05386227302018409,-0.0005295601305614593,0.0001100523890265655
3,13,952875,0.4,29.700000000000287,32.37573836291078,-4.312735295181304,-19.6646818937933,-6.989886742230334,20.870031879546556,-2.6109117321376933,-4.497192115572036,0.14726516480988056,0.16993187984802327,1,1,3,1,0.7974371646882229,0.01474308779627083,0.02200988017368571,-0.10994101975406985,0.004650328542578498,-9.65623714043394e-05,0.2453188326289492,0.09619772894189857,0.010277893173806757,0.01802653613646489,0.06206360986251274,-0.001452948883976116,1.3651974071090365e-05
3,13,952875,0.4,29.85000000000029,31.720323141616582,-4.397826309623073,-20.034226102789447,-7.6570530047975085,21.44762635481998,-2.3858438030767304,-4.424409998367619,0.15931641353164566,0.14726516480988056,1,1,3,1,0.7965182300598092,0.015124324091423232,0.020445689827268524,-0.046902343875244695,0.0002350822859598241,-2.7005977243415316e-05,0.24686821375047482,0.09432358620038044,0.01474308779627083,0.02200988017368571,-0.10994101975406985,0.004650328542578498,-9.65623714043394e-05
3,13,952875,0.4,30.00000000000029,31.063520403098984,-4.368944949907999,-20.36844065881894,-8.31221836340386,21.99923519108646,-2.1466491723467254,-4.340869508880588,0.1494476431549568,0.15931641353164566,1,1,3,1,0.7955240956393717,0.01613368135752259,0.02047797686262187,-0.14091301277170493,0.028813064780676304,0.00012194550879642972,0.244144617360769,0.09203336910720901,0.015124324091423232,0.020445689827268524,-0.046902343875244695,0.0002350822859598241,-2.7005977243415316e-05
3,13,952875,0.4,30.150000000000293,30.401947953394327,-4.430866518414935,-20.67167347216507,-8.95612842885155,22.528433602314568,-1.9577964748560577,-4.269936303378881,0.15483940820486647,0.1494476431549568,1,1,3,1,0.7945915423460848,0.017950349102445962,0.01990521566594866,-0.06572110731491555,0.018947046119397865,0.00010692602115273088,0.23507983547875488,0.09035521740498646,0.01613368135752259,0.02047797686262187,-0.14091301277170493,0.028813064780676304,0.00012194550879642972
3,13,952875,0.4,30.300000000000296,29.736545631101627,-4.437989491638621,-20.948826341796682,-9.588729448266903,23.039033346275957,-1.7926303270002246,-4.192068153725657,0.15850411464094544,0.15483940820486647,1,1,3,1,0.7936253444388863,0.016451041318463668,0.018732353930883506,-0.025651042906582874,0.03451959505156705,-0.00016515168368367328,0.2211245779117698,0.08940994060518896,0.017950349102445962,0.01990521566594866,-0.06572110731491555,0.018947046119397865,0.00010692602115273088
3,13,952875,0.4,30.450000000000298,29.074178931210874,-4.404029952031903,-21.205055192493347,-10.209020993482497,23.53462290673159,-1.6663425016439846,-4.107588820656865,0.16305429029963253,0.15850411464094544,1,1,3,1,0.7926362787635268,0.013825251722640059,0.018476933227585094,-0.07151444668615553,0.05489298404612968,-0.00013961006484753373,0.20543818918842588,0.0895596891294129,0.016451041318463668,0.018732353930883506,-0.025651042906582874,0.03451959505156705,-0.00016515168368367328
3,13,952875,0.4,30.6000000000003,28.421897113767827,-4.320152728454337,-21.44632865434077,-10.815392573653698,24.019111750275897,-1.5801000929095046,-4.01012405438267,0.16890169168078373,0.16305429029963253,1,1,3,1,0.7916188199920571,0.010694746881323536,0.01493589552429462,0.0901857340904306,0.008227602832520053,-1.95214359709631e-05,0.1872211984182242,0.09176745741925625,0.013825251722640059,0.018476933227585094,-0.07151444668615553,0.05489298404612968,-0.00013961006484753373
3,13,952875,0.4,30.750000000000302,27.7885083530093,-4.173275656283664,-21.678530609133592,-11.405766075928998,24.49592188814201,-1.5319134919971238,-3.8984860823689873,0.15220317110007975,0.16890169168078373,1,1,3,1,0.7905648734359689,0.013291904189967427,0.016142647875047798,0.08868133117283829,-0.048877301260045684,-6.760894805542462e-05,0.17186699659376675,0.09460261436023844,0.010694746881323536,0.01493589552429462,0.0901857340904306,0.008227602832520053,-1.95214359709631e-05
3,13,952875,0.4,30.900000000000304,27.161473400698043,-4.183382858340629,-21.909342434990855,-11.979585164228563,24.97057761928418,-1.5403197215430486,-3.788906543523642,0.15430455589774295,0.15220317110007975,1,1,3,1,0.7896151256483044,0.011821785517394465,0.017135084720587196,0.11351439060170164,-0.038429516423246185,2.8753399059689786e-06,0.16205057882781226,0.09511167337953781,0.013291904189967427,0.016142647875047798,0.08868133117283829,-0.048877301260045684,-6.760894805542462e-05
3,13,952875,0.4,31.050000000000306,26.535213306053336,-4.170708777392686,-22.142979196471984,-12.535289070376741,25.444940553542224,-1.5628504141022648,-3.6628833172529895,0.15756464506650075,0.15430455589774295,1,1,3,1,0.7886522652195026,0.010077139315039734,0.016288321452126456,0.12351305869992074,-0.056514344147704315,6.860431191640935e-06,0.15830883133122878,0.09278292370500942,0.011821785517394465,0.017135084720587196,0.11351439060170164,-0.038429516423246185,2.8753399059689786e-06
3,13,952875,0.4,31.20000000000031,25.914176542666198,-4.124947039455628,-22.379923513182256,-13.070825241651107,25.917319478558575,-1.5831300578065102,-3.5246391048230032,0.15451680201044254,0.15756464506650075,1,1,3,1,0.7876690618342878,0.008724199861126472,0.01977110056947303,-0.002491424995069846,0.043673130810101934,9.883954204632022e-05,0.16110211535509628,0.08732237991425304,0.010077139315039734,0.016288321452126456,0.12351305869992074,-0.056514344147704315,6.860431191640935e-06
3,13,952875,0.4,31.35000000000031,25.297078755019776,-4.1085124255078975,-22.619495537107024,-13.584729336216668,26.385345354788715,-1.5985688084573233,-3.37751412880941,0.15941526501787023,0.15451680201044254,1,1,3,1,0.7867048769897426,0.007872954839776448,0.016826395883827873,0.027270061034273218,0.02118935723585369,1.3724550993761463e-05,0.1655713922345317,0.0822523617487722,0.008724199861126472,0.01977110056947303,-0.002491424995069846,0.043673130810101934,9.883954204632022e-05
3,13,952875,0.4,31.500000000000313,24.687200103219546,-4.04458277114582,-22.85919930873554,-14.075630681729068,26.845229969678563,-1.5921649924414376,-3.220906298187115,0.15766861192063553,0.15941526501787023,1,1,3,1,0.7857101257360309,0.007216198240625819,0.014786626406691265,0.05772791622632339,0.012805001018910552,3.596438715006945e-06,0.17045813244831595,0.07854272011071185,0.007872954839776448,0.016826395883827873,0.027270061034273218,0.02118935723585369,1.3724550993761463e-05
3,13,952875,0.4,31.650000000000315,24.085211691101875,-3.9977170552140557,-23.09672686794979,-14.54257251843199,27.29368438790423,-1.5736248780270108,-3.059666127139112,0.1606649414250791,0.15766861192063553,1,1,3,1,0.7847262735976462,0.005914857617778878,0.013727263697794381,0.002886450610336457,0.04577027904631995,-1.346968489491005e-05,0.17741846678749446,0.07545768465165804,0.007216198240625819,0.014786626406691265,0.05772791622632339,0.012805001018910552,3.596438715006945e-06
3,13,952875,0.4,31.800000000000317,23.49304118808412,-3.9230379077635424,-23.329506981303144,-14.984291165051392,27.727150551575065,-1.5358099753275687,-2.8880893652972754,0.16138734001300165,0.1606649414250791,1,1,3,1,0.7837237243631539,0.005349586624372143,0.011906302147215041,-0.028445402318602375,0.020752577505280128,2.1607351443538308e-05,0.18487150918020473,0.07406128197767943,0.005914857617778878,0.013727263697794381,0.002886450610336457,0.04577027904631995,-1.346968489491005e-05
3,13,952875,0.4,31.95000000000032,22.91263212486077,-3.8427498281022268,-23.555409553972304,-15.39953027699806,28.14254522973268,-1.4869716022064101,-2.709170051040832,0.15096130735775265,0.16138734001300165,1,1,3,1,0.7827166673614726,0.007475339193583281,0.010991883352930321,-0.008195105383908358,-0.013434396341319377,8.362022288812514e-05,0.19066058573568034,0.07395816181585994,0.005349586624372143,0.011906302147215041,-0.028445402318602375,0.020752577505280128,2.1607351443538308e-05
3,13,952875,0.4,32.100000000000314,22.3340813253158,-3.864245453599063,-23.775400138710392,-15.788200585224173,28.540093368366247,-1.4535067978403626,-2.533374278110456,0.15673067271131574,0.15096130735775265,1,1,3,1,0.7817746688035603,0.00815963962399544,0.011946816057671837,0.006076670628404182,0.009397370556451934,5.899996796275955e-05,0.19504884386898258,0.07340081118893803,0.007475339193583281,0.010991883352930321,-0.008195105383908358,-0.013434396341319377,8.362022288812514e-05
3,13,952875,0.4,32.250000000000306,21.757707747005817,-3.8317115410991986,-23.989860165334324,-16.14946184691738,28.91917199190417,-1.4159458276922725,-2.347702336199895,0.1548498032024369,0.15673067271131574,1,1,3,1,0.7807966694058417,0.00796491426807971,0.010895587655231348,0.010407590826946846,-0.005448176733021713,0.00013989949755464183,0.19898495111925157,0.07263434517443099,0.00815963962399544,0.011946816057671837,0.006076670628404182,0.009397370556451934,5.899996796275955e-05
3,13,952875,0.4,32.4000000000003,21.18434563622981,-3.817859529006258,-24.200526256390717,-16.48321507322406,29.280741968679983,-1.3976716269507883,-2.1659519729843226,0.1557198869822981,0.1548498032024369,1,1,3,1,0.7798304066338584,0.009344827715202814,0.012020529808889095,-0.08217333223649566,0.01715810886022278,0.0002602704843034958,0.20291272821656206,0.07154694171898028,0.00796491426807971,0.010895587655231348,0.010407590826946846,-0.005448176733021713,0.00013989949755464183
3,13,952875,0.4,32.55000000000029,20.613765548471456,-3.796879506362833,-24.410204942021895,-16.78989832339631,29.626994296105984,-1.398052965177703,-1.9865928500246794,0.14980375696431947,0.1557198869822981,1,1,3,1,0.7788587145390887,0.011915591213174384,0.008884003447606257,-0.0964307950489458,-0.051415956603452995,7.081942774150865e-05,0.20346484234183712,0.07071456751841437,0.009344827715202814,0.012020529808889095,-0.08217333223649566,0.01715810886022278,0.0002602704843034958
3,13,952875,0.4,32.70000000000028,20.040688357708362,-3.832137119419278,-24.623915294869583,-17.07145708243572,29.962841176469848,-1.4394806100049866,-1.8256722708380415,0.16095820434544333,0.14980375696431947,1,1,3,1,0.7779239390956313,0.012044211566693053,0.008411412675880013,-0.00938040368820304,-0.03618159494339517,-8.089627202859197e-05,0.198608758117685,0.06805421293781118,0.011915591213174384,0.008884003447606257,-0.0964307950489458,-0.051415956603452995,7.081942774150865e-05
3,13,952875,0.4,32.85000000000027,19.47324411216047,-3.758038240169531,-24.845633108653118,-17.329521630237224,30.292206992932353,-1.499540816825892,-1.6720529058891844,0.1617062566280198,0.16095820434544333,1,1,3,1,0.7769195599005159,0.010182910781084218,0.01154310577757553,-0.016111869394133477,0.0698990585985713,-0.00018528304939365522,0.19161856304653416,0.06304282303091352,0.012044211566693053,0.008411412675880013,-0.00938040368820304,-0.03618159494339517,-8.089627202859197e-05
3,13,952875,0.4,33.00000000000026,18.91796311762706,-3.673457741469714,-25.080773967545703,-17.56608664205393,30.62046085099412,-1.6037112486844023,-1.5340315696086537,0.16758632733855394,0.1617062566280198,1,1,3,1,0.7759105128591569,0.00832616600993627,0.008554790551180804,0.03364251037264014,0.056153199848325834,-0.00017080913254287995,0.18398629849811315,0.05996082671935363,0.010182910781084218,0.01154310577757553,-0.016111869394133477,0.0698990585985713,-0.00018528304939365522
3,13,952875,0.4,33.150000000000254,18.3813961562633,-3.528681251104765,-25.3347147456093,-17.78389322991407,30.953426783708082,-1.7391496257237171,-1.4151180483907506,0.16233176664351473,0.16758632733855394,1,1,3,1,0.7748647741765643,0.007744737213115648,0.0069886608877441836,0.005778060015083992,0.020966038648947236,-0.00016409889247286105,0.17752223404385073,0.06011203326707082,0.00832616600993627,0.008554790551180804,0.03364251037264014,0.056153199848325834,-0.00017080913254287995
3,13,952875,0.4,33.300000000000246,17.861717314778144,-3.432263772891071,-25.613221929945617,-17.986100516200864,31.29755500692551,-1.9162062082992053,-1.3184008912779122,0.1507406318099383,0.16233176664351473,1,1,3,1,0.7738518239527088,0.012999165225253606,0.006668325725382414,-0.008128209971713936,-0.038906846547067914,-0.00013808094407643628,0.17205225646063052,0.06180179765166184,0.007744737213115648,0.0069886608877441836,0.005778060015083992,0.020966038648947236,-0.00016409889247286105
3,13,952875,0.4,33.45000000000024,17.345343253724828,-3.4474202607014197,-25.92185833940789,-18.17620353734097,31.659392205144698,-2.12811995367972,-1.2459331056735083,0.15736785640954554,0.1507406318099383,1,1,3,1,0.7729112024102148,0.013393518693096539,0.00596317251486762,-0.009065881203799187,-0.04849869727056188,-3.70053607949745e-05,0.1664110978159323,0.06211758870580494,0.012999165225253606,0.006668325725382414,-0.008128209971713936,-0.038906846547067914,-0.00013808094407643628
3,13,952875,0.4,33.60000000000023,16.833270091479736,-3.396789564937683,-26.262566975441167,-18.356846263603813,32.0421008812643,-2.3421883402870707,-1.18799159112836,0.1508315485081952,0.15736785640954554,1,1,3,1,0.7719292269862194,0.01528455636163237,0.005621449197073636,0.06429468010349251,-0.07333813197756212,-0.00012628538102507183,0.16026017358332284,0.05973182791625909,0.013393518693096539,0.00596317251486762,-0.009065881203799187,-0.04849869727056188,-3.70053607949745e-05
3,13,952875,0.4,33.75000000000022,16.322643506246667,-3.40765698595494,-26.636887559205118,-18.531449706438487,32.44901242047276,-2.5702313460805235,-1.157003424187672,0.16635478457979425,0.1508315485081952,1,1,3,1,0.7709880381235282,0.011766348902048928,0.005369852603162686,0.056975403051741584,0.019635658906807466,1.0120360038677567e-05,0.15629090155037714,0.053748135591802804,0.01528455636163237,0.005621449197073636,0.06429468010349251,-0.07333813197756212,-0.00012628538102507183
3,13,952875,0.4,33.90000000000021,15.825665490490085,-3.265823634012926,-27.04294907574362,-18.702928273587624,32.8803987311624,-2.7725515807447527,-1.1413919250102345,0.1519447132981238,0.16635478457979425,1,1,3,1,0.7699499842677502,0.012842138673068488,0.00546488885202265,0.053217978907237104,0.00586751421101264,-8.24720865709265e-05,0.1554461606653041,0.04738987798832303,0.011766348902048928,0.005369852603162686,0.056975403051741584,0.019635658906807466,1.0120360038677567e-05
3,13,952875,0.4,34.0500000000002,15.336060379125886,-3.2631027931138528,-27.48007489772556,-18.875173405665617,33.33806664278169,-2.9812607316652615,-1.156387181215313,0.1690834887120865,0.1519447132981238,1,1,3,1,0.7690018492567698,0.009601010401844176,0.005205538078548998,0.19229139261542633,0.041397048893477714,-7.804087558386328e-06,0.15727182793895028,0.04185696658260488,0.012842138673068488,0.00546488885202265,0.053217978907237104,0.00586751421101264,-8.24720865709265e-05
3,13,952875,0.4,34.200000000000195,14.86353242182923,-3.0939170824789812,-27.943946028262655,-19.05067497208452,33.81999906153848,-3.1431544405048037,-1.1810177225332215,0.16257268811816422,0.1690834887120865,1,1,3,1,0.7679467682872065,0.0063089894100846165,0.00421355779719801,0.18836716694357505,0.05868803110413861,-4.455518956006053e-05,0.16670452976273858,0.0381563716837143,0.009601010401844176,0.005205538078548998,0.19229139261542633,0.041397048893477714,-7.804087558386328e-06
3,13,952875,0.4,34.350000000000186,14.409891242587456,-2.9899733560006347,-28.430017584412518,-19.231660194322863,34.32379136517275,-3.2828527541538994,-1.2227239040234288,0.149888034696602,0.16257268811816422,1,1,3,1,0.7669323147133492,0.009552242648150685,0.005530095107502935,0.013881376637703929,0.01816364625970656,8.292550749830163e-05,0.1857070215111292,0.03746964888137907,0.0063089894100846165,0.00421355779719801,0.18836716694357505,0.05868803110413861,-4.455518956006053e-05
3,13,952875,0.4,34.50000000000018,13.95893516165032,-3.015259194419272,-28.934230291912005,-19.419861238925527,34.84710451564836,-3.3945332545382754,-1.273476586528413,0.16421815055108874,0.149888034696602,1,1,3,1,0.7659970133768423,0.0093351616741356,0.0043429757670422784,-0.0792817681208848,0.05435292532959441,-4.813796404877777e-05,0.20711641136693182,0.03840672839360462,0.009552242648150685,0.005530095107502935,0.013881376637703929,0.01816364625970656,8.292550749830163e-05
3,13,952875,0.4,34.65000000000017,13.51733046654807,-2.909127626572296,-29.44797950356521,-19.615252272505536,35.382787037716945,-3.435082517036952,-1.3195297145326204,0.1525901203604635,0.16421815055108874,1,1,3,1,0.7649722921174036,0.01274071441252489,0.005388150302809598,-0.06992437860679017,0.006587632226942369,-3.781267279443781e-05,0.22414317854615742,0.041471640103706124,0.0093351616741356,0.0043429757670422784,-0.0792817681208848,0.05435292532959441,-4.813796404877777e-05
3,13,952875,0.4,34.80000000000016,13.07982414170662,-2.920993285455816,-29.96685870590371,-19.817678146306434,35.927050920026666,-3.468054881918808,-1.3666115806325672,0.1644269988058612,0.1525901203604635,1,1,3,1,0.7640201297663541,0.0122676302383794,0.006186311460424369,-0.03223005026840493,0.0839100114063569,-4.910550630122381e-05,0.23568015705260573,0.04540596371744881,0.01274071441252489,0.005388150302809598,-0.06992437860679017,0.006587632226942369,-3.781267279443781e-05
3,13,952875,0.4,34.95000000000015,12.651434686878176,-2.8238046268934416,-30.48632143291514,-20.025824129384826,36.4753262709475,-3.458761350537478,-1.3998480653542507,0.1487934544034366,0.1644269988058612,1,1,3,1,0.7629941052938056,0.015317981722652385,0.0049229507961683315,-0.019999212008649677,-0.020448549924259846,-6.861902694885987e-05,0.24361523525829357,0.05211391719247667,0.0122676302383794,0.006186311460424369,-0.03223005026840493,0.0839100114063569,-4.910550630122381e-05
3,13,952875,0.4,35.10000000000014,12.222319562327396,-2.8795341723450707,-31.0072020228295,-20.239185657372417,37.02797879115401,-3.4787890768118794,-1.4353613473089997,0.16490849139177083,0.1487934544034366,1,1,3,1,0.7620656341383282,0.014758978250277645,0.007619426772979339,-0.13125549038469925,0.054675465898671644,7.51740227298495e-06,0.2492795350371075,0.05897804155330644,0.015317981722652385,0.0049229507961683315,-0.019999212008649677,-0.020448549924259846,-6.861902694885987e-05
3,13,952875,0.4,35.250000000000135,11.799917051988466,-2.784367634052005,-31.52738314901745,-20.455440270194476,37.581922846927924,-3.46306734534428,-1.4464935703447446,0.14222167496515165,0.16490849139177083,1,1,3,1,0.7610366051520435,0.020631814566363378,0.008257139319557483,-0.10719084141436716,-0.018218533908111418,-0.00010904112011847975,0.24889690277919016,0.06682888242295966,0.014758978250277645,0.007619426772979339,-0.13125549038469925,0.054675465898671644,7.51740227298495e-06
3,13,952875,0.4,35.40000000000013,11.370064496609153,-2.9061401352494065,-32.05164749321868,-20.67417271011055,38.14091666802243,-3.5130789618467486,-1.4660421008040723,0.1611264994276198,0.14222167496515165,1,1,3,1,0.7601491419002608,0.021254592408881962,0.007688257399015185,0.04471302527614541,-0.07675800296351325,-4.902812645128889e-05,0.24167158547704312,0.07424208210206995,0.020631814566363378,0.008257139319557483,-0.10719084141436716,-0.018218533908111418,-0.00010904112011847975
3,13,952875,0.4,35.55000000000012,10.94010652886876,-2.846180235188931,-32.580818237769776,-20.893711852817297,38.7047401752182,-3.537529655261725,-1.4649849501475685,0.16027511954944462,0.1611264994276198,1,1,3,1,0.7591437125438325,0.01870077933330409,0.009353490802172258,0.022018337987061674,0.0047946737865241515,-0.00011691951291110342,0.2340050240273265,0.07776489266475665,0.021254592408881962,0.007688257399015185,0.04471302527614541,-0.07675800296351325,-4.902812645128889e-05
3,13,952875,0.4,35.70000000000011,10.518690607941828,-2.790795668846663,-33.11627851444165,-21.113083171678426,39.274039563817226,-3.5875720287593587,-1.4645075988511318,0.1573086151437676,0.16027511954944462,1,1,3,1,0.7581435957978441,0.018635389650093894,0.009226336289338189,0.09150870856415556,-0.019096985490865633,-3.208685151474492e-05,0.22785485646567397,0.079571715343033,0.01870077933330409,0.009353490802172258,0.022018337987061674,0.0047946737865241515,-0.00011691951291110342
3,13,952875,0.4,35.8500000000001,10.10297851916204,-2.7615713305647294,-33.661206074234805,-21.333231148470944,39.852020596278344,-3.656166278922174,-1.472910742712208,0.15453378827487396,0.1573086151437676,1,1,3,1,0.7571619900393468,0.019037385366826663,0.008907769081144627,0.1481904788479401,-0.09425308020103113,-1.4286807674474956e-05,0.2253141947053002,0.08035512342858361,0.018635389650093894,0.009226336289338189,0.09150870856415556,-0.019096985490865633,-3.208685151474492e-05
3,13,952875,0.4,36.00000000000009,9.689065073062572,-2.75840352231484,-34.21692142350369,-21.555931912527036,40.44077042193592,-3.728004276899236,-1.495050022464492,0.16243587724493713,0.15453378827487396,1,1,3,1,0.7561976992005116,0.015358525666601978,0.008640804185908858,0.09640817272170857,-0.011118240170644986,-2.248573163417716e-06,0.2294960619170753,0.07698784045578203,0.019037385366826663,0.008907769081144627,0.1481904788479401,-0.09425308020103113,-1.4286807674474956e-05
3,13,952875,0.4,36.150000000000084,9.283166688201803,-2.6800662283681578,-34.78019964972869,-21.78305826839558,41.03856619326879,-3.765909129579594,-1.528978169479846,0.1614210292878432,0.16243587724493713,1,1,3,1,0.7551840993265031,0.012618887025243379,0.009635607323522142,0.06993904422339395,0.044218723629779,2.557594919826638e-05,0.23912497762905222,0.07145927625055568,0.015358525666601978,0.008640804185908858,0.09640817272170857,-0.011118240170644986,-2.248573163417716e-06
3,13,952875,0.4,36.300000000000075,8.887826296628916,-2.613840245923032,-35.346388100787095,-22.01736675531022,41.64290564561151,-3.7748028451919318,-1.5838306168028047,0.15645535249868608,0.1614210292878432,1,1,3,1,0.754176832103747,0.014188679573887312,0.009625037733473674,-0.06975985144015348,0.03253078552579257,0.00010113406227822622,0.25201719866629146,0.06743553846950356,0.012618887025243379,0.009635607323522142,0.06993904422339395,0.044218723629779,2.557594919826638e-05
3,13,952875,0.4,36.45000000000007,8.497190148536465,-2.5998918102673025,-35.91048624265426,-22.262292011428464,42.25130374066548,-3.7492379898043025,-1.6623324909486787,0.16580783357029782,0.15645535249868608,1,1,3,1,0.7532005507041551,0.014248223612323264,0.009192248788226286,-0.1293456767766624,0.07201235663397983,3.5294989154940795e-05,0.2623242777682159,0.06538134366569692,0.014188679573887312,0.009625037733473674,-0.06975985144015348,0.03253078552579257,0.00010113406227822622
3,13,952875,0.4,36.60000000000006,8.117170779662533,-2.500451880226158,-36.46391835637174,-22.520005799944286,42.85753146332239,-3.656165178916725,-1.7505855139185256,0.15916701179353382,0.16580783357029782,1,1,3,1,0.7521659098226766,0.016200613733476157,0.009539082751770421,-0.09414289563730405,0.08777498396030217,-6.173354161338798e-05,0.2654633614319083,0.06641496225816992,0.014248223612323264,0.009192248788226286,-0.1293456767766624,0.07201235663397983,3.5294989154940795e-05
3,13,952875,0.4,36.75000000000005,7.745627792917729,-2.465117194796929,-37.00137639050133,-22.792679181421278,43.45811867831768,-3.544185334521925,-1.8553684635403687,0.15796369121863674,0.15916701179353382,1,1,3,1,0.7511727076690848,0.01759943909298377,0.005878255603112256,0.04719894450129286,-0.018476428013508444,-4.7404787336719505e-05,0.2620948502679417,0.07162726927515708,0.016200613733476157,0.009539082751770421,-0.09414289563730405,0.08777498396030217,-6.173354161338798e-05
3,13,952875,0.4,36.90000000000004,7.378355831080482,-2.440018668777141,-37.51945959221804,-23.08232459152047,44.05114705249334,-3.40701162803786,-1.972364601820146,0.1563969613303265,0.15796369121863674,1,1,3,1,0.7501870142358805,0.017711707971848366,0.006421669914397022,0.04049542886808661,-0.049832889841074784,-9.205083781831646e-05,0.25846486840638405,0.0771794782691983,0.01759943909298377,0.005878255603112256,0.04719894450129286,-0.018476428013508444,-4.7404787336719505e-05
3,13,952875,0.4,37.05000000000003,7.013452454518077,-2.428954286536221,-38.01484571919758,-23.39011054130421,44.63435634339118,-3.248851360403746,-2.095471577797561,0.15328479866243822,0.1563969613303265,1,1,3,1,0.7492110971971792,0.017326440197412182,0.00865024777045307,0.023875260078493537,-0.006353110033808604,-5.8620555995911696e-05,0.2568831588025831,0.08000040074576595,0.017711707971848366,0.006421669914397022,0.04049542886808661,-0.049832889841074784,-9.205083781831646e-05
3,13,952875,0.4,37.200000000000024,6.647299099213649,-2.4470214393572842,-38.48507452788066,-23.71702541138368,45.206174974009336,-3.076952244116983,-2.2252517656730344,0.1584839167126808,0.15328479866243822,1,1,3,1,0.7482546000535255,0.01427881504141468,0.010296049406867873,0.1419702955381205,-0.010493171916995727,1.9304014099424445e-05,0.25649512398566926,0.08126352051324112,0.017326440197412182,0.00865024777045307,0.023875260078493537,-0.006353110033808604,-5.8620555995911696e-05
3,13,952875,0.4,37.350000000000016,6.283459101606905,-2.4150388470852118,-38.9267236959336,-24.06323904472898,45.76384261645134,-2.877394723271847,-2.3531310635005775,0.16412748817353934,0.1584839167126808,1,1,3,1,0.7472656604132384,0.010869026696187677,0.010618803962017458,0.033865444039985565,0.03582953921337835,-4.6941884537799685e-05,0.2613430643229354,0.08164317750923752,0.01427881504141468,0.010296049406867873,0.1419702955381205,-0.010493171916995727,1.9304014099424445e-05
3,13,952875,0.4,37.50000000000001,5.929669824889324,-2.330742113594397,-39.3355363438228,-24.428345108793494,46.30365497679983,-2.649113044550993,-2.4776603835456195,0.15750809405869792,0.16412748817353934,1,1,3,1,0.7462415048870356,0.009949162235163941,0.010313684299086363,-0.05893716939616627,0.048683776048825074,1.718982006463109e-05,0.26930763037669153,0.08280009315659134,0.010869026696187677,0.010618803962017458,0.033865444039985565,0.03582953921337835,-4.6941884537799685e-05
3,13,952875,0.4,37.65,5.58197419913985,-2.3118982362624587,-39.71059091391414,-24.812602593013665,46.82516714514822,-2.4269914021603487,-2.606205836391619,0.15154630196275531,0.15750809405869792,1,1,3,1,0.7452586543801093,0.013404712188273056,0.011141238863790441,-0.061565312481323846,-0.020393240344086096,5.368295019277112e-05,0.27486222301786,0.08600245957257117,0.009949162235163941,0.010313684299086363,-0.05893716939616627,0.048683776048825074,1.718982006463109e-05
3,13,952875,0.4,37.79999999999999,5.231100364289583,-2.3529063415138434,-40.05326363233378,-25.21577088842851,47.32968443903837,-2.2157630538176933,-2.730644879338883,0.16132322631610052,0.15154630196275531,1,1,3,1,0.7443130054558618,0.011335470279956595,0.011644238935544298,0.02083812949886426,0.014743311675268427,-5.680543204994912e-05,0.2763465988716843,0.0887948062881116,0.013404712188273056,0.011141238863790441,-0.061565312481323846,-0.020393240344086096,5.368295019277112e-05
3,13,952875,0.4,37.94999999999998,4.8833201282204985,-2.301390570368251,-40.36274614558639,-25.63538139948897,47.81552107747352,-1.990336378545459,-2.832576510484507,0.1522092659085239,0.16132322631610052,1,1,3,1,0.7433063485236494,0.012120204166663436,0.012718449733485168,0.04146498039961636,-0.005866128011366538,-6.656458830523986e-05,0.27702279569745625,0.09122618932642468,0.011335470279956595,0.011644238935544298,0.02083812949886426,0.014743311675268427,-5.680543204994912e-05
3,13,952875,0.4,38.09999999999997,4.53457350876567,-2.336862927416997,-40.64205927621745,-26.069711496415728,48.28464393280667,-1.8014801721147862,-2.9285587903452828,0.15983868598667145,0.1522092659085239,1,1,3,1,0.7423565627043803,0.010650185394361961,0.011476856565668957,7.73065848572582e-05,-0.019456283424301272,-6.25906638317019e-05,0.2792045991234831,0.09317380199264311,0.012120204166663436,0.012718449733485168,0.04146498039961636,-0.005866128011366538,-6.656458830523986e-05
3,13,952875,0.4,38.249999999999964,4.187675524420538,-2.3006628623483345,-40.8922326129455,-26.516179955099037,48.73686989828583,-1.6044361588903242,-3.00188854636554,0.1495486621475136,0.15983868598667145,1,1,3,1,0.7413591693038234,0.012872791716141868,0.013343379979136257,-0.05154173888277419,-0.03473349788590042,-3.641461422357857e-05,0.2816537260225166,0.09380505863807709,0.010650185394361961,0.011476856565668957,7.73065848572582e-05,-0.019456283424301272,-6.25906638317019e-05
3,13,952875,0.4,38.399999999999956,3.8363258799751208,-2.3631410647345263,-41.11639625363333,-26.972944194176954,49.174157434449015,-1.4429798730472845,-3.0683277260883375,0.1533314149896136,0.1495486621475136,1,1,3,1,0.7404259856520228,0.012836010574123428,0.015389735093868697,-0.08967454515849921,0.0386076305192231,5.898357363481553e-05,0.2816785072386454,0.09238257180315991,0.012872791716141868,0.013343379979136257,-0.05154173888277419,-0.03473349788590042,-3.641461422357857e-05
3,13,952875,0.4,38.54999999999995,3.479226812326461,-2.389185626105551,-41.316313870628775,-27.43747575908577,49.596903813511695,-1.2815472266565775,-3.1127493584502917,0.15398415344663424,0.1533314149896136,1,1,3,1,0.7394691976224878,0.013804015211791329,0.015060647380656607,-0.09945745982116339,0.05083227942686614,1.2805052214645299e-05,0.27707854501628293,0.09141748216153395,0.012836010574123428,0.015389735093868697,-0.08967454515849921,0.0386076305192231,5.898357363481553e-05
3,13,952875,0.4,38.69999999999994,3.1190861786153157,-2.406362301329756,-41.492912916529654,-27.906968239613775,50.004606774031586,-1.1294619894896847,-3.13983139782553,0.15676141469795118,0.15398415344663424,1,1,3,1,0.7385083365049808,0.0126647278298597,0.014123862777562127,-0.01584072319208018,0.029823196881461952,-4.2259985534186096e-05,0.2670859186425731,0.09263728882245753,0.013804015211791329,0.015060647380656607,-0.09945745982116339,0.05083227942686614,1.2805052214645299e-05
3,13,952875,0.4,38.84999999999993,2.759515391314448,-2.391981766177063,-41.64750224804621,-28.378389286319987,50.39689893224518,-0.9854250381884446,-3.145392072571009,0.1673411546295721,0.15676141469795118,1,1,3,1,0.7375301452772657,0.009403804347476839,0.0136446286134149,-0.08299404083987891,0.07373818959375424,-8.882267028625029e-05,0.25497701992739136,0.09535872141270292,0.0126647278298597,0.014123862777562127,-0.01584072319208018,0.029823196881461952,-4.2259985534186096e-05
3,13,952875,0.4,38.99999999999992,2.4127829563240795,-2.2707323942085234,-41.77946195169925,-28.847396059903517,50.77101240285072,-0.8312998516564281,-3.118217903455988,0.1504902613880436,0.1673411546295721,1,1,3,1,0.7364859364723773,0.012267363933780022,0.014183769420607601,0.030108563996896837,-0.0020442002893228733,-1.755552730750624e-05,0.23998309942737703,0.10072331264621427,0.009403804347476839,0.0136446286134149,-0.08299404083987891,0.07373818959375424,-8.882267028625029e-05
3,13,952875,0.4,39.14999999999991,2.068608649181593,-2.305849070813072,-41.893160266746584,-29.31192617361137,51.129501201777416,-0.7253836988563442,-3.087151363596847,0.16776673114221902,0.1504902613880436,1,1,3,1,0.7355468772413158,0.009252295891429093,0.014361630170517344,0.007620003137191719,0.02427871560060023,-4.127036480454347e-05,0.22525099002351032,0.10656500364093334,0.012267363933780022,0.014183769420607601,0.030108563996896837,-0.0020442002893228733,-1.755552730750624e-05
3,13,952875,0.4,39.299999999999905,1.7362224859185016,-2.1704819927355334,-41.98824029578611,-29.767477716058853,51.46955461933528,-0.5921583685690894,-3.013093678092064,0.1493788572267074,0.16776673114221902,1,1,3,1,0.7345000128389885,0.009162331679969988,0.014546914283490099,0.06721828076009731,-0.02601697951622869,-4.277946535715324e-05,0.21199553100143764,0.11243017251036505,0.009252295891429093,0.014361630170517344,0.007620003137191719,0.02427871560060023,-4.127036480454347e-05
3,13,952875,0.4,39.449999999999896,1.4068894147764013,-2.2077805960623844,-42.06782962496227,-30.212387000811354,51.79276607443986,-0.5034430529854568,-2.9442222431191682,0.17135874134970192,0.1493788572267074,1,1,3,1,0.7335678887698938,0.00509977566634031,0.013573899864565036,0.006059014818309564,-0.0016962805081601924,-3.217659072665464e-05,0.20195762274332482,0.11694785827886936,0.009162331679969988,0.014546914283490099,0.06721828076009731,-0.02601697951622869,-4.277946535715324e-05
3,13,952875,0.4,39.59999999999989,1.0934695500771419,-2.030057631958315,-42.13054954816599,-30.642722167666832,52.095677623727,-0.3794706536451844,-2.833359924899386,0.15058980686485707,0.17135874134970192,1,1,3,1,0.7324986102238716,0.005263576002188589,0.01377073202916846,0.07786772176618899,-0.03944160321816108,-4.355512797076761e-05,0.19381795242646604,0.1201925144509003,0.00509977566634031,0.013573899864565036,0.006059014818309564,-0.0016962805081601924,-3.217659072665464e-05
3,13,952875,0.4,39.74999999999988,0.7869232898505629,-2.0502592427642234,-42.17909961344972,-31.05822597903103,52.380242889527274,-0.2999118053091352,-2.7410817191310506,0.16458063055421024,0.15058980686485707,1,1,3,1,0.7315589298290348,0.003912100820344109,0.013936751270900759,-0.09252928798191348,0.002839787015542757,4.327567459628347e-05,0.18904198811094494,0.12131606624981221,0.005263576002188589,0.01377073202916846,0.07786772176618899,-0.03944160321816108,-4.355512797076761e-05
3,13,952875,0.4,39.89999999999987,0.49100778722298166,-1.9338069822543607,-42.21396295995142,-31.45741652868702,52.64587090592634,-0.2039137082322866,-2.624551269018157,0.14208261133831052,0.16458063055421024,1,1,3,1,0.7305319466943766,0.007721447506138617,0.014284078605645924,-0.006305262079848446,-0.06921488386621055,7.15794734945813e-05,0.1824341697404814,0.12132633859694142,0.003912100820344109,0.013936751270900759,-0.09252928798191348,0.002839787015542757,4.327567459628347e-05
3,13,952875,0.4,40.04999999999986,0.19099238262668372,-2.032930745272793,-42.23971700105163,-31.84204514244003,52.897159953839854,-0.16207624470281323,-2.5377017253876577,0.15993380541513447,0.14208261133831052,1,1,3,1,0.7296453511996255,0.006471279664028878,0.015825460180698483,0.0029814954433079106,-0.01484791707866952,-2.4777289915450757e-06,0.17417464344209427,0.11841883413067977,0.007721447506138617,0.014284078605645924,-0.006305262079848446,-0.06921488386621055,7.15794734945813e-05
4,22,797010,0,0,335.29243552987464,-20.12167484057136,-49.898011586170846,18.618634481177075,53.25847453877473,-3.0165914321849545,2.13010272760897,0.4057647718079039,0,1,0,1,1,1,0.002752881274978427,-0.0011654734733334842,-0.09711812938862217,0.13680979076480446,-0.00028940347892417536,0.05652420233935118,0.07910616680979729,0,0,0,0,0
4,22,797010,0,0.15000000000000002,332.2157875535723,-20.552860950643215,-50.33176471834089,18.960370522955046,53.784590637376496,-2.809125890487427,2.36832743152697,0.7140962965901405,0.4057647718079039,1,0.375,1,1,0.9993153881825536,0.005705432902324021,-0.0015411340106250037,0.6104937896223686,-0.483887005107945,0.0013347342082151287,0.052902923082297514,0.08417426647998834,0.002752881274978427,-0.0011654734733334842,-0.09711812938862217,0.13680979076480446,-0.00028940347892417536
4,22,797010,0,0.3,329.21398359567735,-19.647146878035546,-50.7210923861729,19.349601812512887,54.2866125591705,-2.4709356740244486,2.718936919539653,0.546188236383361,0.7140962965901405,1,0.75,1,1,0.9977348875103889,0.009039909108479842,-0.004004847925718432,0.5198012311089178,-0.599051304140111,-0.0008552264353747168,0.06346338107595673,0.07852447772172257,0.005705432902324021,-0.0015411340106250037,0.6104937896223686,-0.483887005107945,0.0013347342082151287
4,22,797010,0,0.44999999999999996,326.47682223434737,-17.037535787708006,-51.03961575463925,19.79506872451877,54.743831818659174,-1.8819041897810544,3.115847562450092,0.11591451196218228,0.546188236383361,1,1,3,1,0.995011467409762,0.0008122282218251591,0.0024615170099400526,-0.2727874794320007,-0.18927382111311813,-0.00021755782530987855,0.10295296314447379,0.04260964419359549,0.009039909108479842,-0.004004847925718432,0.5198012311089178,-0.599051304140111,-0.0008552264353747168
4,22,797010,0,0.6,324.0541733734517,-16.1431731242025,-51.26651100850806,20.28711446877403,55.13458229146765,-1.3604974967404604,3.342058018279548,0.29028650777272746,0.11591451196218228,1,1,3,1,0.9934342221615258,-0.005179405087070667,0.004864175215608489,-0.2140922555581789,0.1370500070429925,-0.0005618177987471989,0.14805434167718123,-0.009793936161965621,0.0008122282218251591,0.0024615170099400526,-0.2727874794320007,-0.18927382111311813,-0.00021755782530987855
4,22,797010,0,0.7500000000000001,321.74459200237834,-14.98837866442171,-51.406253128422264,20.79708413317495,55.453778673285925,-0.695662221051268,3.4153826818910744,0.12026463536341792,0.29028650777272746,1,1,3,1,0.9916735281043098,0.004271204938490284,-0.00281424673291785,-0.3031377802171478,0.10490286277266309,-8.329539128414851e-05,0.1780788602264462,-0.05729528671407849,-0.005179405087070667,0.004864175215608489,-0.2140922555581789,0.1370500070429925,-0.0005618177987471989
4,22,797010,0,0.9000000000000002,319.4702707854699,-15.280415113837488,-51.46260595635421,21.314077800466052,55.701792828447665,-0.2134357091344261,3.461410279560009,0.24683840783024819,0.12026463536341792,1,1,3,1,0.9908814312850306,0.0033189726669672474,-0.005777951647737022,-0.048120486258709634,0.20808802968769893,0.0005645623728255749,0.19108215743930063,-0.09535479957869991,0.004271204938490284,-0.00281424673291785,-0.3031377802171478,0.10490286277266309,-8.329539128414851e-05
4,22,797010,0,1.0500000000000003,317.25811826854465,-14.482372003687559,-51.42595352073786,21.819038798180703,55.86321821729935,0.4791730334191828,3.313236066864462,0.13084126999633333,0.24683840783024819,1,1,3,1,0.9893411596201699,0.007411295843949295,-0.011498047270276427,-0.01824884644475384,0.11287161923526029,-1.6997477887696568e-05,0.1958373188593496,-0.12111402035579125,0.0033189726669672474,-0.005777951647737022,-0.048120486258709634,0.20808802968769893,0.0005645623728255749
4,22,797010,0,1.2000000000000004,315.05896537280705,-14.75069319411845,-51.30682506796751,22.309080086369942,55.947165726738,0.9561737378700104,3.242401892427571,0.21627328277622365,0.13084126999633333,1,1,3,1,0.9885247100953927,0.003099892769458793,-0.01385638774086264,-0.04407831095562819,0.1527598370253612,7.932865047941947e-05,0.19855685868507764,-0.13695955919693845,0.007411295843949295,-0.011498047270276427,-0.01824884644475384,0.11287161923526029,-1.6997477887696568e-05
4,22,797010,0,1.3500000000000005,312.8969528725418,-14.245093707950671,-51.10364708996583,22.77140084139011,55.94747038227051,1.5575061827376073,3.000662337071145,0.1485116794463811,0.21627328277622365,1,1,3,1,0.9871751648108691,0.002295409295592214,-0.01638836241667285,-0.13930676442837264,0.10710955575389132,-2.196656301071663e-05,0.19898972233319595,-0.14359118451602143,0.003099892769458793,-0.01385638774086264,-0.04407831095562819,0.1527598370253612,7.932865047941947e-05
4,22,797010,0,1.5000000000000007,310.7491201687155,-14.355612979642704,-50.825578813140325,23.20407236616418,55.871893077511906,2.0049535260885047,2.8264797180928447,0.2028764898464091,0.1485116794463811,1,1,3,1,0.9862484519311236,-0.00042018287082859045,-0.016980721725120985,-0.10669000674161143,0.1121747139485042,0.00016910346035215062,0.1933648553459812,-0.14256145038200635,0.002295409295592214,-0.01638836241667285,-0.13930676442837264,0.10710955575389132,-2.196656301071663e-05
4,22,797010,0,1.6500000000000008,308.63450176720954,-13.967729340882723,-50.4754223933098,23.599585264834026,55.719912871927676,2.5009318866065886,2.543147137821989,0.166575029855334,0.2028764898464091,1,1,3,1,0.9849825026344821,-0.001921688478846853,-0.018900974695111185,-0.10692545724061275,0.07930944021947944,-3.722171901045724e-05,0.1816444286676036,-0.13491683170173488,-0.00042018287082859045,-0.016980721725120985,-0.10669000674161143,0.1121747139485042,0.00016910346035215062
4,22,797010,0,1.800000000000001,306.54561059117833,-13.904238867633445,-50.06171239392665,23.95634320113715,55.49848130699523,2.8887480860156156,2.2978402456965217,0.17487295468659553,0.166575029855334,1,1,3,1,0.9839430744481846,0.0014324533765886238,-0.016825737916892982,-0.012638759920882607,-0.01637097894995474,9.62750398244516e-05,0.16486872471799172,-0.12219067567236061,-0.001921688478846853,-0.018900974695111185,-0.10692545724061275,0.07930944021947944,-3.722171901045724e-05
4,22,797010,0,1.950000000000001,304.47458146387856,-13.757301466490109,-49.592593652469056,24.27452975032073,55.21483622884451,3.2493556278248565,2.035195045018686,0.18022600485156237,0.17487295468659553,1,1,3,1,0.9828518672109403,-0.003821824244732117,-0.018168230559219286,-0.10469441109677746,-0.018609409627042328,5.351477188370568e-05,0.1467905763579512,-0.10889199573101985,0.0014324533765886238,-0.016825737916892982,-0.012638759920882607,-0.01637097894995474,9.62750398244516e-05
4,22,797010,0,2.1000000000000005,302.43137368075224,-13.55261842747013,-49.073599840287145,24.551721625030435,54.8726273841304,3.568368665017561,1.7565990171945112,0.16605825832376137,0.18022600485156237,1,1,3,1,0.9817272569406664,-0.002787184432838079,-0.016966573321656735,0.07303340723618458,-0.11095692560989756,0.00016571920661839326,0.12588378232861938,-0.09683838639971945,-0.003821824244732117,-0.018168230559219286,-0.10469441109677746,-0.018609409627042328,5.351477188370568e-05
4,22,797010,0,2.25,300.4064333529551,-13.472517874189318,-48.51174103822713,24.78814680207333,54.47789680633007,3.8388979797321534,1.4876557933324754,0.1803808641237507,0.16605825832376137,1,1,3,1,0.9806910534087262,-0.0056031706266539295,-0.013127217656458953,0.007860794738928683,-0.04135653135547632,5.805323347407785e-05,0.1072689422766274,-0.08943796419536737,-0.002787184432838079,-0.016966573321656735,0.07303340723618458,-0.11095692560989756,0.00016571920661839326
4,22,797010,0,2.3999999999999995,298.4073615184714,-13.254076769707192,-47.910659306203414,24.982057394277525,54.03271663359221,4.09706778009731,1.1966763271128877,0.16550045921237444,0.1803808641237507,1,1,3,1,0.9795654768165941,-0.006436834829574826,-0.00960917519814855,-0.09473618456826932,0.010290293207590603,3.392775189268247e-05,0.09165298064818621,-0.08556762647984811,-0.0056031706266539295,-0.013127217656458953,0.007860794738928683,-0.04135653135547632,5.805323347407785e-05
4,22,797010,0,2.549999999999999,296.42757036519055,-13.170559518956255,-47.2735556981401,25.132964901766528,53.53928457776199,4.328805784978931,0.9123817677000099,0.18791228176335223,0.16550045921237444,1,1,3,1,0.978532753951109,-0.010785080507997195,-0.011661699980614134,0.044749653035295836,-0.015562981911826304,0.0001366571465062379,0.07391352369766191,-0.08196030121798904,-0.006436834829574826,-0.00960917519814855,-0.09473618456826932,0.010290293207590603,3.392775189268247e-05
4,22,797010,0,2.6999999999999984,294.4815215155492,-12.874943585028658,-46.60260301136796,25.238000589646987,52.997729019253114,4.551258870682479,0.5963994213371693,0.16593857581485955,0.18791228176335223,1,1,3,1,0.9773601813129055,-0.010175177812702621,-0.00982895280054005,-0.053978976844761314,-0.0011208620513197551,-1.880173374593065e-05,0.057620260578416516,-0.0785924045415783,-0.010785080507997195,-0.011661699980614134,0.044749653035295836,-0.015562981911826304,0.0001366571465062379
4,22,797010,0,2.849999999999998,292.55949640436484,-12.782593482475589,-45.900386392863574,25.297388096736256,52.409954355361435,4.753066432671198,0.29824036665229536,0.1703026822008501,0.16593857581485955,1,1,3,1,0.9763247245998207,-0.009161094682280373,-0.006317313911239517,-0.020874838029334992,-0.007622517543581062,6.070031673301248e-05,0.04156601129305259,-0.07541619721954773,-0.010175177812702621,-0.00982895280054005,-0.053978976844761314,-0.0011208620513197551,-1.880173374593065e-05
4,22,797010,0,2.9999999999999973,290.65560447874157,-12.647480652568252,-45.16916346788591,25.312203639901554,51.777997078840784,4.9414641344982195,0.0020732067207430704,0.1674851876161761,0.1703026822008501,1,1,3,1,0.9752620358628873,-0.010869326036955274,-0.0066834290682116,0.004254150334986256,0.0035977682361392448,6.345892768022299e-05,0.025137176276321737,-0.07250676473908507,-0.009161094682280373,-0.006317313911239517,-0.020874838029334992,-0.007622517543581062,6.070031673301248e-05
4,22,797010,0,3.149999999999997,288.73925711322084,-12.940272373349757,-44.41238667365408,25.285513509446414,51.10594176303342,5.102211004474339,-0.2567071312682443,0.24874402801948264,0.1674851876161761,1,1,3,0,0.9744849045923483,-0.010906524456275137,-0.004898420433343647,0.05277740106335477,-0.02661653829578068,3.890446579273565e-05,0.009864129384037228,-0.06960747658382387,-0.010869326036955274,-0.0066834290682116,0.004254150334986256,0.0035977682361392448,6.345892768022299e-05
4,22,797010,0,3.2999999999999963,286.79577879919594,-12.964601858384215,-43.63427596289219,25.21966527420024,50.39822968466782,5.234743047586329,-0.5265353033751665,0.24124007974853118,0.24874402801948264,1,1,3,0,0.9735297275247534,-0.013520675595446525,-0.001678948413927621,-0.07929147630548526,0.08019697312834792,-0.00021317267438942375,-0.0020849879805370174,-0.067675885430481,-0.010906524456275137,-0.004898420433343647,0.05277740106335477,-0.02661653829578068,3.890446579273565e-05
4,22,797010,0,3.4499999999999957,284.8443788446038,-13.031664686239871,-42.83996476398255,25.115037404465667,49.65911482101726,5.329513779383595,-0.7789467301342412,0.2511035725915979,0.24124007974853118,1,1,3,0,0.9726033656185189,-0.014471278188510007,-0.005081785316990929,0.015114298442241656,0.001082707823867145,-6.867435109974486e-05,-0.014853068779612478,-0.0633093265346999,-0.013520675595446525,-0.001678948413927621,-0.07929147630548526,0.08019697312834792,-0.00021317267438942375
4,22,797010,0,3.599999999999995,282.8886069519695,-13.041865089047514,-42.03638434844163,24.973251864892443,48.89499890374538,5.373678735410007,-1.0237974493279571,0.2455812110144367,0.2511035725915979,1,1,3,0,0.971639127899767,-0.01513281596578691,-0.004257350246261577,0.07104397145222166,-0.03458681115000598,-5.426833182733166e-05,-0.027231455615477584,-0.057624636169448726,-0.014471278188510007,-0.005081785316990929,0.015114298442241656,0.001082707823867145,-6.867435109974486e-05
4,22,797010,0,3.7499999999999947,280.9281339766691,-13.083787768613757,-41.23147221299384,24.796832671186028,48.113586556955845,5.364759334133201,-1.2479108186944774,0.25056952840723873,0.2455812110144367,1,1,3,0,0.9706960960494717,-0.016298946185688286,-0.0007398508083342844,-0.03489755338522642,0.05090767171231236,-3.0635126152230915e-05,-0.03545420832674823,-0.0534390363962375,-0.01513281596578691,-0.004257350246261577,0.07104397145222166,-0.03458681115000598,-5.426833182733166e-05
4,22,797010,0,3.899999999999994,278.96428151943974,-13.096622198061038,-40.43361887068817,24.58874601979893,47.32318634460541,5.298511837963224,-1.4525588561593747,0.2623294149951552,0.25056952840723873,1,1,3,0,0.9697339090603879,-0.019111081827915197,-0.00022157053289066755,-0.06296023183403536,0.06937007763135182,3.3973709351888895e-05,-0.04266661051168581,-0.04821752105400591,-0.016298946185688286,-0.0007398508083342844,-0.03489755338522642,0.05090767171231236,-3.0635126152230915e-05
4,22,797010,0,4.049999999999994,277.0052770449176,-13.04174346482007,-39.65227872128378,24.35156405202794,46.532804338126816,5.166198931298515,-1.6407890251603356,0.2456190544174207,0.2623294149951552,1,1,3,0,0.9687265641068067,-0.015940519381660218,-0.00030458959666569235,-0.0073711652948555565,-0.002265138164490796,6.624272661900467e-06,-0.051795425482728634,-0.0398470092279164,-0.019111081827915197,-0.00022157053289066755,-0.06296023183403536,0.06937007763135182,3.3973709351888895e-05
4,22,797010,0,4.199999999999993,275.0448720035567,-13.083201095963885,-38.895549591105315,24.088586063658404,45.75066946548882,4.9866524811570105,-1.804753936335157,0.2567897433742391,0.2456190544174207,1,1,3,0,0.9677833869378439,-0.017600724429858734,-0.0004569045404734059,0.04915709374986406,-0.010738156035244832,-3.279790450518827e-05,-0.06121906750149485,-0.030851916152607774,-0.015940519381660218,-0.00030458959666569235,-0.0073711652948555565,-0.002265138164490796,6.624272661900467e-06
4,22,797010,0,4.3499999999999925,273.08465165576996,-13.060634322262644,-38.17185569050851,23.802718473732494,44.98510835372938,4.7472137016975315,-1.9520745794090555,0.25234876969493414,0.2567897433742391,1,1,3,0,0.966797314323287,-0.018498517184542426,0.0014278138002367896,-0.016836089472832178,-0.008368055355697233,-2.2109605010031353e-05,-0.0678208830364746,-0.022875630503857453,-0.017600724429858734,-0.0004569045404734059,0.04915709374986406,-0.010738156035244832,-3.279790450518827e-05
4,22,797010,0,4.499999999999992,271.1252259493627,-13.063965690788523,-37.48814667724177,23.496593358097407,44.24309031623108,4.468543468510916,-2.0815288249573225,0.24564139744338553,0.25234876969493414,1,1,3,0,0.9658282950476583,-0.015138588406738634,0.0045001873478035465,0.009272834634149978,-0.024460505882213192,5.890344519359956e-05,-0.07316873679091256,-0.01595305406005735,-0.018498517184542426,0.0014278138002367896,-0.016836089472832178,-0.008368055355697233,-2.2109605010031353e-05
4,22,797010,0,4.6499999999999915,269.16145241895555,-13.105779446627489,-36.8483839520908,23.172566219048406,43.52896995171016,4.1698600777903465,-2.196406502709607,0.23823560484173723,0.24564139744338553,1,1,3,0,0.9648850320814756,-0.013462146526659885,0.0072876314012914395,0.10242270983974498,-0.011372596082418585,3.014144015114147e-05,-0.07764277558221681,-0.010644986307073749,-0.015138588406738634,0.0045001873478035465,0.009272834634149978,-0.024460505882213192,5.890344519359956e-05
4,22,797010,0,4.799999999999991,267.18714129916845,-13.190198434397269,-36.25440222633882,22.832252261037958,42.84499298752229,3.8633620886154203,-2.3024108194968878,0.25167539469076344,0.23823560484173723,1,1,3,0,0.9639702073588832,-0.016015508998754837,0.004830171649107128,0.02646163265501516,-0.031334062484045626,2.4633663714940094e-05,-0.07746670932985175,-0.006731897859613531,-0.013462146526659885,0.0072876314012914395,0.10242270983974498,-0.011372596082418585,3.014144015114147e-05
4,22,797010,0,4.94999999999999,265.20793751247675,-13.19686217408109,-35.70729701503178,22.47589211894917,42.19214129032015,3.549746151669467,-2.4103519858316496,0.25096884935760627,0.25167539469076344,1,1,3,0,0.9630037738432706,-0.014910921404115865,0.0060808443902455635,0.051689680141501014,-0.03389115269152724,4.355259185103112e-05,-0.07402570438577452,-0.0046057770235172464,-0.016015508998754837,0.004830171649107128,0.02646163265501516,-0.031334062484045626,2.4633663714940094e-05
4,22,797010,0,5.09999999999999,263.2274185779711,-13.20665096993708,-35.20542554411435,22.1032537239893,41.56892845538872,3.255618357382965,-2.519662094567433,0.2583726071456167,0.25096884935760627,1,1,3,0,0.9620400534617375,-0.015390915554218754,0.007723486517243773,-0.009670361432683723,0.021572623756287896,3.406707123968747e-05,-0.06796546367220617,-0.004608033659787331,-0.014910921404115865,0.0060808443902455635,0.051689680141501014,-0.03389115269152724,4.355259185103112e-05
4,22,797010,0,5.249999999999989,261.2498088899066,-13.172653271749834,-34.745382047719914,21.713911047349363,40.97237492035601,2.9853206812045103,-2.6321867664707974,0.24152913864432646,0.2583726071456167,1,1,3,0,0.9610479026502984,-0.011572692931879175,0.009741482077553529,-0.07961383731187374,0.03290668249086674,5.1219234355467905e-05,-0.061262562856626,-0.004645436300740328,-0.015390915554218754,0.007723486517243773,-0.009670361432683723,0.021572623756287896,3.406707123968747e-05
4,22,797010,0,5.399999999999989,259.2676929168436,-13.234754332844041,-34.32146896329885,21.307395295664424,40.3976277284247,2.7590046557240173,-2.747358651723191,0.27450376432767704,0.24152913864432646,1,1,3,0,0.9601204307579042,-0.015191388203962044,0.00907183808185834,-0.007403023447971645,0.09495538245873025,2.30323868656649e-05,-0.05773667607583849,-0.0033428422246034226,-0.011572692931879175,0.009741482077553529,-0.07961383731187374,0.03290668249086674,5.1219234355467905e-05
4,22,797010,0,5.549999999999988,257.29536081396196,-13.105902358771212,-33.93069308479435,20.883694060385935,39.8424473498091,2.5404169619642936,-2.8608487233081457,0.25481266966124505,0.27450376432767704,1,1,3,0,0.959066336302886,-0.012891697057868893,0.005982059832221259,0.11928790355888598,-0.01914998541908832,1.1415874992400663e-05,-0.05570922138983649,0.0016829734712966737,-0.015191388203962044,0.00907183808185834,-0.007403023447971645,0.09495538245873025,2.30323868656649e-05
4,22,797010,0,5.699999999999988,255.33102900335467,-13.090288409003273,-33.56914069375196,20.443097180021788,39.30403833232317,2.357556557816454,-2.9726210109430733,0.260627412195928,0.25481266966124505,1,1,3,0,0.9580878556513869,-0.0133467569609835,0.0065307245922242236,0.0672685589107574,-0.01772341079728035,-5.742245131349044e-05,-0.04911476553788355,0.0071636033893426355,-0.012891697057868893,0.005982059832221259,0.11928790355888598,-0.01914998541908832,1.1415874992400663e-05
4,22,797010,0,5.849999999999987,253.37249101153236,-13.040115645459588,-33.232664305346375,19.986834252138685,38.77993708419738,2.1983644601927086,-3.0733358737375935,0.26037085870334836,0.260627412195928,1,1,3,0,0.9570870463885546,-0.013571431181354334,0.008787887933435622,-0.01889186149845584,-0.014687980128235696,3.6287517060696397e-05,-0.03790836099831344,0.011085419922005658,-0.0133467569609835,0.0065307245922242236,0.0672685589107574,-0.01772341079728035,-5.742245131349044e-05
4,22,797010,0,5.999999999999987,251.42143059602893,-12.990437515839131,-32.917645017610035,19.516899587897328,38.26853437263379,2.0626736937801176,-3.1595298323467755,0.2485430493424648,0.26037085870334836,1,1,3,0,0.9560872222911339,-0.009908815006702662,0.010499870030838077,-0.013049882152223065,-0.016610017577316102,0.000144156672164186,-0.026504270456689488,0.013635088124542647,-0.013571431181354334,0.008787887933435622,-0.01889186149845584,-0.014687980128235696,3.6287517060696397e-05
4,22,797010,0,6.149999999999986,249.47106387907604,-13.008369799557634,-32.62066930593143,19.03540650510934,37.768436117765,1.9489105304230208,-3.23179476074046,0.25484442543488744,0.2485430493424648,1,1,3,0,0.9551328169816587,-0.009482759707855986,0.010982291973600814,0.04043232807317919,-0.025952774182129587,4.127145785325998e-05,-0.016339118231589178,0.01483808845680437,-0.009908815006702662,0.010499870030838077,-0.013049882152223065,-0.016610017577316102,0.000144156672164186
4,22,797010,0,6.299999999999986,247.52172957054754,-12.989090963501003,-32.340251254988424,18.544805914111144,37.28004395957483,1.8395910971709801,-3.286561770781857,0.24909493987990405,0.25484442543488744,1,1,3,0,0.9541542143879886,-0.007879549402196694,0.012831082510925934,-0.08508656118872401,0.036680973745978576,-1.9835360310815935e-05,-0.0052957840258795,0.014375631541472332,-0.009482759707855986,0.010982291973600814,0.04043232807317919,-0.025952774182129587,4.127145785325998e-05
4,22,797010,0,6.449999999999985,245.57200085789418,-13.002696814106155,-32.07590611460804,18.047946067640268,36.8047837968599,1.732760945994595,-3.3213535680068675,0.25182006563299675,0.24909493987990405,1,1,3,0,0.9531976898188498,-0.006593220991429714,0.013304301451835128,0.031996681946176914,0.014000672477757183,8.710184783165756e-05,0.0028582566094404994,0.014463319356578682,-0.007879549402196694,0.012831082510925934,-0.08508656118872401,0.036680973745978576,-1.9835360310815935e-05
4,22,797010,0,6.5999999999999845,243.62184524327748,-13.000181610156568,-31.82815587039838,17.54830464953283,36.345212919766894,1.6198776359597584,-3.3312574157286265,0.2664744541363059,0.25182006563299675,1,1,3,0,0.952230700766819,-0.00974045470984769,0.012835397578745335,-0.09948927660921443,0.10807499108261913,-7.272905808373841e-05,0.01033064886218513,0.015329760523711178,-0.006593220991429714,0.013304301451835128,0.031996681946176914,0.014000672477757183,8.710184783165756e-05
4,22,797010,0,6.749999999999984,241.6805980655388,-12.912378778037601,-31.598555494623547,17.050201071916845,35.90512590062313,1.4948668807418983,-3.310152624583704,0.2657937332301778,0.2664744541363059,1,1,3,0,0.9512074388629357,-0.009312884430683203,0.010778674164613459,-0.03963329936695241,0.05410292429041347,-3.2664956268945544e-05,0.014486224322756161,0.019977595820438537,-0.00974045470984769,0.012835397578745335,-0.09948927660921443,0.10807499108261913,-7.272905808373841e-05
4,22,797010,0,6.8999999999999835,239.752128101771,-12.828531238542782,-31.38856283494486,16.55866268088041,35.488465543363006,1.3613724298631438,-3.254231065841036,0.2535170732287816,0.2657937332301778,1,1,3,0,0.9501867909273318,-0.004834105056319498,0.01116526170075703,-0.023902725317887983,-0.02449971373619957,-1.3903587883781678e-05,0.015408318391763218,0.027903754160995643,-0.009312884430683203,0.010778674164613459,-0.03963329936695241,0.05410292429041347,-3.2664956268945544e-05
4,22,797010,0,7.049999999999983,237.82907462423876,-12.816291929609452,-31.198571787664555,16.07950141386907,35.09845078217379,1.2288440258958326,-3.158470151529908,0.2560163219050711,0.2535170732287816,1,1,3,0,0.9492132853661331,-0.004462064700118867,0.011578882549584078,0.04257443102774387,-0.023247517560938017,4.232132601616052e-06,0.014866821341869712,0.03503846499237675,-0.004834105056319498,0.01116526170075703,-0.023902725317887983,-0.02449971373619957,-1.3903587883781678e-05
4,22,797010,0,7.199999999999982,235.90928704032004,-12.789746463516039,-31.02816033941987,15.61884808747299,34.73751789676843,1.100636831043266,-3.021750141105322,0.24928870006179088,0.2560163219050711,1,1,3,0,0.9482301826900177,-0.0027030417498068427,0.012380612857545463,0.05265483227289963,-0.08498738224705628,4.016250285119486e-05,0.015642235782068668,0.04005177869007051,-0.004462064700118867,0.011578882549584078,0.04257443102774387,-0.023247517560938017,4.232132601616052e-06
4,22,797010,0,7.349999999999982,233.9895568428398,-12.802420315731148,-30.8751902301594,15.182146114473895,34.406030465454236,0.9920259944642507,-2.8514997807215625,0.25866577727758566,0.24928870006179088,1,1,3,0,0.9472729140817805,-0.004127400596188033,0.015445428637973335,-0.07626509856235339,0.022165638150347087,-4.762333425821099e-05,0.01917922918301465,0.04081052648110307,-0.0027030417498068427,0.012380612857545463,0.05265483227289963,-0.08498738224705628,4.016250285119486e-05
4,22,797010,0,7.499999999999981,232.07336517477194,-12.760681101757338,-30.735605901629256,14.77443069042118,34.10221799775385,0.913563305316726,-2.6474873746314764,0.24939681808593678,0.25866577727758566,1,1,3,0,0.9462796374970345,-0.002641175484722551,0.014067868742725663,0.07739128041912509,-0.021090975402314555,9.243100147284294e-05,0.020728401091459733,0.0403613320706017,-0.004127400596188033,0.015445428637973335,-0.07626509856235339,0.022165638150347087,-4.762333425821099e-05
4,22,797010,0,7.649999999999981,230.15808431836135,-12.772437301213815,-30.60400146758461,14.399103582074096,33.82216861461163,0.8739939278671629,-2.426143115384619,0.25893923917883177,0.24939681808593678,1,1,3,0,0.9453219537155845,-0.004019440756464753,0.011980649305163035,0.07642623064514549,-0.04496520403580404,1.453695443521408e-06,0.02375228332991981,0.039123858767747634,-0.002641175484722551,0.014067868742725663,0.07739128041912509,-0.021090975402314555,9.243100147284294e-05
4,22,797010,0,7.79999999999998,228.2466294922942,-12.728301303453632,-30.473591718692127,14.05865816520411,33.56017970219471,0.8831935258648115,-2.188953739204783,0.28052262544987705,0.25893923917883177,1,1,3,0,0.9443276270371378,-0.009383481288837895,0.010053539949790781,-0.027726537550707725,0.02538490818295639,-1.883027257352809e-05,0.030906545838837833,0.03553905042162426,-0.004019440756464753,0.011980649305163035,0.07642623064514549,-0.04496520403580404,1.453695443521408e-06
4,22,797010,0,7.94999999999998,226.35439255548317,-12.558202798004407,-30.33649467321831,13.75497267900532,33.30919066051269,0.9460018173485822,-1.940719374829695,0.2641526523122485,0.28052262544987705,1,1,3,0,0.9432504201554104,-0.006757023452091044,0.010206846509727528,-0.013433464064771293,0.011698871035981887,0.00012053879098083104,0.03819665758590457,0.031968214507610476,-0.009383481288837895,0.010053539949790781,-0.027726537550707725,0.02538490818295639,-1.883027257352809e-05
4,22,797010,0,8.09999999999998,224.4781537763647,-12.483277861287187,-30.18400384114769,13.48856474392221,33.06078442404838,1.0680495707341888,-1.6924449555089358,0.2559669314264029,0.2641526523122485,1,1,3,0,0.9422360739705314,-0.004599539109913412,0.009232754454704449,-0.09591809943766044,-0.0014762473550327356,4.161104374872832e-05,0.044255761805269966,0.029195955013355233,-0.006757023452091044,0.010206846509727528,-0.013433464064771293,0.011698871035981887,0.00012053879098083104
4,22,797010,0,8.249999999999982,222.6083987455419,-12.455887600514004,-30.007831679227145,13.259140555194003,32.8066269273636,1.2426674895214314,-1.4472497291115545,0.262992298391317,0.2559669314264029,1,1,3,0,0.9412531609538541,-0.004700161679872716,0.006095040622657496,0.04603622154485693,-0.0716335234197166,9.012391582610974e-05,0.04629396860602537,0.026467429982226783,-0.004599539109913412,0.009232754454704449,-0.09591809943766044,-0.0014762473550327356,4.161104374872832e-05
4,22,797010,0,8.399999999999984,220.74688335740055,-12.387171818788325,-29.80134695551452,13.065762756941197,32.53973627403311,1.4573060606939148,-1.210269305801252,0.2538346964063507,0.262992298391317,1,1,3,0,0.9402432705280316,-0.005115248592009246,0.006187463752583823,0.04680293315258333,-0.05374184478121982,2.730570907569214e-05,0.048312260170026745,0.021024438419744045,-0.004700161679872716,0.006095040622657496,0.04603622154485693,-0.0716335234197166,9.012391582610974e-05
4,22,797010,0,8.549999999999986,218.89038468609414,-12.371371287681981,-29.559791656924325,12.90654905152528,32.25461658771037,1.699917372069844,-0.9881122514654046,0.25169310809315637,0.2538346964063507,1,1,3,0,0.9392685452938313,-0.004594456247388226,0.006417673280579958,-0.015418056052151439,-0.046750821978044886,-1.589782998776101e-05,0.05291032230435593,0.012472951595496077,-0.005115248592009246,0.006187463752583823,0.04680293315258333,-0.05374184478121982,2.730570907569214e-05
4,22,797010,0,8.699999999999989,217.03502590737236,-12.367887296884906,-29.279444659404078,12.77865488573439,31.94651624593532,1.965371467177403,-0.786740653754183,0.26443701957620636,0.25169310809315637,1,1,3,0,0.9383020437587537,-0.007529299643204674,0.0048754798176701645,-0.02543643567471019,0.005906205427383794,5.1434841573878574e-05,0.05762429714012359,0.0015970411062085107,-0.004594456247388226,0.006417673280579958,-0.015418056052151439,-0.046750821978044886,-1.589782998776101e-05
4,22,797010,0,8.84999999999999,215.18763538565025,-12.289964351617757,-28.958142556784104,12.678253268389884,31.611898492125864,2.240834025252919,-0.6129246823015488,0.26906001741420343,0.26443701957620636,1,1,3,0,0.9372866056035809,-0.009926509432359867,0.005559321946768136,-0.18404455422642801,0.14560458269531698,-4.181037516616514e-05,0.061014672059699376,-0.009354050941436216,-0.007529299643204674,0.0048754798176701645,-0.02543643567471019,0.005906205427383794,5.1434841573878574e-05
4,22,797010,0,8.999999999999993,213.3546446386431,-12.184890629964599,-28.59583634036416,12.601470100539103,31.24930246740993,2.5112279024894164,-0.4629281686364368,0.2501872623605697,0.26906001741420343,1,1,3,0,0.9362534151367105,-0.005605349292994533,0.0028509504982373126,-0.04846081109969181,0.03172454162580857,3.530263748812114e-05,0.05721627374903025,-0.014267978511650218,-0.009926509432359867,0.005559321946768136,-0.18404455422642801,0.14560458269531698,-4.181037516616514e-05
4,22,797010,0,9.149999999999995,211.52645268215974,-12.189383560551724,-28.1948263883555,12.545330579446325,30.85990204808011,2.7615327061562405,-0.330563019599071,0.24329732667093773,0.2501872623605697,1,1,3,0,0.9352926960492459,-0.0033336037668491576,0.001120356015728376,0.02741604530982324,-0.0439470569865771,-8.478753738116039e-05,0.048773421566727176,-0.01517316342439967,-0.005605349292994533,0.0028509504982373126,-0.04846081109969181,0.03172454162580857,3.530263748812114e-05
4,22,797010,0,9.299999999999997,209.69363939814795,-12.233359592414072,-27.758930232324403,12.50781132045951,30.446733021315584,2.9850206534167483,-0.2105314468891868,0.2585042998520436,0.24329732667093773,1,1,3,0,0.9343584343148295,-0.00683812209768201,0.0001618180130998405,-0.007705827158341827,-0.025593754080457574,-8.932032584109363e-05,0.041145915688086655,-0.017119247399258734,-0.0033336037668491576,0.001120356015728376,0.02741604530982324,-0.0439470569865771,-8.478753738116039e-05
4,22,797010,0,9.45,207.86316558745364,-12.188006407178717,-27.292448788555383,12.486907389956553,30.013340651138282,3.1793553443540215,-0.10458015985719804,0.25362305179801287,0.2585042998520436,1,1,3,0,0.9333657778033975,-0.008763093206590493,-0.0018005563834228248,-0.030860565400143425,-0.02542628131764506,3.201072630808632e-05,0.03440601103524459,-0.02068980999558963,-0.00683812209768201,0.0001618180130998405,-0.007705827158341827,-0.025593754080457574,-8.932032584109363e-05
4,22,797010,0,9.600000000000001,206.03669348589509,-12.1706808722514,-26.799655919457017,12.480536875764095,29.563243362469464,3.3457281497665594,-0.012206456436198332,0.25842058480920954,0.25362305179801287,1,1,3,0,0.9323918652844932,-0.008998743744543345,-0.002629675443546205,-0.09321254871306722,-0.010421303014895179,3.4188056607041346e-05,0.02707985990204827,-0.025390990103397203,-0.008763093206590493,-0.0018005563834228248,-0.030860565400143425,-0.02542628131764506,3.201072630808632e-05
4,22,797010,0,9.750000000000004,204.21564203208692,-12.125149549528793,-26.283977904423264,12.48676845620629,29.099259113577425,3.491662451462655,0.06775300500168857,0.24171080738429895,0.25842058480920954,1,1,3,0,0.9313995302388259,-0.004960481929874392,0.0003836790919750958,-0.03899559353564549,0.013621510124795653,5.251893821921236e-05,0.016510951617721394,-0.03055335799272943,-0.008998743744543345,-0.002629675443546205,-0.09321254871306722,-0.010421303014895179,3.4188056607041346e-05
4,22,797010,0,9.900000000000006,202.39170835443304,-12.176739028842679,-25.74769467833367,12.504898012904942,28.623700941035665,3.6253282718688715,0.14710597253365876,0.26298571717679803,0.24171080738429895,1,1,3,0,0.9304713607384704,-0.009002875225523926,-0.0012611187321925283,-0.005671188868950801,0.05588725003791513,2.5204477470435305e-05,0.003703937410645503,-0.03504075675518707,-0.004960481929874392,0.0003836790919750958,-0.03899559353564549,0.013621510124795653,5.251893821921236e-05
4,22,797010,0,10.050000000000008,200.57243749124362,-12.104351063443282,-25.19319765183661,12.533890281845864,28.138863046005532,3.741356103145746,0.2165576684634105,0.25819797534030026,0.26298571717679803,1,1,3,0,0.9294614955845114,-0.010346268120251476,-0.0016763869155525535,0.004780737771885643,0.060464218459989456,-1.908858903680067e-05,-0.008933982904962747,-0.03689857987486054,-0.009002875225523926,-0.0012611187321925283,-0.005671188868950801,0.05588725003791513,2.5204477470435305e-05
4,22,797010,0,10.20000000000001,198.76121614451537,-12.060050926624763,-24.621830162275916,12.573548978625414,27.646494433433187,3.8530757261599655,0.28916332816033374,0.2576320027245696,0.25819797534030026,1,1,3,0,0.9284700153592046,-0.010432848574787457,-0.003721444326264725,-0.012367595763124494,-0.006332802093782581,-1.6674574576795603e-05,-0.020355929973637815,-0.035343446471219425,-0.010346268120251476,-0.0016763869155525535,0.004780737771885643,0.060464218459989456,-1.908858903680067e-05
4,22,797010,0,10.350000000000012,196.95628597526436,-12.01929627736964,-24.033248011056944,12.624568005543482,27.14731528692229,3.9700282078638556,0.36671981522610664,0.26869329052187935,0.2576320027245696,1,1,3,0,0.9274807084687422,-0.013444768533741302,-0.005043299465368177,0.047383588729509866,-0.013795466169827457,1.2630544078689358e-05,-0.031073674085862153,-0.03293923380054647,-0.010432848574787457,-0.003721444326264725,-0.012367595763124494,-0.006332802093782581,-1.6674574576795603e-05
4,22,797010,0,10.500000000000014,195.16386155987504,-11.914633281006248,-23.426928948330712,12.687665404449477,26.64203170490944,4.089343001165526,0.4485441779285154,0.2592158026241557,0.26869329052187935,1,1,3,0,0.9264489262331383,-0.013870339024510408,-0.00392635957148946,-0.09828492313095934,-0.0076015040972832616,4.482759085233308e-05,-0.03916104642218517,-0.03117103177927482,-0.013444768533741302,-0.005043299465368177,0.047383588729509866,-0.013795466169827457,1.2630544078689358e-05
4,22,797010,0,10.650000000000016,193.38158504102378,-11.86550155428311,-22.801182591963904,12.764067099202615,26.13073547577688,4.223662256488421,0.5403807272445771,0.2621915010543235,0.2592158026241557,1,1,3,0,0.9254535375510616,-0.012363762998195072,-0.004179898378121591,-0.08563588619749858,-0.0166907081368348,4.838485823759773e-05,-0.04905907359463118,-0.029914329929011427,-0.013870339024510408,-0.00392635957148946,-0.09828492313095934,-0.0076015040972832616,4.482759085233308e-05
4,22,797010,0,10.800000000000018,191.60835401572362,-11.799678489051601,-22.154639407197855,12.854601156993073,25.613840363528695,4.363093689060365,0.635431713164843,0.26160065757631146,0.2621915010543235,1,1,3,0,0.924446722187013,-0.013251671736471968,-0.006235874669972236,0.07071865401301383,-0.05034727447994135,-1.739696204542514e-06,-0.06283989162634075,-0.02936628215175552,-0.012363762998195072,-0.004179898378121591,-0.08563588619749858,-0.0166907081368348,4.838485823759773e-05
4,22,797010,0,10.95000000000002,189.8445049698272,-11.738799385182565,-21.48793639491108,12.959203858714739,25.093273504337198,4.4941073047057145,0.7279018663276645,0.267743679753606,0.26160065757631146,1,1,3,0,0.92344217566192,-0.01557567831513769,-0.00598799599311878,0.013982256211201262,-0.013491552504120794,-4.5786572330856534e-05,-0.07423888092434283,-0.030841402262464374,-0.013251671736471968,-0.006235874669972236,0.07071865401301383,-0.05034727447994135,-1.739696204542514e-06
4,22,797010,0,11.100000000000023,188.09320402780705,-11.643743048642252,-20.80339493456033,13.0770641606878,24.57215594664082,4.6062795466333375,0.8134833073264282,0.2589586637048462,0.267743679753606,1,1,3,0,0.9224140399316662,-0.01590790690302885,-0.004405260028244585,0.0018943908695670164,-0.0022097436596377022,-4.9682266094432495e-05,-0.08262100594183241,-0.03343353411319033,-0.01557567831513769,-0.00598799599311878,0.013982256211201262,-0.013491552504120794,-4.5786572330856534e-05
4,22,797010,0,11.250000000000025,186.3509491458355,-11.600789992457027,-20.10346659345553,13.207081297148886,24.053614395006882,4.702988770866193,0.8917203163809037,0.2754545055386088,0.2589586637048462,1,1,3,0,0.9214196386630394,-0.018676294900137468,-0.0048553908453864685,-0.02415681264941641,0.0150191805207638,-4.419441917015978e-05,-0.08963260662028782,-0.036025118637712655,-0.01590790690302885,-0.004405260028244585,0.0018943908695670164,-0.0022097436596377022,-4.9682266094432495e-05
4,22,797010,0,11.400000000000027,184.6245607553279,-11.46361648950625,-19.393431988259213,13.346964659119608,23.54244400853538,4.7543660461863135,0.9508134350972564,0.25957716387326457,0.2754545055386088,1,1,3,0,0.9203618933617712,-0.01658604060158623,-0.005042875149947668,-0.011707380865809646,-0.00464912162769827,-2.2969519687013068e-05,-0.09646430571629505,-0.03777843072791858,-0.018676294900137468,-0.0048553908453864685,-0.02415681264941641,0.0150191805207638,-4.419441917015978e-05
4,22,797010,0,11.55000000000003,182.90946150791865,-11.419299088898644,-18.67833064633294,13.494178187881655,23.0428487974044,4.778273077645919,0.994137967269374,0.26074512541089934,0.25957716387326457,1,1,3,0,0.919365117052498,-0.017127975821630333,-0.006131798737144137,0.05794777597007002,-0.045040343834912504,-3.1375988358485004e-05,-0.10316557801149426,-0.03915887236910117,-0.01658604060158623,-0.005042875149947668,-0.011707380865809646,-0.00464912162769827,-2.2969519687013068e-05
4,22,797010,0,11.700000000000031,181.2015708532443,-11.369342801623407,-17.96461455752071,13.645475871761082,22.559396888372238,4.751989674928943,1.0126034928459111,0.2532237802454897,0.26074512541089934,1,1,3,0,0.9183638557709203,-0.016998684019747596,-0.006048551541572404,-0.013911769727064633,-0.032491325283772826,-1.780817601162271e-05,-0.10696721850832133,-0.042016024614905834,-0.017127975821630333,-0.006131798737144137,0.05794777597007002,-0.045040343834912504,-3.1375988358485004e-05
4,22,797010,0,11.850000000000033,179.4967580966633,-11.363513049170951,-17.25920430504946,13.796845987637745,22.095997204245695,4.68195435131622,1.0033621704289768,0.254316220980247,0.2532237802454897,1,1,3,0,0.9173914764547775,-0.01681899571094694,-0.005949633156533015,-0.007498883536643949,-0.03464734506018272,5.2052042219745424e-06,-0.10946429721326947,-0.0465120737094234,-0.016998684019747596,-0.006048551541572404,-0.013911769727064633,-0.032491325283772826,-1.780817601162271e-05
4,22,797010,0,12.000000000000036,177.79339976522505,-11.35189910031261,-16.569383005289502,13.943398719863549,21.655549428196668,4.561065501171974,0.9592406280823306,0.25650389228940906,0.254316220980247,1,1,3,0,0.9164149021662132,-0.017662980540887246,-0.006208637128241005,-0.019199571651989815,0.027487911209918642,-1.4019062402152682e-05,-0.11181183178809737,-0.052396090206033544,-0.01681899571094694,-0.005949633156533015,-0.007498883536643949,-0.03464734506018272,5.2052042219745424e-06
4,22,797010,0,12.150000000000038,176.09296300966977,-11.328496019787568,-15.902825822268998,14.079449744333468,21.239839317580476,4.389260948990901,0.8761178376923277,0.26991048509034843,0.25650389228940906,1,1,3,0,0.915429927219822,-0.019580414064580942,-0.005987612994935112,-0.09521167457137686,0.10915915777196936,-2.5461795986414652e-05,-0.11431685540776106,-0.05731442604457492,-0.017662980540887246,-0.006208637128241005,-0.019199571651989815,0.027487911209918642,-1.4019062402152682e-05
4,22,797010,0,12.30000000000004,174.40368344191108,-11.228650413847395,-15.267774719968884,14.199030791429013,20.84987818467221,4.160455761849556,0.7536183995267761,0.2529241707691783,0.26991048509034843,1,1,3,0,0.9143934709570751,-0.01589313939687342,-0.007189976826690587,0.020435442645026947,0.013512224945384432,-5.676696580055126e-06,-0.11991756193779586,-0.057187061983392545,-0.019580414064580942,-0.005987612994935112,-0.09521167457137686,0.10915915777196936,-2.5461795986414652e-05
4,22,797010,0,12.450000000000042,172.71952801502044,-11.2273081513118,-14.669078585645675,14.297737357358528,20.48431497736388,3.912204030309971,0.6067597597871014,0.2574600763611242,0.2529241707691783,1,1,3,0,0.9134222421413216,-0.01572570344598938,-0.006474326459754152,-0.008310386822404934,0.02383761586200896,-6.947886684694691e-05,-0.12558190698393285,-0.05438861493668384,-0.01589313939687342,-0.007189976826690587,0.020435442645026947,0.013512224945384432,-5.676696580055126e-06
4,22,797010,0,12.600000000000044,171.03814890696157,-11.200187330786093,-14.11080754114951,14.37196159383872,20.141205761277973,3.63336945971688,0.4356979962843809,0.2520074863834991,0.2574600763611242,1,1,3,0,0.9124335954480948,-0.015223643131271426,-0.007714126031969719,0.09295425146856136,-0.04885772320078943,2.252008830722401e-05,-0.13032715219489938,-0.05044490154940897,-0.01572570344598938,-0.006474326459754152,-0.008310386822404934,0.02383761586200896,-6.947886684694691e-05
4,22,797010,0,12.750000000000046,169.3576551939154,-11.204825927943258,-13.595439473617725,14.418427599189117,19.81734162075886,3.3453290151774073,0.2437542457127735,0.2614267683653848,0.2520074863834991,1,1,3,0,0.911465886700382,-0.01686282933331909,-0.006433596464155194,-0.005599942622963516,0.005417765187137411,3.764195569914001e-05,-0.13100804697515533,-0.047914188551345854,-0.015223643131271426,-0.007714126031969719,0.09295425146856136,-0.04885772320078943,2.252008830722401e-05
4,22,797010,0,12.900000000000048,167.68193168237764,-11.154746914590278,-13.124380884233265,14.434039898828532,19.508738590575287,3.047600260600585,0.0313557647541467,0.24780463768241145,0.2614267683653848,1,1,3,0,0.910462007909859,-0.01328284521236815,-0.004250044079668299,0.10157185319146418,-0.021478680608210197,8.105090321658127e-05,-0.12966768073522872,-0.04602082108095713,-0.01686282933331909,-0.006433596464155194,-0.005599942622963516,0.005417765187137411,3.764195569914001e-05
4,22,797010,0,13.05000000000005,166.00601220490998,-11.181680267092247,-12.695298759228239,14.416744462356533,19.20971450800219,2.7777356439304834,-0.1911902631356377,0.25067439742285635,0.24780463768241145,1,1,3,0,0.9095104381011584,-0.013559393774479617,-0.001911831945660506,0.055806650906307834,0.01661707028320625,1.0136442751634613e-05,-0.12432697128621145,-0.04479730100552781,-0.01328284521236815,-0.004250044079668299,0.10157185319146418,-0.021478680608210197,8.105090321658127e-05
4,22,797010,0,13.200000000000053,164.32788940192725,-11.190156093532163,-12.304909268705313,14.364989184481134,18.914642644822287,2.5266573222269413,-0.4240931083780748,0.24894847917065216,0.25067439742285635,1,1,3,0,0.9085478484150545,-0.01386327331208022,-0.003484622218835358,0.01636980713343861,-0.01863229569240526,1.3766370628044985e-05,-0.11504095194453373,-0.043348541435522386,-0.013559393774479617,-0.001911831945660506,0.055806650906307834,0.01661707028320625,1.0136442751634613e-05
4,22,797010,0,13.350000000000055,162.6477001324807,-11.206561411974674,-11.949463245659143,14.27726900192707,18.61800424354733,2.3028395914444966,-0.6668267018545035,0.2607287991611372,0.24894847917065216,1,1,3,0,0.9075918862550393,-0.014081999071927023,-0.0006268340861582212,0.024006679080199683,0.06778386890461241,1.3881393137323383e-05,-0.10434459524266562,-0.04229512926276966,-0.01386327331208022,-0.003484622218835358,0.01636980713343861,-0.01863229569240526,1.3766370628044985e-05
4,22,797010,0,13.500000000000057,160.97213792062132,-11.152075895048121,-11.625850577290485,14.15291831006357,18.315717248768014,2.096086622663292,-0.9110676830765256,0.2648970590684503,0.2607287991611372,1,1,3,0,0.9065906876662605,-0.015230223907439989,-0.0019263934853708821,-0.0100086660196231,0.05053854303577458,-3.3831115447066764e-05,-0.09274105908350443,-0.0390964104248176,-0.014081999071927023,-0.0006268340861582212,0.024006679080199683,0.06778386890461241,1.3881393137323383e-05
4,22,797010,0,13.650000000000059,159.30739083703997,-11.071164573137468,-11.331462948002525,13.99212775618128,18.00504628395197,1.9064357220762553,-1.1523898293465118,0.25592747805266547,0.2648970590684503,1,1,3,0,0.9055734829594377,-0.011679100518459584,-0.0010905363526858534,-0.12850058182797286,0.04345073437098921,6.676173040787148e-08,-0.08137106657189247,-0.032970700841165754,-0.015230223907439989,-0.0019263934853708821,-0.0100086660196231,0.05053854303577458,-3.3831115447066764e-05
4,22,797010,0,13.800000000000061,157.64982802185742,-11.039867437577671,-11.063119131145026,13.796677060685036,17.684481977901974,1.739055410641312,-1.377602946064719,0.24418725437390698,0.25592747805266547,1,1,3,0,0.9045907214437156,-0.00652167111063023,0.0010628833827292328,-0.060867133208635786,-0.013278538112215276,6.145116691845332e-05,-0.07528024245933991,-0.024689280374434606,-0.011679100518459584,-0.0010905363526858534,-0.12850058182797286,0.04345073437098921,6.676173040787148e-08
4,22,797010,0,13.950000000000063,155.99030027558902,-11.075260915477228,-10.818929305541031,13.569745521959714,17.354746464556612,1.5792402994584398,-1.579525219067655,0.24905072174988813,0.24418725437390698,1,1,3,0,0.9036530423869197,-0.0061976955559444906,0.00012582773275773945,0.02281054114845497,-0.026462209598337002,2.9588056293398693e-05,-0.07391425757826611,-0.016670364545276505,-0.00652167111063023,0.0010628833827292328,-0.060867133208635786,-0.013278538112215276,6.145116691845332e-05
4,22,797010,0,14.100000000000065,154.32836599237388,-11.081655554072448,-10.600720596558816,13.314370702593049,17.019040641950838,1.398237021478553,-1.7631002621225298,0.2700328707591838,0.24905072174988813,1,1,3,0,0.9026966876154001,-0.009418922601115504,0.0018981139022786117,0.01263388678133999,0.03665877340701665,-8.932741390545806e-05,-0.07270799382991248,-0.010410604695986862,-0.0061976955559444906,0.00012582773275773945,0.02281054114845497,-0.026462209598337002,2.9588056293398693e-05
4,22,797010,0,14.250000000000068,152.6777491398675,-10.96528150111534,-10.413571058964228,13.033654841870979,16.68288406532648,1.17767740083859,-1.9246587145918317,0.25111363076982995,0.2700328707591838,1,1,3,0,0.9016597613916848,-0.007026801181169511,0.005130870108788284,0.011760106283340212,0.021780248903308267,-3.162959727616846e-05,-0.07043774368583132,-0.003729902695727126,-0.009418922601115504,0.0018981139022786117,0.01263388678133999,0.03665877340701665,-8.932741390545806e-05
4,22,797010,0,14.40000000000007,151.03361199249514,-10.958670903672546,-10.260934550307407,12.731259657593089,16.35150605646922,0.9425913701946029,-2.0606752044931484,0.26496290876659745,0.25111363076982995,1,1,3,0,0.9006954850495288,-0.007269541792675607,0.004679913255699469,0.05545884152255652,0.0028901253530602927,8.32530896474809e-06,-0.06741305235321607,0.00385260442414199,-0.007026801181169511,0.005130870108788284,0.011760106283340212,0.021780248903308267,-3.162959727616846e-05
4,22,797010,0,14.550000000000072,149.39861864667094,-10.870528377343032,-10.146844902235749,12.410615905704965,16.0306534061767,0.6750878810048455,-2.1752874114938616,0.24906142776482015,0.26496290876659745,1,1,3,0,0.899678027479865,-0.004271390928657141,0.00795471173440925,-0.01652655970987829,-0.025036688057684057,-3.5926023630017635e-05,-0.06210282693861029,0.011284398787266472,-0.007269541792675607,0.004679913255699469,0.05545884152255652,0.0028901253530602927,8.32530896474809e-06
4,22,797010,0,14.700000000000074,147.76763036261784,-10.874551566638532,-10.073787564942885,12.074960021247325,15.725325288156016,0.3990698432661357,-2.2686576337807143,0.2602294731016285,0.24906142776482015,1,1,3,0,0.8987216315972483,-0.0036497822008611184,0.008113036245051766,0.011958822911307558,-0.018877711852310644,7.632153035457302e-06,-0.056591148470212925,0.017145086018294956,-0.004271390928657141,0.00795471173440925,-0.01652655970987829,-0.025036688057684057,-3.5926023630017635e-05
4,22,797010,0,14.850000000000076,146.14263780498274,-10.81259171446545,-10.043861883985649,11.726920986194692,15.440201985758906,0.10656590406172195,-2.3463809787850716,0.25905776215370535,0.2602294731016285,1,1,3,0,0.8977223504205379,-0.00461081834190288,0.00657011154792652,0.08260402913391078,-0.04076666632233545,3.868084108969923e-05,-0.05118165297336601,0.021222125466894025,-0.0036497822008611184,0.008113036245051766,0.011958822911307558,-0.018877711852310644,7.632153035457302e-06
4,22,797010,0,15.000000000000078,144.52630908182752,-10.756907116464557,-10.058338621351659,11.367900359886054,15.17891084413081,-0.18971699699519173,-2.418053834854417,0.26474100345045204,0.25905776215370535,1,1,3,0,0.8967275686138678,-0.004832372235144418,0.00878551531626767,0.041037479852491426,0.0019567139553137596,-4.920245674387549e-06,-0.04272847583832132,0.022963606763151158,-0.00461081834190288,0.00657011154792652,0.08260402913391078,-0.04076666632233545,3.868084108969923e-05
4,22,797010,0,15.15000000000008,142.92173661918127,-10.667170348492476,-10.116192603789118,10.998891547973987,14.943659795413279,-0.47356388126716764,-2.4826883830707827,0.2533399406896561,0.26474100345045204,1,1,3,0,0.8957109631606182,-0.002495397755802965,0.009573282636180801,0.03721402991904749,-0.010011812880647689,2.047982456670022e-05,-0.0316761678916386,0.02367265259211626,-0.004832372235144418,0.00878551531626767,0.041037479852491426,0.0019567139553137596,-4.920245674387549e-06
4,22,797010,0,15.300000000000082,141.3240353282604,-10.64334051473925,-10.213238342739595,10.61999987407583,14.734131625955325,-0.7221475567704538,-2.549586415249493,0.2629794262062135,0.2533399406896561,1,1,3,0,0.89473813778837,-0.002406183118886255,0.010700483123502538,0.04947612105639674,0.009716304495900545,5.2141470709327847e-05,-0.019136588436343,0.023714066779079116,-0.002495397755802965,0.009573282636180801,0.03721402991904749,-0.010011812880647689,2.047982456670022e-05
4,22,797010,0,15.450000000000085,139.73563001303083,-10.562317952900738,-10.343516636574837,10.231096771247055,14.548665834148585,-0.9287405646428621,-2.616541331494531,0.2641139470812951,0.2629794262062135,1,1,3,0,0.8937282967917382,-0.0031951977866392744,0.010651003853448061,0.08895955799276645,0.041628653828592224,6.136944283637448e-06,-0.004849316752485509,0.023609456663944796,-0.002406183118886255,0.010700483123502538,0.04947612105639674,0.009716304495900545,5.2141470709327847e-05
4,22,797010,0,15.600000000000087,138.16008925620497,-10.474224062485426,-10.4994167689253,9.83171582514648,14.384032416329767,-1.0803301245152097,-2.6878120659970834,0.26504707548841955,0.2641139470812951,1,1,3,0,0.892714099234946,-0.004002234354269572,0.010224745602205003,0.051790322071433886,0.02471350596652741,-2.0914132278554267e-05,0.01276722042763398,0.024888282402307053,-0.0031951977866392744,0.010651003853448061,0.08895955799276645,0.041628653828592224,6.136944283637448e-06
4,22,797010,0,15.750000000000089,136.59831221149594,-10.380702891822107,-10.671450134077576,9.421316681536611,14.235204809833412,-1.164937186860764,-2.7621703627725807,0.27886965883502546,0.26504707548841955,1,1,3,0,0.8916963184650704,-0.005013892112097001,0.0077450224254909765,-0.07772512913054028,0.010613027166323952,4.710152710165473e-05,0.032858789686198535,0.027418829836199622,-0.004002234354269572,0.010224745602205003,0.051790322071433886,0.02471350596652741,-2.0914132278554267e-05
4,22,797010,0,15.900000000000091,135.05862720178922,-10.206609329971796,-10.848774111479358,8.99958265202403,14.095686845007469,-1.175722064843813,-2.8381362398425978,0.26481335094844694,0.27886965883502546,1,1,3,0,0.8906254589751438,-0.002329792052052532,0.008028744869976092,-0.09574138764623144,0.010578748697288391,8.581087928659984e-05,0.049842291161540625,0.030340514315721982,-0.005013892112097001,0.0077450224254909765,-0.07772512913054028,0.010613027166323952,4.710152710165473e-05
4,22,797010,0,16.050000000000093,133.53668879376943,-10.116184046989359,-11.020970212999552,8.566350643901231,13.958658524016212,-1.1206623069280766,-2.9148826507410392,0.24694470161126902,0.26481335094844694,1,1,3,0,0.8896085757075016,0.004141930106198364,0.010962749214045222,-0.0693340405683197,-0.022153525214434575,4.394726742339214e-05,0.06086958901990144,0.03339602357292535,-0.002329792052052532,0.008028744869976092,-0.09574138764623144,0.010578748697288391,8.581087928659984e-05
4,22,797010,0,16.200000000000095,132.01768375087698,-10.132017354367305,-11.179332877472257,8.12202286725655,13.818275545145655,-1.0116735931456635,-2.9872961414024517,0.24555311205211772,0.24694470161126902,1,1,3,0,0.8886603080533142,0.006430537466994839,0.011302843378711479,0.012941785679104627,-0.03238867979950066,-3.0102833203991794e-06,0.06682150082966153,0.035321372138652045,0.004141930106198364,0.010962749214045222,-0.0693340405683197,-0.022153525214434575,4.394726742339214e-05
4,22,797010,0,16.350000000000097,130.49542523724935,-10.156602908293047,-11.317278626065157,7.667413873681828,13.670041368273901,-0.8634307237268708,-3.0538433337149407,0.2574546641303751,0.24555311205211772,1,1,3,0,0.8877173841030341,0.0024192594986638073,0.010896461160025886,0.08720910862574585,-0.0065379850481583944,-1.313963422818023e-05,0.07143989870459859,0.035193813150371435,0.006430537466994839,0.011302843378711479,0.012941785679104627,-0.03238867979950066,-3.0102833203991794e-06
4,22,797010,0,16.5000000000001,128.97646906730137,-10.111313984554902,-11.430201349449092,7.203780568456906,13.510882923311309,-0.6881075332496407,-3.1106670097091085,0.26037183145663556,0.2574546641303751,1,1,3,0,0.8867287581927736,-2.0561888735794334e-05,0.011175890544421686,-0.04576907329191192,0.034217997087593266,-1.7988674874974902e-05,0.0790966223430398,0.03391390341232169,0.0024192594986638073,0.010896461160025886,0.08720910862574585,-0.0065379850481583944,-1.313963422818023e-05
4,22,797010,0,16.6500000000001,127.46597887803765,-10.049319146343501,-11.514739581228316,6.732727137910354,13.338622205350168,-0.49299350360615524,-3.155949224807776,0.2698861893139817,0.26037183145663556,1,1,3,0,0.8857289303599802,-0.0009317734918741464,0.010613344036725252,-0.044468474371304745,0.029852618820528958,1.9165735051507712e-05,0.08610768482821439,0.033520352623736746,-2.0561888735794334e-05,0.011175890544421686,-0.04576907329191192,0.034217997087593266,-1.7988674874974902e-05
4,22,797010,0,16.800000000000104,125.97031385429997,-9.93204476385187,-11.56847638262353,6.256609555961297,13.151988783110507,-0.2840253360210676,-3.183247698609074,0.2648645713629614,0.2698861893139817,1,1,3,0,0.8846925673930145,-0.000993475026411928,0.011585541634898002,-0.016429619299858516,0.05994326288859975,-4.308386887597548e-05,0.09020751986018358,0.03452873363885294,-0.0009317734918741464,0.010613344036725252,-0.044468474371304745,0.029852618820528958,1.9165735051507712e-05
4,22,797010,0,16.950000000000106,124.4892540542096,-9.844616344630456,-11.591059503898647,5.778689649450356,12.951676126570794,-0.07805254356174784,-3.1868658776057437,0.25854880646180484,0.2648645713629614,1,1,3,0,0.8836754874389808,-0.001368417901993536,0.0111785993445475,-0.009098207589587792,0.01126412771765649,-3.020596843688685e-05,0.09265810696198983,0.037864661140822965,-0.000993475026411928,0.011585541634898002,-0.016429619299858516,0.05994326288859975,-4.308386887597548e-05
4,22,797010,0,17.100000000000108,123.0175833821655,-9.794436845071306,-11.583722116647884,5.302986098393421,12.739869686753911,0.11763218289167576,-3.1623522801413584,0.2604095211953775,0.25854880646180484,1,1,3,0,0.8826826600221677,-0.0005435842117218392,0.011268341129537991,-0.0777284202693503,0.016556292071285835,2.2232433651331336e-05,0.09435304894359929,0.04212584437827202,-0.001368417901993536,0.0111785993445475,-0.009098207589587792,0.01126412771765649,-3.020596843688685e-05
4,22,797010,0,17.25000000000011,121.55448793291293,-9.733740599415404,-11.547629475889577,4.834377389694498,12.518743996840225,0.30691427236401303,-3.1033921036711805,0.24163895533908553,0.2604095211953775,1,1,3,0,0.8816826874607775,0.0032667304811410955,0.01233428724753071,-0.0796911726443226,-0.032814171277587574,1.50973987238343e-05,0.09292582324503137,0.04657136221101051,-0.0005435842117218392,0.011268341129537991,-0.0777284202693503,0.016556292071285835,2.2232433651331336e-05
4,22,797010,0,17.400000000000112,120.08947645918619,-9.783168759243702,-11.484772897218207,4.377734432329638,12.290832651235732,0.4795910128307346,-3.013300489127902,0.2547633927457141,0.24163895533908553,1,1,3,0,0.8807547938722753,0.001454580451799683,0.011653548812871232,0.0009349241301543249,-0.01832609938320913,-2.1436737578149396e-06,0.08718780115161374,0.049455375059523916,0.0032667304811410955,0.01233428724753071,-0.0796911726443226,-0.032814171277587574,1.50973987238343e-05
4,22,797010,0,17.550000000000114,118.62484907480203,-9.754576908380711,-11.396690479359394,3.93836564731311,12.057996427858862,0.6457984164905459,-2.885909732941906,0.2511124557402815,0.2547633927457141,1,1,3,0,0.8797765024441319,0.0011400835491629383,0.013113577241838422,-0.043079183938587035,-0.006483827407720909,-7.208444936388796e-05,0.0803635048804307,0.05052395345940238,0.001454580451799683,0.011653548812871232,0.0009349241301543249,-0.01832609938320913,-2.1436737578149396e-06
4,22,797010,0,17.700000000000117,117.16246618101434,-9.746415027726197,-11.284383278138675,3.5213649765827872,11.821053982883237,0.8056671549168228,-2.7262665969810795,0.26240892170989516,0.2511124557402815,1,1,3,0,0.8788122306140892,-0.001679173826773926,0.011539070304961003,-0.024239392098974192,0.001387927779911559,2.072389869232551e-06,0.07237749636571394,0.05057032293200814,0.0011400835491629383,0.013113577241838422,-0.043079183938587035,-0.006483827407720909,-7.208444936388796e-05
4,22,797010,0,17.85000000000012,115.70809254087023,-9.670396809238978,-11.14782239944536,3.1313882314891996,11.57927184696364,0.9688710260747644,-2.5362075159646924,0.26093134799241535,0.26240892170989516,1,1,3,0,0.8778045803547233,-0.0025773898161814456,0.010898913334020776,-0.08487596357004144,0.026558445918932923,-4.666772705693775e-05,0.06326954175008649,0.05017509295259159,-0.001679173826773926,0.011539070304961003,-0.024239392098974192,0.001387927779911559,2.072389869232551e-06
4,22,797010,0,18.00000000000012,114.2643876535246,-9.601716885138211,-10.986110445857328,2.7723998931247147,11.330526196782452,1.1391811818035205,-2.3216527365836326,0.26368507611938397,0.26093134799241535,1,1,3,0,0.8768026039784325,-0.002348436984188257,0.009093635987855762,-0.005574567096033976,-0.00996056387966157,4.058407099810569e-05,0.05126104084142441,0.05046454060008676,-0.0025773898161814456,0.010898913334020776,-0.08487596357004144,0.026558445918932923,-4.666772705693775e-05
4,22,797010,0,18.150000000000123,112.83273509426915,-9.515546240061257,-10.797549936154912,2.4478045648603937,11.071532496068931,1.3227664586874766,-2.085455648847687,0.2468496193905459,0.26368507611938397,1,1,3,0,0.8757900532861341,-0.0009786579273250448,0.00911734184574257,0.11440463368894985,-0.07954649102546417,6.700928858984849e-05,0.03838299751168065,0.050541937554531104,-0.002348436984188257,0.009093635987855762,-0.005574567096033976,-0.00996056387966157,4.058407099810569e-05
4,22,797010,0,18.300000000000125,111.40420721171208,-9.527401940029348,-10.579885222433925,2.1599026536690653,10.798108667410345,1.5229785975110206,-1.8376794589315613,0.25559753547215136,0.2468496193905459,1,1,3,0,0.8748421507476744,-0.0030668726687453378,0.01201936280531189,-0.02421679462496221,0.006450073748311684,-7.794243418726937e-05,0.030524100007904623,0.04722079905198718,-0.0009786579273250448,0.00911734184574257,0.11440463368894985,-0.07954649102546417,6.700928858984849e-05
4,22,797010,0,18.450000000000127,109.97912034156909,-9.487071033763671,-10.329571081614779,1.9107139870560639,10.504802076691591,1.749605584906967,-1.57543056660178,0.24923071230731197,0.25559753547215136,1,1,3,0,0.8738606562114611,-0.004042376218743119,0.010404033178373509,0.04200264500117617,-0.020450316479652366,6.286900797734747e-05,0.024427118689498525,0.042585673928415696,-0.0030668726687453378,0.01201936280531189,-0.02421679462496221,0.006450073748311684,-7.794243418726937e-05
4,22,797010,0,18.60000000000013,108.55643631551112,-9.48321854975041,-10.042847602210012,1.7006043716672075,10.18581578422411,1.9999449931594173,-1.3164260072780456,0.25424753780717235,0.24923071230731197,1,1,3,0,0.872903610276201,-0.004878298882584218,0.008056757713425384,0.002884583221668926,-0.051384627338055024,1.091054316066763e-05,0.0199586866112476,0.037288311545037416,-0.004042376218743119,0.010404033178373509,0.04200264500117617,-0.020450316479652366,6.286900797734747e-05
4,22,797010,0,18.75000000000013,107.1373780330476,-9.44888907551428,-9.716289074739915,1.528663004227968,9.83580621832321,2.27235187848341,-1.0651705482505403,0.25798326532621435,0.25424753780717235,1,1,3,0,0.8719272997310216,-0.007462693998836053,0.008412872585940303,-0.16454206773285068,0.06851648051811049,-4.420576428104954e-05,0.01678925517763398,0.02980663995284298,-0.004878298882584218,0.008056757713425384,0.002884583221668926,-0.051384627338055024,1.091054316066763e-05
4,22,797010,0,18.900000000000134,105.72574716735951,-9.391791952598462,-9.347756531793653,1.3933581560091248,9.451031643614789,2.553875750171125,-0.8247993699742691,0.26546306388130025,0.25798326532621435,1,1,3,0,0.8709366439921689,-0.007313467958303438,0.005108911646066903,-0.16495550923700175,0.0333510929120915,0.00010273574637117333,0.008006246257205632,0.024167160067539818,-0.007462693998836053,0.008412872585940303,-0.16454206773285068,0.06851648051811049,-4.420576428104954e-05
4,22,797010,0,19.050000000000136,104.32715623606198,-9.289987026491554,-8.93766465826664,1.2925536830607829,9.03064474814631,2.8257574716220555,-0.5998367049961328,0.24472077973345874,0.26546306388130025,1,1,3,0,0.8699172658268646,-0.003658937761492021,0.002951445091679383,0.06324356169844701,-0.05631988130962282,2.597641192269242e-05,-0.00902953524741379,0.021174519622899568,-0.007313467958303438,0.005108911646066903,-0.16495550923700175,0.0333510929120915,0.00010273574637117333
4,22,797010,0,19.200000000000138,102.93162855223716,-9.310290123823743,-8.489059353036694,1.2236750345593652,8.576800644155352,3.073398341822986,-0.3934362863316191,0.2554892447511667,0.24472077973345874,1,1,3,0,0.868977538032688,-0.006061959693791958,0.0033272806176588197,0.017570189721606146,-0.027345405344205695,-0.0001128845294615052,-0.02543455270741935,0.016789634994396077,-0.003658937761492021,0.002951445091679383,0.06324356169844701,-0.05631988130962282,2.597641192269242e-05
4,22,797010,0,19.35000000000014,101.53937664989382,-9.267412615856578,-8.0075776256416,1.1843296679360193,8.094685675987018,3.277378851946427,-0.20193326552437407,0.25736339180193585,0.2554892447511667,1,1,3,0,0.8679964593328434,-0.009404338760937835,0.0021384802498935775,-0.018581834828792658,-0.001008144632823768,5.212002331652878e-05,-0.03880648676586652,0.010570502674892578,-0.006061959693791958,0.0033272806176588197,0.017570189721606146,-0.027345405344205695,-0.0001128845294615052
4,22,797010,0,19.500000000000142,100.15459511072986,-9.214183775210312,-7.500564982221907,1.1715568938514789,7.591509771321146,3.4297136350975177,-0.03215616447204517,0.2671587906140958,0.25736339180193585,1,1,3,0,0.867008183908324,-0.011904666944129205,0.0007532083551033885,-0.024924653252061182,0.036485549200849995,5.055446339510279e-05,-0.0514098040410705,0.004153239060080544,-0.009404338760937835,0.0021384802498935775,-0.018581834828792658,-0.001008144632823768,5.212002331652878e-05
4,22,797010,0,19.650000000000144,98.78346225257924,-9.10436131821023,-6.976685802755944,1.1820904898282194,7.076120597934907,3.521347063034372,0.11622802760215356,0.2522946899013355,0.2671587906140958,1,1,3,0,0.865982294152366,-0.010653018986930178,-0.001276847648040656,-0.035973081238080865,-0.007879564034143851,-5.063052647531175e-05,-0.06408685756854547,-0.0005487278242358243,-0.011904666944129205,0.0007532083551033885,-0.024924653252061182,0.036485549200849995,5.055446339510279e-05
4,22,797010,0,19.800000000000146,97.41994686209858,-9.083119893033313,-6.443931977068891,1.2128377445570102,6.557075165019318,3.5639532827232645,0.2445028942758969,0.2553039870657545,0.2522946899013355,1,1,3,0,0.8650134825431448,-0.009932172829485308,-0.0024571764409271734,-0.027817506781148124,-0.0369052502580422,-5.7572782062619895e-05,-0.07736517357292101,-0.004554805026075801,-0.010653018986930178,-0.001276847648040656,-0.035973081238080865,-0.007879564034143851,-5.063052647531175e-05
4,22,797010,0,19.95000000000015,96.06124832786196,-9.045616800152432,-5.910612946025569,1.261167636092825,6.04366521277056,3.54821433568007,0.3562113704928379,0.2520234838130721,0.2553039870657545,1,1,3,0,0.8640331152328122,-0.010216302195130622,-0.002923256468218647,0.06774171688074268,-0.04576405610400319,3.4102748157936766e-05,-0.0911348332070697,-0.009738985139751877,-0.009932172829485308,-0.0024571764409271734,-0.027817506781148124,-0.0369052502580422,-5.7572782062619895e-05
4,22,797010,0,20.10000000000015,94.70606376286715,-9.029223407787784,-5.384974379421154,1.324722249209099,5.5455241505715085,3.4800912265556785,0.4525053273371133,0.2643530439359849,0.2520234838130721,1,1,3,0,0.8630653450549701,-0.014070893099685526,-0.0001832354138532711,0.004899133365967036,0.09139389529032506,3.232942939366072e-06,-0.10168898928558093,-0.016853995927971772,-0.010216302195130622,-0.002923256468218647,0.06774171688074268,-0.04576405610400319,3.4102748157936766e-05
4,22,797010,0,20.250000000000153,93.36035798821003,-8.942608022706352,-4.875278199594517,1.4016346434260925,5.072762284701871,3.3558803931080616,0.5384064866017955,0.2653513706637558,0.2643530439359849,1,1,3,0,0.8620502293662559,-0.015004308105745049,-0.003304346108885515,-0.028863924168926535,0.07081353265963225,-3.4237842070724006e-05,-0.10974257182439269,-0.020916669826373854,-0.014070893099685526,-0.0001832354138532711,0.004899133365967036,0.09139389529032506,3.232942939366072e-06
4,22,797010,0,20.400000000000155,92.0280618778067,-8.851809787268696,-4.3877049018797205,1.4902928670232587,4.633888986097933,3.197700060128536,0.6139714730712866,0.2531879066650152,0.2653513706637558,1,1,3,0,0.8610312801029072,-0.011028066512422304,-0.0044423812920798555,0.03963389702318778,-0.021906024870617106,-1.7850523646154108e-05,-0.11777632395208909,-0.020373002068887813,-0.015004308105745049,-0.003304346108885515,-0.028863924168926535,0.07081353265963225,-3.4237842070724006e-05
4,22,797010,0,20.550000000000157,90.70220681580908,-8.83275791589227,-3.9245935616001724,1.5903671339548637,4.234584069837005,3.033296608941741,0.690755585551452,0.25606150421436613,0.2531879066650152,1,1,3,0,0.8600590385413135,-0.011420843716464596,-0.0038012743993849248,0.03344419277033946,-0.02415219606851651,-1.9966036535400666e-06,-0.1239560435052429,-0.019271168657507935,-0.011028066512422304,-0.0044423812920798555,0.03963389702318778,-0.021906024870617106,-1.7850523646154108e-05
4,22,797010,0,20.70000000000016,89.38080321179399,-8.797719209753408,-3.4874597140493826,1.7023379096696036,3.8807640505209378,2.8568705792066353,0.7712180527339528,0.2567076898180747,0.25606150421436613,1,1,3,0,0.8590757623651304,-0.012711281212174847,-0.0037762514317047986,0.0388957070617061,-0.017523694218056836,2.4730022304019155e-05,-0.12743221568100452,-0.01940729402831858,-0.011420843716464596,-0.0038012743993849248,0.03344419277033946,-0.02415219606851651,-1.9966036535400666e-06
4,22,797010,0,20.85000000000016,88.06496891854366,-8.759490594594034,-3.076996882560579,1.8266020510113599,3.5783215154659356,2.6792429545105136,0.8537552148528439,0.24764986275842726,0.2567076898180747,1,1,3,0,0.858090004836229,-0.011025054138270766,-0.004930757034206034,0.04727435927034715,-0.05010697824454135,-4.315090177373696e-05,-0.1282611989792733,-0.020501637688821277,-0.012711281212174847,-0.0037762514317047986,0.0388957070617061,-0.017523694218056836,2.4730022304019155e-05
4,22,797010,0,21.000000000000163,86.74961442515436,-8.773746411834438,-2.691329337426427,1.963209070064261,3.331282554103562,2.5206410232711165,0.9355567733541658,0.2621114834117636,0.24764986275842726,1,1,3,0,0.8571390293632367,-0.01253071733929452,-0.005072375767219894,-0.07334045202250054,0.0244132567536218,-9.383394808887604e-05,-0.126239277266008,-0.02355486953449959,-0.011025054138270766,-0.004930757034206034,0.04727435927034715,-0.05010697824454135,-4.315090177373696e-05
4,22,797010,0,21.150000000000166,85.44060881241941,-8.703148819056748,-2.3296026850128375,2.111625978501456,3.144203069634856,2.360162595368474,1.0125051115168078,0.2502079299096588,0.2621114834117636,1,1,3,0,0.8561325212669356,-0.009645710919350386,-0.004861387289219819,0.04991944382622079,-0.018944772595587026,7.814937858842604e-06,-0.12583530717315336,-0.02625451933409077,-0.01253071733929452,-0.005072375767219894,-0.07334045202250054,0.0244132567536218,-9.383394808887604e-05
4,22,797010,0,21.300000000000168,84.13529943280625,-8.70148788435321,-1.9897940751565466,2.271410646722023,3.019699784344506,2.220492502817425,1.0875403553691234,0.26176359010475864,0.2502079299096588,1,1,3,0,0.8551717228160826,-0.011217957387019018,-0.006350600630295609,0.009953571487177073,0.011253635132245258,-7.573013235816315e-05,-0.12461494469174357,-0.028885103904936878,-0.009645710919350386,-0.004861387289219819,0.04991944382622079,-0.018944772595587026,7.814937858842604e-06
4,22,797010,0,21.45000000000017,82.8370135970088,-8.632043718299716,-1.671725260322015,2.4414607665399206,2.958951844919482,2.072274189282367,1.1522975680963323,0.26526082253777994,0.26176359010475864,1,1,3,0,0.8541665506300802,-0.011992894425995647,-0.006850868261866223,-0.04893187222218958,0.012608747709450766,-6.35606667357716e-05,-0.12187537044442959,-0.031086978239513622,-0.011217957387019018,-0.006350600630295609,0.009953571487177073,0.011253635132245258,-7.573013235816315e-05
4,22,797010,0,21.600000000000172,81.55123898091638,-8.541670065104801,-1.376568330279636,2.6202432417625197,2.959833612541594,1.915931172161947,1.2069861241042201,0.2539883815364443,0.26526082253777994,1,1,3,0,0.8531479490715351,-0.008428340774815102,-0.005089753180501785,0.13845175276560595,-0.029030196385852268,3.4483238545853245e-05,-0.12057339735112264,-0.03226322462627115,-0.011992894425995647,-0.006850868261866223,-0.04893187222218958,0.012608747709450766,-6.35606667357716e-05
4,22,797010,0,21.750000000000174,80.27254396649963,-8.516002886464397,-1.1047901070201025,2.8065611918798634,3.016180847418737,1.759487208517605,1.2544604713249505,0.2482822682227468,0.2539883815364443,1,1,3,0,0.852172633686435,-0.007808573710608135,-0.004447017944083655,0.003130235359657241,-0.023837196720598964,-5.281514250997904e-05,-0.11482917524977772,-0.03403131073597255,-0.008428340774815102,-0.005089753180501785,0.13845175276560595,-0.029030196385852268,3.4483238545853245e-05
4,22,797010,0,21.900000000000176,78.9945034191789,-8.522231518707036,-0.8575783196192739,2.998508034806994,3.118732275954946,1.5914381291217614,1.2862811611762102,0.2556282951286458,0.2482822682227468,1,1,3,0,0.8512192297764596,-0.009123393272565438,-0.005189030149747494,-0.00033543490657891406,0.021011239607297567,-5.5963671217004225e-06,-0.1066089634112236,-0.036947830448254906,-0.007808573710608135,-0.004447017944083655,0.003130235359657241,-0.023837196720598964,-5.281514250997904e-05
4,22,797010,0,22.05000000000018,77.719966123556,-8.484096295185942,-0.6385640636288206,3.1927360373906275,3.255967977086224,1.39252051794255,1.2927236380859535,0.25185401236383914,0.2556282951286458,1,1,3,0,0.8502376171231656,-0.00826933730570217,-0.005914314863806527,-0.059681651267629435,0.013353062207524313,-3.052783614083895e-05,-0.0986234760721133,-0.03917605118925318,-0.009123393272565438,-0.005189030149747494,-0.00033543490657891406,0.021011239607297567,-5.5963671217004225e-06
4,22,797010,0,22.20000000000018,76.44907637513147,-8.466725146532625,-0.4519718391266603,3.3853950510550916,3.415432358438949,1.1667904140704384,1.2736038522641018,0.25248032070905513,0.25185401236383914,1,1,3,0,0.8492704977156884,-0.006214123977389291,-0.005723802754298275,-0.0407098810751928,0.05003308239590092,-5.6617919541787146e-05,-0.09311667944104557,-0.040212792294894065,-0.00826933730570217,-0.005914314863806527,-0.059681651267629435,0.013353062207524313,-3.052783614083895e-05
4,22,797010,0,22.350000000000183,75.18128748026874,-8.444441523872628,-0.3026256940013812,3.5725507821358153,3.585345367131184,0.9064974174250273,1.2281211409220414,0.2571015762979906,0.25248032070905513,1,1,3,0,0.8483009732841656,-0.005033757037584532,-0.006632913354491732,0.02190332276647801,-0.008337267300510416,1.2081620655216418e-05,-0.09034665466524214,-0.038917115253324426,-0.006214123977389291,-0.005723802754298275,-0.0407098810751928,0.05003308239590092,-5.6617919541787146e-05
4,22,797010,0,22.500000000000185,73.9196462021347,-8.394108823912942,-0.1963009989931399,3.7500831073901253,3.7552173564972886,0.6065610310977969,1.1545740979565122,0.2542120107425259,0.2571015762979906,1,1,3,0,0.8473137032311813,-0.0044260805849145775,-0.0064517008509943526,0.026925140090212296,-0.011006396881263803,-2.818658285367793e-05,-0.08751958709298444,-0.03691781976350247,-0.005033757037584532,-0.006632913354491732,0.02190332276647801,-0.008337267300510416,1.2081620655216418e-05
4,22,797010,0,22.650000000000187,72.66394183474895,-8.359891568533838,-0.13803169213714683,3.913979751451846,3.916412930579371,0.27678631465682857,1.0547398308578244,0.25142397205463446,0.2542120107425259,1,1,3,0,0.84633752910993,-0.002072382144431985,-0.006521081993305356,0.08752466031797736,-0.052324287727638724,8.212948251977523e-06,-0.08334774311022809,-0.0354087332060694,-0.0044260805849145775,-0.0064517008509943526,0.026925140090212296,-0.011006396881263803,-2.818658285367793e-05
4,22,797010,0,22.80000000000019,71.41185068655048,-8.340843207462349,-0.13100532020868894,4.060044325707894,4.062157348089294,-0.06935586953705863,0.9260025007455882,0.25668274176193745,0.25142397205463446,1,1,3,0,0.84537206105724,-0.003334276111866325,-0.006479227095625362,-0.06811585369513229,0.027499221148927958,-3.314327385560032e-05,-0.07564582216759959,-0.03593460833571617,-0.002072382144431985,-0.006521081993305356,0.08752466031797736,-0.052324287727638724,8.212948251977523e-06
4,22,797010,0,22.95000000000019,70.1658200483384,-8.289771808370755,-0.17710638529081565,4.1835512310559135,4.187298362259397,-0.4263868242614337,0.7648236509945616,0.2568093237725404,0.25668274176193745,1,1,3,0,0.8443863993288742,-0.0008815398850872689,-0.0041870661621156244,0.0026937978144208562,0.028145003984978448,3.748140221677452e-05,-0.06929905126723504,-0.036156467886867626,-0.003334276111866325,-0.006479227095625362,-0.06811585369513229,0.027499221148927958,-3.314327385560032e-05
4,22,797010,0,23.100000000000193,68.92765507012871,-8.236673818905796,-0.27622905296908795,4.280368607833051,4.2892724218248075,-0.7772336300833178,0.5790642099953384,0.2707609890232132,0.2568093237725404,1,1,3,0,0.8434002515255876,-0.0028236167044572652,-0.007835828176126717,0.052750792792222216,0.015098857741640836,-1.3589242886238822e-06,-0.06444950044821277,-0.03467577519514645,-0.0008815398850872689,-0.0041870661621156244,0.0026937978144208562,0.028145003984978448,3.748140221677452e-05
4,22,797010,0,23.250000000000195,67.70574125860364,-8.100690463434939,-0.42760758643453245,4.346165664525886,4.367150584932938,-1.1229645787267648,0.36231210611488135,0.26291879372713556,0.2707609890232132,1,1,3,0,0.8423605293277384,-0.00018697046708378084,-0.005645870952469261,0.04558414606605015,0.020891858340419213,-3.4038038666137636e-05,-0.057852355192685105,-0.03201414378979201,-0.0028236167044572652,-0.007835828176126717,0.052750792792222216,0.015098857741640836,-1.3589242886238822e-06
4,22,797010,0,23.400000000000198,66.49973301752667,-8.009610390802388,-0.6274070778689558,4.378158278167726,4.42288475432592,-1.4330359162234658,0.13322527882697477,0.26774332334715256,0.26291879372713556,1,1,3,0,0.8413509211598262,-8.549220275922063e-05,-0.004660749705115744,0.07294982118563179,0.009673013410261814,1.9372620199231425e-05,-0.049020358669478487,-0.02828115191612883,-0.00018697046708378084,-0.005645870952469261,0.04558414606605015,0.020891858340419213,-3.4038038666137636e-05
4,22,797010,0,23.5500000000002,65.31036553911476,-7.888734487073276,-0.8699376939708203,4.374652227678407,4.4603109425826934,-1.7042410790673812,-0.10659973872004302,0.267541642973777,0.26774332334715256,1,1,3,0,0.8403227867981733,-0.0009173063433594215,-0.002295897932086385,-0.038851767107699234,0.07590465153283658,-1.1037723915699466e-05,-0.03724968315772055,-0.023901395919567928,-8.549220275922063e-05,-0.004660749705115744,0.07294982118563179,0.009673013410261814,1.9372620199231425e-05
4,22,797010,0,23.700000000000202,64.13913382252078,-7.767831919770009,-1.1484147588052296,4.334967153151501,4.484506291348481,-1.9278952728348173,-0.3475547529367796,0.26683074842053983,0.267541642973777,1,1,3,0,0.839295426889154,0.0014636591322875097,-0.005161102220158184,0.10120053885395906,-0.05499993815940596,4.013498276384453e-05,-0.026353391159475645,-0.01673367781446563,-0.0009173063433594215,-0.002295897932086385,-0.038851767107699234,0.07590465153283658,-1.1037723915699466e-05
4,22,797010,0,23.850000000000204,62.98571254240311,-7.650206713540306,-1.455225224746484,4.258998217737535,4.50074952351605,-2.0994865192263186,-0.5893534280229924,0.26618656588967526,0.26683074842053983,1,1,3,0,0.8382707968152191,0.0010827055440891253,-0.002618141794674643,0.04311440092017054,0.007456556336047916,-7.320346549532926e-05,-0.013160910523850763,-0.010565559964004904,0.0014636591322875097,-0.005161102220158184,0.10120053885395906,-0.05499993815940596,4.013498276384453e-05
4,22,797010,0,24.000000000000206,61.84962647508439,-7.535706391865336,-1.782724626117707,4.1477085040829955,4.514597759203905,-2.220697844656326,-0.8214698475689038,0.24899999005848977,0.26618656588967526,1,1,3,0,0.8372486404022026,0.004152757894566278,0.0014050774529356428,0.05400280005839161,-0.007305363285671993,4.070676219047245e-05,0.002542123234053938,-0.005411848157922364,0.0010827055440891253,-0.002618141794674643,0.04311440092017054,0.007456556336047916,-7.320346549532926e-05
4,22,797010,0,24.150000000000208,60.72054660906342,-7.5229503937993565,-2.1231199133194307,4.003115386200111,4.531288002496153,-2.2899039642451213,-1.0381145453982803,0.25898219914526466,0.24899999005848977,1,1,3,0,0.8362924804403781,0.0030122259346672246,-0.0004237089978175412,0.051977089253227866,-0.03845859830225775,2.315559111453931e-05,0.019887684162034368,-0.0007342393312179049,0.004152757894566278,0.0014050774529356428,0.05400280005839161,-0.007305363285671993,4.070676219047245e-05
4,22,797010,0,24.30000000000021,59.599281062948606,-7.451249137598875,-2.469733554194093,3.826851543884251,4.554599495854873,-2.318198707493111,-1.2464006681907778,0.2629008694922086,0.25898219914526466,1,1,3,0,0.8352979887956604,0.002013503417092753,0.0036290629647374503,-0.1665458637655935,0.08634949209383097,-8.787365019147612e-05,0.03888022884891026,0.002077187044317546,0.0030122259346672246,-0.0004237089978175412,0.051977089253227866,-0.03845859830225775,2.315559111453931e-05
4,22,797010,0,24.450000000000212,58.4910191770026,-7.357088722462692,-2.8171097395616056,3.621189500275287,4.5879320702945074,-2.3135302863206855,-1.4357362551924715,0.269731387222759,0.2629008694922086,1,1,3,0,0.8342884494568104,0.0023991237671413526,0.0037673342100542294,0.05830986428809068,0.06986569061708395,4.448906853407412e-05,0.05133224690507689,0.007126205382064476,0.002013503417092753,0.0036290629647374503,-0.1665458637655935,0.08634949209383097,-8.787365019147612e-05
4,22,797010,0,24.600000000000215,57.40084974642093,-7.223253630453481,-3.161830042697711,3.3891356607866463,4.635019929420104,-2.2908950895452014,-1.604092487923651,0.26486839068168677,0.269731387222759,1,1,3,0,0.8332526809298748,0.0027938936965648405,0.0024108013422776083,-0.045693547513379555,0.0024519961339685412,-7.147423051721975e-05,0.06203702998359252,0.015862633047120114,0.0023991237671413526,0.0037673342100542294,0.05830986428809068,0.06986569061708395,4.448906853407412e-05
4,22,797010,0,24.750000000000217,56.32776403623936,-7.119360270163466,-3.502339491738912,3.1341558532260336,4.699927108765091,-2.2609628829020787,-1.7489303802849967,0.24939691343113934,0.26486839068168677,1,1,3,0,0.8322355863096572,0.0068000638659157335,0.006051599297526596,-0.04591712043499968,-0.021079643640650216,-7.081063063929866e-05,0.07131520025138204,0.025283151634407808,0.0027938936965648405,0.0024108013422776083,-0.045693547513379555,0.0024519961339685412,-7.147423051721975e-05
4,22,797010,0,24.90000000000022,55.260930815915316,-7.108756009562931,-3.8382771799535877,2.8603291704470823,4.786841826660138,-2.231289214748886,-1.8653229795118018,0.2545030794188337,0.24939691343113934,1,1,3,0,0.8312779021620817,0.007779743306767321,0.00824786859924228,0.017225804994602478,-0.033981994630960764,2.7462163655783653e-05,0.07729456266726163,0.033201153332163204,0.0068000638659157335,0.006051599297526596,-0.04591712043499968,-0.021079643640650216,-7.081063063929866e-05
4,22,797010,0,25.05000000000022,54.19859801914067,-7.069041137263097,-4.169789776754737,2.5716854442081054,4.899052235512514,-2.2021363526018205,-1.9558032510235321,0.25417956643002904,0.2545030794188337,1,1,3,0,0.8303006103371136,0.007708952288017169,0.005698970515800342,-0.01917940013898183,-0.052165252454356346,-2.4103213474211106e-05,0.08246093521845106,0.03873273126242093,0.007779743306767321,0.00824786859924228,0.017225804994602478,-0.033981994630960764,2.7462163655783653e-05
4,22,797010,0,25.200000000000223,53.14197290872878,-7.031795062446843,-4.497265022366532,2.27077777341926,5.038037750717672,-2.176115548880126,-2.033928164479595,0.2541074476962596,0.25417956643002904,1,1,3,0,0.8293245608020223,0.00729076001003072,0.007267996335242717,-0.052962423605173066,-0.043140764168464796,-2.390172315687663e-06,0.08665355885027459,0.04115986238473681,0.007708952288017169,0.005698970515800342,-0.01917940013898183,-0.052165252454356346,-2.4103213474211106e-05
4,22,797010,0,25.350000000000225,52.090847379307476,-6.995361629168903,-4.820823085696513,1.9594144874185346,5.20381017688867,-2.149711575080912,-2.100175918509661,0.2553184025894554,0.2541074476962596,1,1,3,0,0.8283487882028686,0.007989903123164341,0.008536011841373186,-0.007897718744599394,-0.002052690108324963,4.818413077856714e-05,0.08804088830920305,0.040686062077424236,0.00729076001003072,0.007267996335242717,-0.052962423605173066,-0.043140764168464796,-2.390172315687663e-06
4,22,797010,0,25.500000000000227,51.04590040685639,-6.951749283720526,-5.139751102519598,1.6387475877106201,5.394676547493723,-2.116040196581,-2.160605398421151,0.25850976622319594,0.2553184025894554,1,1,3,0,0.8273683655369249,0.007301797825651624,0.008860381225236878,0.0560768186281379,0.009470939268332949,-2.9347057694781192e-05,0.08785201870661775,0.03914113454762297,0.007989903123164341,0.008536011841373186,-0.007897718744599394,-0.002052690108324963,4.818413077856714e-05
4,22,797010,0,25.65000000000023,50.0094239979002,-6.888869676614666,-5.452185056101473,1.3092240694132329,5.6071730444054575,-2.066722948624329,-2.219243698355515,0.25811278247852654,0.25850976622319594,1,1,3,0,0.8263756880346279,0.0061975426430177635,0.009647082367839597,-0.0062983956746390625,0.041094902732414375,-1.0486886545014815e-05,0.08937268160858179,0.03774123433293321,0.007301797825651624,0.008860381225236878,0.0560768186281379,0.009470939268332949,-2.9347057694781192e-05
4,22,797010,0,25.80000000000023,48.982159552057745,-6.828217083218256,-5.754711562388731,0.9709122167410129,5.836041098116727,-1.9911426058156838,-2.2778483249044643,0.25537572735065,0.25811278247852654,1,1,3,0,0.8253845349499104,0.007292302302685454,0.010627489481714455,-0.0004919125132916591,0.04178404708957974,3.298296264264399e-05,0.09136995404667798,0.03783263551608408,0.0061975426430177635,0.009647082367839597,-0.0062983956746390625,0.041094902732414375,-1.0486886545014815e-05
4,22,797010,0,25.950000000000234,47.9623426088332,-6.784075447783375,-6.042217097120278,0.6238461137310072,6.0743371179372225,-1.8780183575428793,-2.33591632749174,0.25767798263299524,0.25537572735065,1,1,3,0,0.8244038921568838,0.006272531753599267,0.00972696954754326,0.04295686323321628,0.022087985470615662,-5.301502804686637e-06,0.0928910073418606,0.039887452614505756,0.007292302302685454,0.010627489481714455,-0.0004919125132916591,0.04178404708957974,3.298296264264399e-05
4,22,797010,0,26.100000000000236,46.950510323087364,-6.726327709453768,-6.308383009422966,0.2681401144086042,6.314079134326035,-1.7205584405099978,-2.3931430040463795,0.2570292743843345,0.25767798263299524,1,1,3,0,0.8234144087035731,0.004383412864460559,0.009106322339691051,0.04251505511934282,0.021274839766341057,-4.97001236216255e-05,0.09568657718865974,0.0430688576391065,0.006272531753599267,0.00972696954754326,0.04295686323321628,0.022087985470615662,-5.301502804686637e-06
4,22,797010,0,26.250000000000238,45.94693733920804,-6.672651387853393,-6.546199318812346,-0.09599858615702317,6.546903180142759,-1.5153824909115965,-2.44873884873285,0.24691558238095035,0.2570292743843345,1,1,3,0,0.8224274162899372,0.006438409713293472,0.010067029609203911,-0.04216895553438866,-0.02325564118275587,5.014371013177896e-05,0.10048964463265841,0.04693837359295119,0.004383412864460559,0.009106322339691051,0.04251505511934282,0.021274839766341057,-4.97001236216255e-05
4,22,797010,0,26.40000000000024,44.94531793177288,-6.679939107703034,-6.748242649048581,-0.46829513499701036,6.764471833328902,-1.2607299695879992,-2.502507594458202,0.26114217919790395,0.24691558238095035,1,1,3,0,0.8214792604535944,0.00553584199232492,0.01039077203513204,-0.13026311755445694,0.019376980038376495,-1.0576896133627597e-05,0.10401348082934199,0.04978577463315897,0.006438409713293472,0.010067029609203911,-0.04216895553438866,-0.02325564118275587,5.014371013177896e-05
4,22,797010,0,26.550000000000242,43.950980802521634,-6.603380985416472,-6.906647509714251,-0.8477832742067495,6.958485201785427,-0.9533254554772301,-2.5473264571744036,0.24948049193605715,0.26114217919790395,1,1,3,0,0.8204764744854743,0.006944304352313379,0.011557049781241545,-0.006027031423013913,-0.007279723212279422,2.3986033614014154e-05,0.10155282299798987,0.05242546347952734,0.00553584199232492,0.01039077203513204,-0.13026311755445694,0.019376980038376495,-1.0576896133627597e-05
4,22,797010,0,26.700000000000244,42.96126031016024,-6.595422740600355,-7.016454951667361,-1.2335434459949077,7.1240627118193185,-0.6228070242454771,-2.587322755908714,0.24452113447883161,0.24948049193605715,1,1,3,0,0.8195184693964398,0.0069965141563322905,0.01109933711226191,0.016875364879063305,-0.04837582661384022,-5.594751546970844e-05,0.09648419033553246,0.054633491115511336,0.006944304352313379,0.011557049781241545,-0.006027031423013913,-0.007279723212279422,2.3986033614014154e-05
4,22,797010,0,26.850000000000247,41.96989267819776,-6.61586270420974,-7.0751568821310755,-1.6246628400766419,7.259295713131724,-0.27831947207137686,-2.620861913279108,0.2521387748175128,0.24452113447883161,1,1,3,0,0.8185795082400411,0.003511332890177098,0.011998290183187545,-0.004225273356788594,0.010924631926991609,-2.206893780316187e-05,0.09205905351221103,0.054445921474592984,0.0069965141563322905,0.01109933711226191,0.016875364879063305,-0.04837582661384022,-5.594751546970844e-05
4,22,797010,0,27.00000000000025,40.98009920781548,-6.589900211575318,-7.081448675165168,-2.0194667673698756,7.36377358176566,0.07210975597890101,-2.6407259878868605,0.2597126197872964,0.2521387748175128,1,1,3,0,0.817611295344742,8.538953460887811e-05,0.012272910566434902,-0.02755702065674574,0.04745784158330852,3.339360552315371e-06,0.08793614020082047,0.053451160495905786,0.003511332890177098,0.011998290183187545,-0.004225273356788594,0.010924631926991609,-2.206893780316187e-05
4,22,797010,0,27.15000000000025,39.99881680011722,-6.517781780778216,-7.035684125424641,-2.4156130819973516,7.43881964256891,0.41591725833220883,-2.6435320771684268,0.24470026296841674,0.2597126197872964,1,1,3,0,0.8166139988847586,0.00287799922997403,0.01147292318241928,0.022663362613607,-0.041929087261533084,-4.6278434713862157e-05,0.08295449221720821,0.05409733779981893,8.538953460887811e-05,0.012272910566434902,-0.02755702065674574,0.04745784158330852,3.339360552315371e-06
4,22,797010,0,27.300000000000253,39.01951467500569,-6.534037788949738,-6.940329543950522,-2.8109411017711814,7.487961275023999,0.7387592194292079,-2.633550935437178,0.24558369674544933,0.24470026296841674,1,1,3,0,0.81567434987496,0.0010289031475419932,0.011750916423552204,-0.10789327424824499,0.017337885133140787,-8.672016230277968e-05,0.07858382290700658,0.05365786651933613,0.00287799922997403,0.01147292318241928,0.022663362613607,-0.041929087261533084,-4.6278434713862157e-05
4,22,797010,0,27.450000000000255,38.03840634159013,-6.543939788578125,-6.799178265234852,-3.202579425537653,7.515672961173809,1.0340303320303617,-2.601384932468156,0.24518423725970168,0.24558369674544933,1,1,3,0,0.8147313084794574,0.0020089994509447083,0.011761204114650687,-0.022873717240853,-0.031820565888675115,-3.099466641870924e-06,0.0708771059170776,0.052788657819096224,0.0010289031475419932,0.011750916423552204,-0.10789327424824499,0.017337885133140787,-8.672016230277968e-05
4,22,797010,0,27.600000000000257,37.05569276704225,-6.555007141634752,-6.617134450872459,-3.5869762474728706,7.526809878086315,1.2942747999374293,-2.5448109116264868,0.26068740128336265,0.24518423725970168,1,1,3,0,0.8137898010083803,-0.001786408880169172,0.010827517180958078,-0.008748331329170666,-0.008241762654282135,1.857463194219438e-05,0.06083666513693339,0.0507691785445606,0.0020089994509447083,0.011761204114650687,-0.022873717240853,-0.031820565888675115,-3.099466641870924e-06
4,22,797010,0,27.75000000000026,36.080710843108534,-6.47216328958973,-6.40002746040315,-3.959944449825887,7.526055510001321,1.5145114756893152,-2.4588263167608218,0.2548896498155742,0.26068740128336265,1,1,3,0,0.812788761387452,-0.0013255335933740936,0.011849579680634917,-0.1303501857161744,0.04760428191634678,-5.180339832337119e-05,0.05074079017211376,0.047663881090259645,-0.001786408880169172,0.010827517180958078,-0.008748331329170666,-0.008241762654282135,1.857463194219438e-05
4,22,797010,0,27.90000000000026,35.11483058116063,-6.422574114183871,-6.153977785919507,-4.317485232547808,7.517454444348775,1.6935977030726168,-2.3472374575247326,0.24951838970194168,0.2548896498155742,1,1,3,0,0.8118099851321602,0.0005596303753728924,0.009704407826965111,0.028982991696005926,-0.03405584031757923,1.241075816417154e-05,0.03638346360628625,0.04601958846375265,-0.0013255335933740936,0.011849579680634917,-0.1303501857161744,0.04760428191634678,-5.180339832337119e-05
4,22,797010,0,28.050000000000264,34.15332747980385,-6.403619446513565,-5.885038368464565,-4.655916499231786,7.504081225980889,1.8332628288214232,-2.211913265483244,0.2479671372958106,0.24951838970194168,1,1,3,0,0.8108518345157049,-0.001311293030988941,0.00974131195482537,-0.031460711099570826,0.02219757093963912,-6.899575163360393e-05,0.021693075604412554,0.04377187992456633,0.0005596303753728924,0.009704407826965111,0.028982991696005926,-0.03405584031757923,1.241075816417154e-05
4,22,797010,0,28.200000000000266,33.193849584333655,-6.392884201919627,-5.5987444875746455,-4.971391757101403,7.487367751067343,1.9378873405594337,-2.05025468706267,0.2593870662299126,0.2479671372958106,1,1,3,0,0.8098996407084891,-0.0034410915788792885,0.011130369665411628,-0.0767287238235337,0.06231827347097899,-5.8620326555771124e-05,0.007353852969404857,0.04158838989894849,-0.001311293030988941,0.00974131195482537,-0.031460711099570826,0.02219757093963912,-6.899575163360393e-05
4,22,797010,0,28.350000000000268,32.242832257941785,-6.313709627525504,-5.2995354578074085,-5.259434502807919,7.46637310599225,2.0150980174520488,-1.856656782064034,0.2584014563872918,0.2593870662299126,1,1,3,0,0.8089035943741664,-0.0032423227733667658,0.00843218842183787,0.04488775180230313,0.011386557890234085,5.84514762715947e-05,-0.009356941977120233,0.04192484753829671,-0.0034410915788792885,0.011130369665411628,-0.0767287238235337,0.06231827347097899,-5.8620326555771124e-05
4,22,797010,0,28.50000000000027,31.303120799884546,-6.240297234982716,-4.990805458407811,-5.516175455256684,7.438839343395547,2.0724895060003075,-1.6405371700362699,0.2640848444611448,0.2584014563872918,1,1,3,0,0.8079113327816393,-0.00667687001440841,0.007108625945609847,0.042907041824173944,0.003841779144509392,-9.771281770661552e-05,-0.02458955315460706,0.04349621231470103,-0.0032423227733667658,0.00843218842183787,0.04488775180230313,0.011386557890234085,5.84514762715947e-05
4,22,797010,0,28.650000000000272,30.377756473002584,-6.133562162690232,-4.675130982043337,-5.738060694628224,7.401499188306301,2.1142820411720193,-1.4005312408624682,0.2634987798991012,0.2640848444611448,1,1,3,0,0.8068972469789085,-0.006996562239294365,0.005493223527132636,-0.06569610284143138,-0.020805493112062225,-4.497092991478486e-05,-0.03624689307302423,0.045074864078190065,-0.00667687001440841,0.007108625945609847,0.042907041824173944,0.003841779144509392,-9.771281770661552e-05
4,22,797010,0,28.800000000000274,29.46800118751176,-6.030854238049608,-4.35340871145902,-5.922281001945921,7.350209498716133,2.154058355619763,-1.1445605994163968,0.26584680314140496,0.2634987798991012,1,1,3,0,0.8058854116640961,-0.0068109516793830515,0.003194064958633178,-0.05734442403195994,-0.047815595677854004,4.410339877815466e-05,-0.04856972223360538,0.045660026654557054,-0.006996562239294365,0.005493223527132636,-0.06569610284143138,-0.020805493112062225,-4.497092991478486e-05
4,22,797010,0,28.950000000000276,28.574982327159304,-5.914879686343581,-4.026079030491113,-6.067147354608071,7.281455169283677,2.1895355666764433,-0.8799111776182196,0.2586641126014007,0.26584680314140496,1,1,3,0,0.8048645599400331,-0.005729808199292813,0.0040084181524773395,0.003675493189199048,-0.01894177757775319,-4.406464994963973e-05,-0.06316573170112591,0.04393950988535265,-0.0068109516793830515,0.003194064958633178,-0.05734442403195994,-0.047815595677854004,4.410339877815466e-05
4,22,797010,0,29.10000000000028,27.694976883203644,-5.8427490959545345,-3.6938227306942686,-6.172028688657351,7.1929315650437715,2.2204145837746356,-0.6132567856964535,0.2566760316155131,0.2586641126014007,1,1,3,0,0.8038712897476438,-0.006744936201355918,0.004818167344267716,0.012815511966149822,-0.00020743298570174393,-8.01611206652547e-05,-0.07750772227154233,0.04065288725077262,-0.005729808199292813,0.0040084181524773395,0.003675493189199048,-0.01894177757775319,-4.406464994963973e-05
4,22,797010,0,29.25000000000028,26.824466181375,-5.78387539818561,-3.3582763125841506,-6.2371380689962415,7.083778023299852,2.2371741262606726,-0.3494764365932289,0.2601660787546705,0.2566760316155131,1,1,3,0,0.8028856537862401,-0.007704047444109323,0.004301206088241965,0.07791719259371495,-0.025841263936247454,-1.2891414948096538e-05,-0.09016609280482787,0.03709339414391653,-0.006744936201355918,0.004818167344267716,0.012815511966149822,-0.00020743298570174393,-8.01611206652547e-05
4,22,797010,0,29.400000000000283,25.964724334286608,-5.705590482564468,-3.0224040269532377,-6.2634657080415845,6.954561724361645,2.2313907755307354,-0.09415653211223211,0.2536458052874832,0.2601660787546705,1,1,3,0,0.8018866160438222,-0.007812500096546842,0.005170794258749757,0.04933879142195587,0.005001838839952169,1.3660722268991799e-05,-0.09865030563444609,0.032671929858346105,-0.007704047444109323,0.004301206088241965,0.07791719259371495,-0.025841263936247454,-1.2891414948096538e-05
4,22,797010,0,29.550000000000285,25.112778129118702,-5.666703199524249,-2.689239078634227,-6.2529052678082575,6.8066754814841675,2.2066009845103225,0.14659913016893603,0.26711677609315804,0.2536458052874832,1,1,3,0,0.8009126161515181,-0.010890555044438343,0.0021460994250139744,-0.04936647220173343,0.014958912633588691,-5.225925581983611e-05,-0.10310733516363696,0.02811111750751049,-0.007812500096546842,0.005170794258749757,0.04933879142195587,0.005001838839952169,1.3660722268991799e-05
4,22,797010,0,29.700000000000287,24.27459332340088,-5.5485452492165415,-2.3640312376979296,-6.208042103283232,6.642923336073426,2.1381418337289966,0.3690718327458975,0.249143079385737,0.26711677609315804,1,1,3,0,0.7998868877313202,-0.0072640024755771145,-0.0010413913855297629,0.05788803657264325,-0.0946593805360588,-2.2639605798829593e-05,-0.10789145773094591,0.024396573721618464,-0.010890555044438343,0.0021460994250139744,-0.04936647220173343,0.014958912633588691,-5.225925581983611e-05
4,22,797010,0,29.85000000000029,23.443497985359866,-5.53670062358719,-2.051321503743912,-6.1325005898769245,6.466489263623888,2.0463844632841504,0.5641781544430416,0.2656110818937324,0.249143079385737,1,1,3,0,0.7989301783064789,-0.011174162447245317,0.000545724192072376,-0.08024961323699956,0.06196280487148312,-0.00012021645308079722,-0.11085291039393663,0.017698774397588955,-0.0072640024755771145,-0.0010413913855297629,0.05788803657264325,-0.0946593805360588,-2.2639605798829593e-05
4,22,797010,0,30.00000000000029,22.62386534031923,-5.428016660937072,-1.7586880600556842,-6.02954498219424,6.280795840089548,1.890549498741645,0.7405954015480103,0.24401703206182596,0.2656110818937324,1,1,3,0,0.7979102317520069,-0.007163359729906588,-0.0011271576294437531,0.05568773019011073,-0.04940893410810232,-2.7233966786019352e-05,-0.1152286687689,0.012021563529658804,-0.011174162447245317,0.000545724192072376,-0.08024961323699956,0.06196280487148312,-0.00012021645308079722
4,22,797010,0,30.150000000000293,21.807752497440905,-5.447158271819955,-1.4926261663578586,-5.902802240513406,6.0885964854887735,1.7023090724932668,0.8905373649573257,0.261128737785733,0.24401703206182596,1,1,3,0,0.7969732063488896,-0.009306733764491197,-0.002508136792293741,0.03926520111077585,0.005536153858120773,-0.00014543574244435124,-0.11845017881282878,0.006028849829961,-0.007163359729906588,-0.0011271576294437531,0.05568773019011073,-0.04940893410810232,-2.7233966786019352e-05
4,22,797010,0,30.300000000000296,20.9988622155321,-5.365313890180018,-1.2616503514479405,-5.755788675856463,5.8924413353402345,1.4459979432247834,1.0182207905729057,0.2551432562478696,0.261128737785733,1,1,3,0,0.7959704719957924,-0.008704066470108216,-0.003247821243559129,0.12865902374607055,-0.0095546698664324,-4.421063260920402e-05,-0.118739250119945,-0.0001924178647246303,-0.009306733764491197,-0.002508136792293741,0.03926520111077585,0.005536153858120773,-0.00014543574244435124
4,22,797010,0,30.450000000000298,20.198745225206224,-5.3184013754045,-1.073125985996441,-5.591796807283904,5.693837977653676,1.1508584982662178,1.1244413649274307,0.24255836263848302,0.2551432562478696,1,1,3,0,0.7949907218918005,-0.006604826971441352,-0.0033528508956022765,0.05521719477928877,-0.049005520422354586,1.4370116936496254e-05,-0.11327364980455912,-0.0061637993880559825,-0.008704066470108216,-0.003247821243559129,0.12865902374607055,-0.0095546698664324,-4.421063260920402e-05
4,22,797010,0,30.6000000000003,19.39837054772035,-5.344355570611867,-0.9307435179907451,-5.413741899476211,5.4931671056346065,0.838504624378154,1.2120652124020563,0.25558623406443504,0.24255836263848302,1,1,3,0,0.7940592977792689,-0.007674258882919127,-0.004034554523687563,0.03204955710343565,-0.003442952887753435,3.308192954421584e-05,-0.10359025290729927,-0.013625977315218557,-0.006604826971441352,-0.0033528508956022765,0.05521719477928877,-0.049005520422354586,1.4370116936496254e-05
4,22,797010,0,30.750000000000302,18.602004910133505,-5.291275403812683,-0.8379888112534282,-5.224549311797277,5.291326937469215,0.49982191191026204,1.2796976279798837,0.25169972841591765,0.25558623406443504,1,1,3,0,0.7930778466404613,-0.006157056681702484,-0.00344814323467234,0.05694330973677979,0.03407924676672343,-1.2559721963829862e-06,-0.09214450918762666,-0.021492761048519163,-0.007674258882919127,-0.004034554523687563,0.03204955710343565,-0.003442952887753435,3.308192954421584e-05
4,22,797010,0,30.900000000000304,17.811494641909462,-5.2592607562003035,-0.7959379832236024,-5.026715355109264,5.08934028479422,0.16357599556666713,1.332826567930351,0.2399269377414333,0.25169972841591765,1,1,3,0,0.7921113196833443,-0.002511688701752697,-0.0037118534793277517,-0.08699996440878968,0.041877008003354754,-1.1174122993724494e-05,-0.07857035519358979,-0.0275333687254033,-0.006157056681702484,-0.00344814323467234,0.05694330973677979,0.03407924676672343,-1.2559721963829862e-06
4,22,797010,0,31.050000000000306,17.01898958345434,-5.295267109143409,-0.8022302998952036,-4.821871745628645,4.888151039540594,-0.15093974755922202,1.377083965781191,0.24816271610408075,0.2399269377414333,1,1,3,0,0.791190000242417,0.00018330918648744543,-0.0042944837438649444,-0.019157861711249093,0.03316942627709467,9.638522616420703e-06,-0.06796850309308591,-0.03090745556854661,-0.002511688701752697,-0.0037118534793277517,-0.08699996440878968,0.041877008003354754,-1.1174122993724494e-05
4,22,797010,0,31.20000000000031,16.226138514405413,-5.280772478369048,-0.8541983492582652,-4.611101141293279,4.689553129575538,-0.4499828295999593,1.4148051537892665,0.2626473821761415,0.24816271610408075,1,1,3,0,0.7902370554125775,-0.0023337081297228873,-0.008110498225423847,-0.0075831785386772516,0.0337080271626975,3.770837504646185e-05,-0.06032461077390716,-0.031956911143894935,0.00018330918648744543,-0.0042944837438649444,-0.019157861711249093,0.03316942627709467,9.638522616420703e-06
4,22,797010,0,31.35000000000031,15.44415429039659,-5.179357633989469,-0.9499356194663413,-4.395532516536058,4.497008314986387,-0.737583572543359,1.4443707129165495,0.24494710902346406,0.2626473821761415,1,1,3,0,0.789228489465021,0.0025986781254284585,-0.008430380693509073,0.022985403906768013,-0.03342726358060149,2.547544144876733e-06,-0.053763664479013436,-0.030880001442967264,-0.0023337081297228873,-0.008110498225423847,-0.0075831785386772516,0.0337080271626975,3.770837504646185e-05
4,22,797010,0,31.500000000000313,14.666932918195908,-5.1824469276016,-1.084918543759855,-4.174949386030461,4.313612247584398,-0.9860010443859624,1.479738942592494,0.26523152102589426,0.24494710902346406,1,1,3,0,0.788287892566371,0.0013035270313823425,-0.009484768663857035,0.025570162940347793,0.007907894027874642,-7.684274760672694e-05,-0.04695058506464039,-0.030250774532109313,0.0025986781254284585,-0.008430380693509073,0.022985403906768013,-0.03342726358060149,2.547544144876733e-06
4,22,797010,0,31.650000000000315,13.901433910178671,-5.063684620236427,-1.2551206000845987,-3.949543669284079,4.144179402045557,-1.2138277915975433,1.510072958891976,0.259005015593213,0.26523152102589426,1,1,3,0,0.7872694035256317,0.0024927210197265835,-0.008927796442241094,0.002556199770955373,-0.0021798783849502927,-8.884262128307581e-05,-0.03928037672030517,-0.029691081429301276,0.0013035270313823425,-0.009484768663857035,0.025570162940347793,0.007907894027874642,-7.684274760672694e-05
4,22,797010,0,31.800000000000317,13.150108545281832,-4.981336341200108,-1.456273956631442,-3.7194066432297337,3.994335941613383,-1.409876045164911,1.5420640591278398,0.2666038177881553,0.259005015593213,1,1,3,0,0.7862748242657539,0.001985283107714744,-0.009586965112512363,0.05877472100956024,-0.023154640511689067,-5.7909917469523094e-05,-0.03162577382842112,-0.02882138980995087,0.0024927210197265835,-0.008927796442241094,0.002556199770955373,-0.0021798783849502927,-8.884262128307581e-05
4,22,797010,0,31.95000000000032,12.415739644978185,-4.8529551625919,-1.6846162345623732,-3.4849982152309096,3.8708066882645706,-1.5842715069211861,1.568378777353297,0.26750451286137,0.2666038177881553,1,1,3,0,0.7852510656054476,0.0006242688781564065,-0.009357022281335807,-0.003463590211072649,0.0017325467889645265,-2.3041687770070325e-05,-0.022326901628092644,-0.02860750308490338,0.001985283107714744,-0.009586965112512363,0.05877472100956024,-0.023154640511689067,-5.7909917469523094e-05
4,22,797010,0,32.100000000000314,11.701218994685185,-4.718675607138226,-1.93728520126173,-3.247319225162812,3.7812902693577635,-1.7411468681701436,1.5874858933449563,0.2631862197303575,0.26750451286137,1,1,3,0,0.7842238482760597,0.0018830280301891263,-0.009305335688561043,0.09366449194952245,-0.01899556281147102,5.0440719593577194e-05,-0.012742777696805275,-0.028460137043208534,0.0006242688781564065,-0.009357022281335807,-0.003463590211072649,0.0017325467889645265,-2.3041687770070325e-05
4,22,797010,0,32.250000000000306,11.004299211472453,-4.609824309022987,-2.2119535398313666,-3.0077653973467946,3.7335494034295613,-1.8834351116283325,1.596209280128227,0.24862997734889314,0.2631862197303575,1,1,3,0,0.7832132131922952,0.0045882673524785915,-0.007714393500494108,0.023823564251771956,-0.041347472212761256,-2.4968049403245765e-05,-0.0004400326759451999,-0.02869773710100841,0.0018830280301891263,-0.009305335688561043,0.09366449194952245,-0.01899556281147102,5.0440719593577194e-05
4,22,797010,0,32.4000000000003,10.315016834042154,-4.587913671145532,-2.5066456562587405,-2.767970657304117,3.734291633728865,-2.0132072096044533,1.5935776755208615,0.24901027425380556,0.24862997734889314,1,1,3,0,0.7822584740792753,0.005785542732099445,-0.008202814370124267,0.08609281611959284,-0.06734756577144228,1.7474778556866287e-05,0.01351065631726121,-0.030539607023329505,0.0045882673524785915,-0.007714393500494108,0.023823564251771956,-0.041347472212761256,-2.4968049403245765e-05
4,22,797010,0,32.55000000000029,9.629221966634113,-4.564057053758479,-2.8203173305721876,-2.530964236533343,3.789455081108185,-2.1385308032313506,1.5661388094908335,0.26380711959916736,0.24901027425380556,1,1,3,0,0.7813022746261405,0.0015654176695856152,-0.00881562774498998,0.10310454967731153,0.0031720142791447172,-3.036519212355945e-05,0.02999050140391796,-0.035254708894289194,0.005785542732099445,-0.008202814370124267,0.08609281611959284,-0.06734756577144228,1.7474778556866287e-05
4,22,797010,0,32.70000000000028,8.955792322843497,-4.4524227256383835,-3.1528493825794435,-2.3016444645075858,3.9035914835225762,-2.264011228089112,1.5023326248526725,0.2738462298541945,0.26380711959916736,1,1,3,0,0.7802892552868796,5.1249006682529045e-05,-0.007741378744572276,-0.22115289201479116,0.13593859394449548,-0.00017012139912245857,0.050656009500997835,-0.0404901307952873,0.0015654176695856152,-0.00881562774498998,0.10310454967731153,0.0031720142791447172,-3.036519212355945e-05
4,22,797010,0,32.85000000000027,8.304976694975938,-4.2820883881189955,-3.503424230908685,-2.0854050027050963,4.077118512752058,-2.3823791441412956,1.403976311563246,0.25902371602696267,0.2738462298541945,1,1,3,0,0.7792376857642396,0.006309956538704388,-0.008624743009788584,0.08221890518180648,-0.005751303373013375,3.6296144417976275e-05,0.06363222776288843,-0.04003935961156292,5.1249006682529045e-05,-0.007741378744572276,-0.22115289201479116,0.13593859394449548,-0.00017012139912245857
4,22,797010,0,33.00000000000026,7.670691650406136,-4.201889603419357,-3.8716353621167556,-1.8862825434265051,4.30669504502333,-2.500083892802059,1.2825257028255357,0.2567009301344648,0.25902371602696267,1,1,3,0,0.7782430346946959,0.006534609290633658,-0.006964228611203188,-0.06128215197526814,0.057942398549694595,-0.00019641289206301325,0.0746648825995997,-0.03711380999118322,0.006309956538704388,-0.008624743009788584,0.08221890518180648,-0.005751303373013375,3.6296144417976275e-05
4,22,797010,0,33.150000000000254,7.046968349855801,-4.136375840777732,-4.2574384650267945,-1.7075601419884254,4.587106268879896,-2.616433455814664,1.139443475732265,0.2527228121015008,0.2567009301344648,1,1,3,0,0.7772573031229796,0.009181131021339464,-0.006746047481200971,0.019120098507193633,-0.012039447412163014,-7.653385831237856e-05,0.08399093061900989,-0.03211326102184889,0.006534609290633658,-0.006964228611203188,-0.06128215197526814,0.057942398549694595,-0.00019641289206301325
4,22,797010,0,33.300000000000246,6.430597832273479,-4.095585168590721,-4.659856274014086,-1.5523821482833284,4.911634231981979,-2.723696051805035,0.97580718308946,0.2632542980032848,0.2527228121015008,1,1,3,0,0.7762868475245099,0.007621912131170011,-0.006576258230814438,0.014272043414294444,0.021815958216676264,-0.0001272923970232035,0.09204909102212296,-0.026634139058191064,0.009181131021339464,-0.006746047481200971,0.019120098507193633,-0.012039447412163014,-7.653385831237856e-05
4,22,797010,0,33.45000000000024,5.8265863744347435,-3.9924139537254932,-5.076357064737895,-1.424047022746695,5.272315522776313,-2.8095873049367834,0.7894500391509692,0.2541585282309513,0.2632542980032848,1,1,3,0,0.7752759510201772,0.008543096328839634,-0.004470656544482262,0.04008733175148161,-0.00464892169105753,-6.23373785203639e-05,0.10019543218068136,-0.020721918188998784,0.007621912131170011,-0.006576258230814438,0.014272043414294444,0.021815958216676264,-0.0001272923970232035
4,22,797010,0,33.60000000000023,5.232528266894871,-3.9444920891963915,-5.503294602855053,-1.3249665259582049,5.660546597345817,-2.8696977414419855,0.5904063476577179,0.2513841871332857,0.2541585282309513,1,1,3,0,0.7742999822717703,0.009712871047868735,-0.00651058363557101,-0.04297815505434488,-0.049124690395211355,-5.420476319613685e-06,0.10928932517845551,-0.014818402049968274,0.008543096328839634,-0.004470656544482262,0.04008733175148161,-0.00464892169105753,-6.23373785203639e-05
4,22,797010,0,33.75000000000022,4.643862296090932,-3.914532867977914,-5.9352223144551175,-1.2576021673335358,6.066994901373164,-2.888637772141922,0.3729093262267168,0.24965622728719455,0.2513841871332857,1,1,3,0,0.7733346669931784,0.012446534983905615,-0.0032096401958045095,-0.12360505365008258,-0.016308293314580048,5.071418783224621e-05,0.1166375865866143,-0.01102690546964291,0.009712871047868735,-0.00651058363557101,-0.04297815505434488,-0.049124690395211355,-5.420476319613685e-06
4,22,797010,0,33.90000000000021,4.058534453727162,-3.896031138168285,-6.365105133919688,-1.2238823173100428,6.481701265291001,-2.8588151527141976,0.14545793561178,0.24290522105431028,0.24965622728719455,1,1,3,0,0.7723759870803957,0.0142916066100197,-0.0011092118034949122,-0.011165035870602004,0.012315494153251958,4.258310033655431e-05,0.11781327484102883,-0.008846211530616429,0.012446534983905615,-0.0032096401958045095,-0.12360505365008258,-0.016308293314580048,5.071418783224621e-05
4,22,797010,0,34.0500000000002,3.4719569778210406,-3.917687584201733,-6.786411390691413,-1.2250993034234856,6.896103817878242,-2.7881834976177178,-0.08961105179376505,0.25069691102914027,0.24290522105431028,1,1,3,0,0.7714432310315471,0.012731166079688315,-0.0006610277618238387,0.022316428802004486,0.049526825109369406,-7.233370000727295e-05,0.1158663470684438,-0.006595765566904142,0.0142916066100197,-0.0011092118034949122,-0.011165035870602004,0.012315494153251958,4.258310033655431e-05
4,22,797010,0,34.200000000000195,2.8868700717051663,-3.8919566730615194,-7.192382300559508,-1.2621702577620528,7.302289840658259,-2.67009247625437,-0.32973680600323635,0.26111852720595535,0.25069691102914027,1,1,3,0,0.7704805548931952,0.009838964356998017,-0.0030844822250290145,-0.03388864038594542,0.01987911969541808,-0.00014468344447080974,0.11427779224071587,-0.0024180393314175716,0.012731166079688315,-0.0006610277618238387,0.022316428802004486,0.049526825109369406,-7.233370000727295e-05
4,22,797010,0,34.350000000000186,2.31196814117982,-3.8029640060865875,-7.5759655789057945,-1.3354482825344842,7.6927678093186795,-2.5057432529236934,-0.570819806224207,0.25444351576523705,0.26111852720595535,1,1,3,0,0.7694778597487244,0.01145575031160026,0.0010495712595767189,-0.027983136557816667,0.03830309560693077,-8.868980373126351e-05,0.11161318933395446,0.003183705065093769,0.009838964356998017,-0.0030844822250290145,-0.03388864038594542,0.01987911969541808,-0.00014468344447080974
4,22,797010,0,34.50000000000018,1.7464826982922688,-3.753267275020953,-7.93139903328337,-1.443295248269557,8.061649446536723,-2.307482498552882,-0.7952004897232758,0.24641613240184645,0.25444351576523705,1,1,3,0,0.7685007966481859,0.012659562690578023,0.0018851477129620104,0.009878169874017172,-0.013964974607648986,-7.412531927144126e-05,0.10714368775077529,0.010199772105396418,0.01145575031160026,0.0010495712595767189,-0.027983136557816667,0.03830309560693077,-8.868980373126351e-05
4,22,797010,0,34.65000000000017,1.1837366638814224,-3.7507216902338483,-8.254744904022793,-1.5831261473344966,8.405183033632548,-2.0868604240822934,-1.0023622856376484,0.25725683100363916,0.24641613240184645,1,1,3,0,0.767554558699763,0.009690323464057585,-0.0002564924779044827,0.03955312340876508,-0.03148618520715389,-1.2974671514128477e-05,0.10246359927162156,0.01688061716793611,0.012659562690578023,0.0018851477129620104,0.009878169874017172,-0.013964974607648986,-7.412531927144126e-05
4,22,797010,0,34.80000000000016,0.6279890725155077,-3.682041465309159,-8.542909767176667,-1.7524269047197105,8.72079740313396,-1.846388474055302,-1.1933337215040585,0.2512817035424144,0.25725683100363916,1,1,3,0,0.766566692468709,0.010036775366804444,0.0010803412206339556,-0.03449500001536205,-0.03502107631406061,-4.809741966337426e-05,0.0994088802691694,0.021692398007997833,0.009690323464057585,-0.0002564924779044827,0.03955312340876508,-0.03148618520715389,-1.2974671514128477e-05
4,22,797010,0,34.95000000000015,0.07902250410285028,-3.6485685485626975,-8.79440102093234,-1.9483899698129523,9.007647461543081,-1.6011072015934626,-1.364558846832494,0.23865407602272198,0.2512817035424144,1,1,3,0,0.7656017707271061,0.011946951348560084,0.0049595645044964685,0.05222937283188124,-0.0448119565073822,-1.3810973918247737e-05,0.09569488171951958,0.024305278989188425,0.010036775366804444,0.0010803412206339556,-0.03449500001536205,-0.03502107631406061,-4.809741966337426e-05
5,22,1046394,0.4,0,349.33663239865564,-19.587424933211878,37.698581907231116,-38.27811208040128,53.72519839196479,-0.8948517697985285,-2.252918415557219,0.4057647718079039,0,1,0,1,1,1,0.002752881274978427,-0.0011654734733334842,-0.09711812938862217,0.13680979076480446,-0.00028940347892417536,0.03419563911855221,-0.04115443684160709,0,0,0,0,0
5,22,1046394,0.4,0.15000000000000002,346.32942041517623,-20.12575140274349,37.54562388096513,-38.61807720527935,53.86120830100097,-1.0824872452854748,-2.275408564479279,0.7127405783202716,0.3883181204871179,1,0.3235984337392649,1,1,0.9993786910072207,-0.0013376632085792023,0.0004895224441848074,0.21057524168444153,0.25018148629414955,0.0009071923389424644,0.030578081980486223,-0.03608791298617571,0.002752881274978427,-0.0011654734733334842,-0.09711812938862217,0.13680979076480446,-0.00028940347892417536
5,22,1046394,0.4,0.3,343.37515091383904,-19.364737646051793,37.37099686173785,-38.96180869076516,53.98716461248733,-1.2069797650283458,-2.2960592502289634,0.6034368584141713,0.7127405783202716,1,0.6471968674785298,1,1,0.9978765350553953,0.0022371211395231776,-0.001832727433199764,0.04448559237674426,0.025425101872578983,-0.0005615411017794636,0.033137418233340904,-0.01964874042934603,-0.0013376632085792023,0.0004895224441848074,0.21057524168444153,0.25018148629414955,0.0009071923389424644
5,22,1046394,0.4,0.44999999999999996,340.5955514765723,-17.54403466459935,37.18485231856933,-39.302860045392926,54.10571180292848,-1.2391822756403659,-2.25919693509852,0.14963007698149106,0.6034368584141713,1,0.9707953012177947,3,1,0.9956558874164312,0.0023514431481250543,0.0010911920900813765,-0.4170151580952912,0.12947038676140324,-0.00042436950731781364,0.0409092577736616,0.0012236614061389125,0.0022371211395231776,-0.001832727433199764,0.04448559237674426,0.025425101872578983,-0.0005615411017794636
5,22,1046394,0.4,0.6,338.17519468464394,-15.828863246638612,37.00180576903281,-39.62948812543827,54.21835444988609,-1.234907988101441,-2.128519680421074,0.195461690819692,0.2151187379270533,1,1,3,1,0.9935058448011531,0.006063172619200308,0.0049362351643997045,-0.1410015594159712,0.18055163639194607,-0.00032878862693209006,0.03630242855194071,0.025961447001010947,0.0023514431481250543,0.0010911920900813765,-0.4170151580952912,0.12947038676140324,-0.00042436950731781364
5,22,1046394,0.4,0.7500000000000001,335.83502054636375,-15.487433234284865,36.81258148254459,-39.92909078513663,54.30928508401365,-1.2856184004889954,-1.9227348968407045,0.16887580770135258,0.195461690819692,1,1,3,1,0.9922861638504381,0.012718445370606594,0.0016515906253293654,-0.2386798464181661,-0.030173833520718157,0.00028664892533210865,0.01906894475359546,0.05792977597234207,0.006063172619200308,0.0049362351643997045,-0.1410015594159712,0.18055163639194607,-0.00032878862693209006
5,22,1046394,0.4,0.9000000000000002,333.5214239752075,-15.392518924087646,36.61359294560222,-40.19202933027058,54.36868961149959,-1.3601823908159898,-1.6599441482842305,0.2015689206543535,0.16887580770135258,1,1,3,1,0.9912323788103815,0.012910975301134671,0.004349196073350404,0.01627456772668494,-0.11085407617765418,0.0005222576891101958,-0.00874598636494341,0.08983530014032247,0.012718445370606594,0.0016515906253293654,-0.2386798464181661,-0.030173833520718157,0.00028664892533210865
5,22,1046394,0.4,1.0500000000000003,331.251694329656,-15.001627602364161,36.39888175086925,-40.40565621607132,54.382861702609084,-1.48284603478909,-1.2988966655388432,0.17271390331514908,0.2015689206543535,1,1,3,1,0.9899745887454985,0.012322512398181216,0.006859458871786556,0.07051034178128943,-0.13457951478098273,3.0742406395603325e-05,-0.03891012667165464,0.11486322060633983,0.012910975301134671,0.004349196073350404,0.01627456772668494,-0.11085407617765418,0.0005222576891101958
5,22,1046394,0.4,1.2000000000000004,329.0135910150868,-14.880761140330621,36.160182186013145,-40.56255424142331,54.34040469405864,-1.6604555461145474,-0.9150403681760801,0.19344873576484561,0.17271390331514908,1,1,3,1,0.988896853988812,0.009651913138529167,0.006126304353985424,0.1330634398107909,-0.18485962059094266,7.563704400454722e-05,-0.0646292783768253,0.13105604072697088,0.012322512398181216,0.006859458871786556,0.07051034178128943,-0.13457951478098273,3.0742406395603325e-05
5,22,1046394,0.4,1.3500000000000005,326.81207271817806,-14.575233333359337,35.88823784648312,-40.65645379474283,54.23018394667127,-1.9035341917897497,-0.4791438061366733,0.17982779901782453,0.19344873576484561,1,1,3,1,0.9876897338776395,0.007795264335304792,0.009469441792218506,0.051543369360086334,-0.14140878663507056,-1.238997373211258e-05,-0.08284251772706355,0.13669139351399842,0.009651913138529167,0.006126304353985424,0.1330634398107909,-0.18485962059094266,7.563704400454722e-05
5,22,1046394,0.4,1.5000000000000007,324.6436043891844,-14.397185016963514,35.57605862261816,-40.685482699079444,54.04594757775144,-2.1828054998242674,-0.05071033894514443,0.1938298870974583,0.17982779901782453,1,1,3,1,0.9865676084117682,0.005405022899454315,0.008048588051076114,0.15262684850283945,-0.12541192063859555,8.238266586021564e-05,-0.09584984823318077,0.13309572542620263,0.007795264335304792,0.009469441792218506,0.051543369360086334,-0.14140878663507056,-1.238997373211258e-05
5,22,1046394,0.4,1.6500000000000008,322.51456186867085,-14.091688294726742,35.21740902488827,-40.64978010806297,53.78355251617499,-2.5062260300918893,0.38054570051158776,0.18862622339566942,0.1938298870974583,1,1,3,1,0.9853581099162801,0.003397217919933773,0.009298066380972372,-0.01151050238259455,9.019075606209866e-05,-1.2027542128604409e-05,-0.10165646339864867,0.12223918119168074,0.005405022899454315,0.008048588051076114,0.15262684850283945,-0.12541192063859555,8.238266586021564e-05
5,22,1046394,0.4,1.800000000000001,320.4267493206547,-13.83201349120139,34.80903322173454,-40.55243771976864,53.44313799588805,-2.839968946045193,0.7805613727534886,0.18757634136148738,0.18862622339566942,1,1,3,1,0.9841810822822911,0.005178211314583956,0.0068014464867385445,-0.009990934081107036,-0.012086751378162014,3.0616854668788134e-05,-0.10490026830617209,0.10950965289866693,0.003397217919933773,0.009298066380972372,-0.01151050238259455,9.019075606209866e-05,-1.2027542128604409e-05
5,22,1046394,0.4,1.950000000000001,318.3772332393957,-13.578940407323236,34.350878589824596,-40.398596831826076,53.028572353716044,-3.169748532212803,1.1455139003512482,0.17622903743553514,0.18757634136148738,1,1,3,1,0.9830106059121954,0.009688831082858472,0.004024378651907131,0.09519354433301526,-0.07589273060021495,3.617307138008799e-05,-0.1086746602378453,0.09689670928760179,0.005178211314583956,0.0068014464867385445,-0.009990934081107036,-0.012086751378162014,3.0616854668788134e-05
5,22,1046394,0.4,2.1000000000000005,316.35562158924347,-13.426400807273653,33.84604422326905,-40.19463272636898,52.54677163795294,-3.4698649877689607,1.4641172256438741,0.18227397450273103,0.17622903743553514,1,1,3,1,0.9819109367185977,0.010395780830230024,0.0034868569218486634,0.04579270573433181,0.014654133653270682,-3.8535471594355895e-05,-0.10914886165900985,0.08192031429532984,0.009688831082858472,0.004024378651907131,0.09519354433301526,-0.07589273060021495,3.617307138008799e-05
5,22,1046394,0.4,2.25,314.3626927725211,-13.215801691969657,33.298580541099255,-39.94579119095168,52.00443923284999,-3.744182271619379,1.7534729122380217,0.17284395034636846,0.18227397450273103,1,1,3,1,0.9807735471177008,0.011177852374615107,0.00186212126617731,0.06003011604514319,0.007782866529510545,2.9974212974299598e-05,-0.10653811854409022,0.06697518566706205,0.010395780830230024,0.0034868569218486634,0.04579270573433181,0.014654133653270682,-3.8535471594355895e-05
5,22,1046394,0.4,2.3999999999999995,312.39298044197267,-13.08896791925836,32.715198216751155,-39.6575910389808,51.41020055763611,-3.964751859361604,2.0030189403704823,0.19073882557076433,0.17284395034636846,1,1,3,1,0.9796950008675396,0.008925551257136087,0.00033285618990602333,0.026815394118671888,0.08507189796848175,-1.7029809515051305e-05,-0.10142873493341233,0.053485770367040435,0.011177852374615107,0.00186212126617731,0.06003011604514319,0.007782866529510545,2.9974212974299598e-05
5,22,1046394,0.4,2.549999999999999,310.4589366190796,-12.795728354436346,32.10235471633278,-39.33387052285269,50.77119802251857,-4.147948817242564,2.234156834793975,0.17490417527880742,0.19073882557076433,1,1,3,1,0.978504790595978,0.009494876800303538,-0.002324368897985372,0.08385418100213421,0.040736590826603,5.293369704944051e-05,-0.09492792926801545,0.04414083619232186,0.008925551257136087,0.00033285618990602333,0.026815394118671888,0.08507189796848175,-1.7029809515051305e-05
5,22,1046394,0.4,2.6999999999999984,308.55452565423394,-12.64605302477418,31.469577996464604,-38.978369616225564,50.09638347440527,-4.255086178438594,2.4376262419660373,0.18449644943470528,0.17490417527880742,1,1,3,1,0.977413388542238,0.010565572227063702,-0.0035090957584483265,0.0442835462949523,0.010754700417999516,2.4086760343009904e-05,-0.0855999972382528,0.03850230638785097,0.009494876800303538,-0.002324368897985372,0.08385418100213421,0.040736590826603,5.293369704944051e-05
5,22,1046394,0.4,2.849999999999998,306.68159812640005,-12.406054692884979,30.826953988897145,-38.59312603443534,49.39362782124221,-4.29962483232707,2.633938446011709,0.18494360669480592,0.18449644943470528,1,1,3,1,0.9762621306977656,0.009085253172992929,-0.005951659264108935,-0.02725478622303921,0.03359932320924332,-3.714997246759366e-05,-0.07409857536204162,0.03447910869016898,0.010565572227063702,-0.0035090957584483265,0.0442835462949523,0.010754700417999516,2.4086760343009904e-05
5,22,1046394,0.4,2.9999999999999973,304.8452433947164,-12.160367843948602,30.183994582751044,-38.179284972235386,48.66961403137181,-4.281485950966075,2.822388269935068,0.16855754186421817,0.18494360669480592,1,1,3,1,0.9751080825919901,0.012922974435460354,-0.0075811789781913405,0.06357825042810464,-0.0543453160709563,6.03619087420153e-05,-0.06390742833827402,0.03234185767444697,0.009085253172992929,-0.005951659264108935,-0.02725478622303921,0.03359932320924332,-3.714997246759366e-05
5,22,1046394,0.4,3.149999999999997,303.0008415718621,-12.463492744102489,29.55212962121352,-37.73859142682119,47.93255311403251,-4.1765340240542,2.994505294377684,0.2730271537882317,0.16855754186421817,1,1,3,0,0.9743259755977401,0.010466287639971808,-0.006328521137635388,0.06700958687071586,-0.0001233053177908834,4.596433460492856e-06,-0.05286889723127658,0.029149514970478844,0.012922974435460354,-0.0075811789781913405,0.06357825042810464,-0.0543453160709563,6.03619087420153e-05
5,22,1046394,0.4,3.2999999999999963,301.1405254651087,-12.371290301427834,28.93892926161513,-37.27112433791504,47.18684494878935,-4.047513703220944,3.178588842318477,0.2532674062871074,0.2730271537882317,1,1,3,0,0.9732775513271932,0.009818860111942298,-0.00594579052330244,-0.0039818566067707575,0.016178644967643464,-0.00014247417333679383,-0.03925092927015969,0.02537127095169587,0.010466287639971808,-0.006328521137635388,0.06700958687071586,-0.0001233053177908834,4.596433460492856e-06
5,22,1046394,0.4,3.4499999999999957,299.28289734722205,-12.390542588108477,28.349002253199043,-36.77615817658227,46.4343810013753,-3.880745720858869,3.3617956614346323,0.25635370357095577,0.2532674062871074,1,1,3,0,0.9723050044870507,0.011192456320235931,-0.009611607062174968,-0.053757820308190554,-0.06710631281938996,-8.540192613865377e-05,-0.025781154198878505,0.022626710418625726,0.009818860111942298,-0.00594579052330244,-0.0039818566067707575,0.016178644967643464,-0.00014247417333679383
5,22,1046394,0.4,3.599999999999995,297.4242195734479,-12.391450616259505,27.786420105734955,-36.25405396098463,45.6775828048987,-3.692429104675444,3.5413686866102903,0.2612578006154822,0.25635370357095577,1,1,3,0,0.9713206062653381,0.009242554396732272,-0.011967285956289089,-0.007695229878502769,-0.024658091742819303,-5.043650221518742e-05,-0.015586347565198166,0.01813361283597214,0.011192456320235931,-0.009611607062174968,-0.053757820308190554,-0.06710631281938996,-8.540192613865377e-05
5,22,1046394,0.4,3.7499999999999947,295.5682423721704,-12.3640104595378,27.252310252851238,-35.705587677041294,44.91745101272493,-3.5033747150765495,3.7147209834667727,0.26229092884504945,0.2612578006154822,1,1,3,0,0.9703173763109746,0.008455516467415287,-0.010370162452149879,-0.036626829699341806,0.036973465736156855,-3.4204945410275504e-05,-0.007625904674691434,0.012162771372836957,0.009242554396732272,-0.011967285956289089,-0.007695229878502769,-0.024658091742819303,-5.043650221518742e-05
5,22,1046394,0.4,3.899999999999994,293.7169971277937,-12.330423070563976,26.745792368130175,-35.13149407636839,44.1538139398743,-3.3230501898315943,3.8842275555342107,0.25101708192809735,0.26229092884504945,1,1,3,0,0.9693101791442095,0.011956689976384691,-0.0106513667856542,-0.0708828504209805,-0.004820530987216998,6.063514809304414e-07,-0.0019558670809172556,0.007848092298768056,0.008455516467415287,-0.010370162452149879,-0.036626829699341806,0.036973465736156855,-3.4204945410275504e-05
5,22,1046394,0.4,4.049999999999994,291.8643843928097,-12.36089125047799,26.265159189517703,-34.532672825859756,43.386219929242266,-3.1553032609109546,4.046668811401999,0.24368479989200426,0.25101708192809735,1,1,3,0,0.9683462735496055,0.014414407180589959,-0.01240014855526253,0.027283949634891176,-0.08042633673337621,-8.975124284602375e-07,-0.00026808099377770804,0.004629335708799199,0.011956689976384691,-0.0106513667856542,-0.0708828504209805,-0.004820530987216998,6.063514809304414e-07
5,22,1046394,0.4,4.199999999999993,290.0030413710964,-12.432960290615563,25.80761114859898,-33.91068194394232,42.614165990906194,-3.008483000731453,4.196438507864735,0.24600357289350222,0.24368479989200426,1,1,3,0,0.9674105239180202,0.013832169627158898,-0.011998417328326254,0.03219339881717999,-0.04641042828597183,-1.6883962881910402e-05,0.0006362939961858662,-0.0010871077205213213,0.014414407180589959,-0.01240014855526253,0.027283949634891176,-0.08042633673337621,-8.975124284602375e-07
5,22,1046394,0.4,4.3499999999999925,288.1322277634401,-12.491647142215115,25.369841814089483,-33.26800396652853,41.837650048597155,-2.8834022354194158,4.327483247624574,0.2645808636630154,0.24600357289350222,1,1,3,0,0.9664658701981093,0.0092269645034772,-0.013573807572934011,-0.04462929110423459,0.030776707190207152,-1.4001450297726661e-05,0.0027512841213110702,-0.009236725703775888,0.013832169627158898,-0.011998417328326254,0.03219339881717999,-0.04641042828597183,-1.6883962881910402e-05
5,22,1046394,0.4,4.499999999999992,286.263201547231,-12.44444578366219,24.94876636188638,-32.608698573880815,41.058107185575544,-2.7782673836221483,4.427728934743299,0.24638203601849262,0.2645808636630154,1,1,3,0,0.9654498796816434,0.011898483668927937,-0.014927548228314541,0.005106542476566721,-0.020592448970787255,3.693042194557738e-05,0.0033293484285660765,-0.016144837025400916,0.0092269645034772,-0.013573807572934011,-0.04462929110423459,0.030776707190207152,-1.4001450297726661e-05
5,22,1046394,0.4,4.6499999999999915,284.3908726390252,-12.501064758744107,24.542712574904606,-31.937138458749722,40.278102654764304,-2.679802124777476,4.4999493688049945,0.2542123576997433,0.24638203601849262,1,1,3,0,0.9645037726633325,0.011028664323631388,-0.017137883877317198,-0.03242138311383471,0.003624591141159896,1.9890267499465013e-05,0.0029206512797338756,-0.022365423306920526,0.011898483668927937,-0.014927548228314541,0.005106542476566721,-0.020592448970787255,3.693042194557738e-05
5,22,1046394,0.4,4.799999999999991,282.5144998537508,-12.513200863786476,24.151136861761728,-31.258464177763692,39.50150623037155,-2.5833453744628074,4.534604149807073,0.2539993807264928,0.2542123576997433,1,1,3,0,0.9635275972097657,0.010554109137813773,-0.017162279058770626,-0.02809620885969037,0.010234346783840144,6.432431629526346e-05,0.0010929206506063356,-0.027918679502879983,0.011028664323631388,-0.017137883877317198,-0.03242138311383471,0.003624591141159896,1.9890267499465013e-05
5,22,1046394,0.4,4.94999999999999,280.63618358283486,-12.526560197589607,23.774383920530813,-30.578101318541577,38.732952521693825,-2.4826794094588447,4.534046643507876,0.25516381946641864,0.2539993807264928,1,1,3,0,0.9625522395877759,0.011068621312131223,-0.016371405963303026,-0.05343857855505205,0.028399800863225574,2.9775462543067807e-06,-0.0025630178963543227,-0.03214041077344013,0.010554109137813773,-0.017162279058770626,-0.02809620885969037,0.010234346783840144,6.432431629526346e-05
5,22,1046394,0.4,5.09999999999999,278.756537300818,-12.5331678691356,23.413683258366984,-29.901341480503817,37.977503683849896,-2.372160959515,4.4983884741109765,0.26804043130286237,0.25516381946641864,1,1,3,0,0.9615724105210247,0.007553267701356227,-0.0179067329504639,0.11306334654786357,0.0493270739013417,6.614678485169166e-06,-0.008791310333415289,-0.034342631772388985,0.011068621312131223,-0.016371405963303026,-0.05343857855505205,0.028399800863225574,2.9775462543067807e-06
5,22,1046394,0.4,5.249999999999989,276.8832414669646,-12.46634871389498,23.07005719625718,-29.23397872395407,37.240475978042724,-2.256063912657579,4.422614139523832,0.25821160671361065,0.26804043130286237,1,1,3,0,0.9605431352648216,0.0061592510546248655,-0.018185845584741133,0.09385854757599989,0.02232745430578922,-2.0534117316775733e-05,-0.011670374999916487,-0.033514720487984796,0.007553267701356227,-0.0179067329504639,0.11306334654786357,0.0493270739013417,6.614678485169166e-06
5,22,1046394,0.4,5.399999999999989,275.0143984191753,-12.455203289082728,22.745445761825728,-28.580839446778075,36.52697203966764,-2.1230827335120868,4.318693452060108,0.25292037682806723,0.25821160671361065,1,1,3,0,0.9595516026950414,0.007673159154647971,-0.017068289351241533,-0.061585383730886845,-0.033773362012242306,-3.262351424206066e-05,-0.009058463274872343,-0.030460129491777614,0.0061592510546248655,-0.018185845584741133,0.09385854757599989,0.02232745430578922,-2.0534117316775733e-05
5,22,1046394,0.4,5.549999999999988,273.14426928453634,-12.473638499118607,22.443158169368637,-27.9458239628528,35.84221569013356,-1.9667836168756443,4.1896027038035895,0.2517092172422726,0.25292037682806723,1,1,3,0,0.9585803884480217,0.00931114228775522,-0.0158067206929447,-0.04857788922006689,-0.01268372084463951,5.666851542265827e-05,-0.00741795149678749,-0.027920172450716946,0.007673159154647971,-0.017068289351241533,-0.061585383730886845,-0.033773362012242306,-3.262351424206066e-05
5,22,1046394,0.4,5.699999999999988,271.2707344472832,-12.498485724476069,22.1657118683659,-27.332735327583393,35.190868177968305,-1.7979672875174317,4.035074787758187,0.25982285072101785,0.2517092172422726,1,1,3,0,0.9576138250538113,0.007060137585406562,-0.015761610695657405,0.029943340150835003,-0.003016381679575915,3.8310202137670606e-05,-0.009056645691984869,-0.026136692329662523,0.00931114228775522,-0.0158067206929447,-0.04857788922006689,-0.01268372084463951,5.666851542265827e-05
5,22,1046394,0.4,5.849999999999987,269.39813792005026,-12.47668346783963,21.91302318656968,-26.745533671743637,34.57606334679402,-1.6360690504577953,3.853918472155286,0.24634239738223823,0.25982285072101785,1,1,3,0,0.9566161053070427,0.008272135747769381,-0.017596079151019496,0.0745901701293617,-0.09660773617200587,-5.06780271865898e-06,-0.010597580311542634,-0.024325833342370165,0.007060137585406562,-0.015761610695657405,0.029943340150835003,-0.003016381679575915,3.8310202137670606e-05
5,22,1046394,0.4,5.999999999999987,267.52114465037,-12.531562416628045,21.683543664551557,-26.18765456507792,33.999548783364176,-1.4857717320828272,3.6514039571053156,0.26120274048707903,0.24634239738223823,1,1,3,0,0.9556701505010948,0.0053651424588287795,-0.014970259680136273,-0.2044244816275765,0.02359901299230841,-7.866356364687629e-05,-0.008976704983423818,-0.02574837855740466,0.008272135747769381,-0.017596079151019496,0.0745901701293617,-0.09660773617200587,-5.06780271865898e-06
5,22,1046394,0.4,6.149999999999986,265.6444301198856,-12.501353234323595,21.47393210690987,-25.66231983613487,33.46168584372664,-1.364138183974087,3.427597997986521,0.24727473210548623,0.26120274048707903,1,1,3,0,0.9546671319776244,0.008695544900393424,-0.01470916710246884,-0.024961702782790685,-0.005486635943752953,0.00010685670055582511,-0.013860479464561816,-0.02746476131839183,0.0053651424588287795,-0.014970259680136273,-0.2044244816275765,0.02359901299230841,-7.866356364687629e-05
5,22,1046394,0.4,6.299999999999986,263.7643140762245,-12.55047025959319,21.278649231471377,-25.17180632385356,32.96059384661616,-1.2836610163712583,3.192133725583553,0.26016380685659235,0.24727473210548623,1,1,3,0,0.9537175970063394,0.00713377599647409,-0.013739394022946187,-0.05967960884414547,0.04837848201880796,-3.965449256196369e-05,-0.023262469575779383,-0.02839853832959332,0.008695544900393424,-0.01470916710246884,-0.024961702782790685,-0.005486635943752953,0.00010685670055582511
5,22,1046394,0.4,6.449999999999985,261.8841949743861,-12.525960083028362,21.089259076859307,-24.717712145067264,32.49187809433764,-1.2660733401676798,2.94657549425927,0.2625182208770472,0.26016380685659235,1,1,3,0,0.9527185679880102,0.006032425523159401,-0.012249206178759419,-0.042518348707816046,0.08251789250918858,-8.457840379630968e-05,-0.03493289475787828,-0.027152399828521086,0.00713377599647409,-0.013739394022946187,-0.05967960884414547,0.04837848201880796,-3.965449256196369e-05
5,22,1046394,0.4,6.5999999999999845,260.0090918341207,-12.488069963988465,20.89549919916057,-24.30029982428101,32.04881368057282,-1.3192131965675016,2.703784765331319,0.2680794971911762,0.2625182208770472,1,1,3,0,0.9517104980198423,0.005252074993408441,-0.015313392064854775,0.026943630058869038,-0.00014483228279827564,-2.3227262625902724e-05,-0.048681426701743136,-0.02166794302036356,0.006032425523159401,-0.012249206178759419,-0.042518348707816046,0.08251789250918858,-8.457840379630968e-05
5,22,1046394,0.4,6.749999999999984,258.1428000138228,-12.418923822964416,20.68627460662278,-23.918830069195273,31.623288712271002,-1.4470709636096935,2.466671006299537,0.2686479754011172,0.2680794971911762,1,1,3,0,0.9506810727506282,0.004003318695926519,-0.012316322301084986,0.03899844069285378,0.07166550983784761,-7.148956105003146e-05,-0.06147032112623085,-0.014604747132761595,0.005252074993408441,-0.015313392064854775,0.026943630058869038,-0.00014483228279827564,-2.3227262625902724e-05
5,22,1046394,0.4,6.8999999999999835,256.2871653384463,-12.346933824688847,20.450918121451902,-23.570838977323614,31.20616128435614,-1.6433589698639461,2.2511628290974124,0.2678851540791797,0.2686479754011172,1,1,3,0,0.949649464525088,0.0032352929823578056,-0.01242006425678745,0.12188430444105147,-0.024814642591454602,2.3189949057191472e-05,-0.07162995648947727,-0.004935678093353978,0.004003318695926519,-0.012316322301084986,0.03899844069285378,0.07166550983784761,-7.148956105003146e-05
5,22,1046394,0.4,7.049999999999983,254.44184878537322,-12.279716294633891,20.180406439534114,-23.25288883445889,30.78872591083452,-1.8948437509056424,2.0589349333755935,0.2604604533561802,0.2678851540791797,1,1,3,0,0.948620785533424,0.004519949691349587,-0.012383944792253009,0.13975280674780075,-0.11020582087192089,-5.560249041041146e-06,-0.07602451261422463,0.004869852532820868,0.0032352929823578056,-0.01242006425678745,0.12188430444105147,-0.024814642591454602,2.3189949057191472e-05
5,22,1046394,0.4,7.199999999999982,252.60240251084076,-12.254549702827369,19.868979234518285,-22.96148549076865,30.364554199996054,-2.1756957496807074,1.8889907479462438,0.26134162658237303,0.2604604533561802,1,1,3,0,0.9476206173925362,0.003271575037740044,-0.008118082652188366,0.04706541745538275,-0.015369522530685426,2.081989474037838e-05,-0.0728947757253761,0.009899210574587496,0.004519949691349587,-0.012383944792253009,0.13975280674780075,-0.11020582087192089,-5.560249041041146e-06
5,22,1046394,0.4,7.349999999999982,250.7672927067884,-12.2237219807818,19.51372584405063,-22.693382044683496,29.9295019160482,-2.4712856258441915,1.7404082525419802,0.26359155073827906,0.26134162658237303,1,1,3,0,0.9466170655464597,0.0026526212941124505,-0.007757310069320851,-0.021333872349630932,0.006986544297783087,4.7665193101290605e-05,-0.06582493965220403,0.012336590215442757,0.003271575037740044,-0.008118082652188366,0.04706541745538275,-0.015369522530685426,2.081989474037838e-05
5,22,1046394,0.4,7.499999999999981,248.93817782508665,-12.179193698831119,19.11409944484635,-22.44625920821637,29.481915643830096,-2.7657579963429715,1.6048136841222074,0.270240809713186,0.26359155073827906,1,1,3,0,0.9456048739916249,0.003670977660320689,-0.0065954625499262355,-0.09294966769075035,0.03441911328180558,3.403593433276195e-05,-0.059249858575651175,0.014841447199498715,0.0026526212941124505,-0.007757310069320851,-0.021333872349630932,0.006986544297783087,4.7665193101290605e-05
5,22,1046394,0.4,7.649999999999981,247.11961961345813,-12.095937750963936,18.67132878350692,-22.218081500895742,29.021744677435564,-3.0493231810328516,1.4832516640116167,0.25690871295943984,0.270240809713186,1,1,3,0,0.9445671492823262,0.008987000300090338,-0.005371092203936259,0.052550992914999956,-0.011667986504684317,3.112546067659013e-05,-0.05703466286810762,0.018802193888694,0.003670977660320689,-0.0065954625499262355,-0.09294966769075035,0.03441911328180558,3.403593433276195e-05
5,22,1046394,0.4,7.79999999999998,245.30599911752387,-12.088204700823423,18.188600002304327,-22.00686718680904,28.55043560826485,-3.306456961447398,1.3742537706666895,0.25883465037999875,0.25690871295943984,1,1,3,0,0.943580619824562,0.009635029980789505,-0.004157059302761146,0.05237728401413473,-0.007079700082308787,-4.6664226051636806e-05,-0.05492698692923289,0.022872849228696653,0.008987000300090338,-0.005371092203936259,0.052550992914999956,-0.011667986504684317,3.112546067659013e-05
5,22,1046394,0.4,7.94999999999998,243.49467464422844,-12.06909608643245,17.66946056528888,-21.81088027442417,28.06998993611441,-3.5410621527535637,1.2761143685786935,0.26440818973215563,0.25883465037999875,1,1,3,0,0.9425866947671028,0.009116019656227952,-0.004462043407869202,0.0718756462990938,-0.026418157627419274,1.3415502356348146e-05,-0.05036600181446466,0.026343396084699065,0.009635029980789505,-0.004157059302761146,0.05237728401413473,-0.007079700082308787,-4.6664226051636806e-05
5,22,1046394,0.4,8.09999999999998,241.6894479565534,-12.017656636819348,17.11762591574481,-21.62902552761932,27.58310827781718,-3.7501281687326573,1.1834337912706134,0.2628775210827906,0.26440818973215563,1,1,3,0,0.9415713673185312,0.008803709417489607,-0.0047120879045538635,0.06605607536582785,-0.03251321339957365,2.415846927015676e-05,-0.04279701620022647,0.028618301615803768,0.009116019656227952,-0.004462043407869202,0.0718756462990938,-0.026418157627419274,1.3415502356348146e-05
5,22,1046394,0.4,8.249999999999982,239.8911218434256,-11.974358437088476,16.537418049181646,-21.461038741347075,27.093585580188513,-3.929148339630083,1.090578975443035,0.2609080224475988,0.2628775210827906,1,1,3,0,0.9405619176375732,0.008565084838884072,-0.003995340358532776,0.1317159388937528,-0.02338507229670238,8.401328568436374e-05,-0.03227050454116667,0.029211005527582642,0.008803709417489607,-0.0047120879045538635,0.06605607536582785,-0.03251321339957365,2.415846927015676e-05
5,22,1046394,0.4,8.399999999999984,238.09822725183597,-11.94169167799235,15.933315012107697,-21.307289172232853,26.60584708563529,-4.078500130621698,0.994204892520858,0.2635007813255994,0.2609080224475988,1,1,3,0,0.9395600308313744,0.007876211769489043,-0.0018146614862137578,-0.015490959639601613,0.02675460989497053,3.520520322630689e-05,-0.01665101309029915,0.02844622091529108,0.008565084838884072,-0.003995340358532776,0.1317159388937528,-0.02338507229670238,8.401328568436374e-05
5,22,1046394,0.4,8.549999999999986,236.31176512856115,-11.893738784233468,15.309605219413843,-21.168343580675426,26.124371416817404,-4.200390264957202,0.8943035920591114,0.25911396351331006,0.2635007813255994,1,1,3,0,0.9385481878310841,0.009770571622380906,-0.0018643255846801485,0.034474936628896995,-0.006226501111963662,2.86745785677893e-05,-0.0005112579484089245,0.028377450358931723,0.007876211769489043,-0.0018146614862137578,-0.015490959639601613,0.02675460989497053,3.520520322630689e-05
5,22,1046394,0.4,8.699999999999989,234.52999744477918,-11.870818666994321,14.669843592937605,-21.045119145408727,25.653486135137683,-4.301040097991496,0.7871828870960738,0.2588381597369013,0.25911396351331006,1,1,3,0,0.937553190211193,0.010867969721562846,-0.0035652175554549037,0.12178615792771375,-0.07671213480119837,5.722494148486565e-05,0.01527222401132134,0.028623828371795154,0.009770571622380906,-0.0018643255846801485,0.034474936628896995,-0.006226501111963662,2.86745785677893e-05
5,22,1046394,0.4,8.84999999999999,232.75148582664002,-11.849770842190752,14.01624899667362,-20.938888839880786,25.19706930945816,-4.389364615222913,0.6705587569898528,0.26276375194567514,0.2588381597369013,1,1,3,0,0.9365592516778034,0.009591238863984917,-0.0016102178380546228,-0.06295033332809381,0.046525640468397245,-4.1357491330130136e-05,0.03480978181583387,0.026000897158754813,0.010867969721562846,-0.0035652175554549037,0.12178615792771375,-0.07671213480119837,5.722494148486565e-05
5,22,1046394,0.4,8.999999999999993,230.97829773351094,-11.80711709820812,13.350191035569237,-20.850750120943598,24.758460802162617,-4.470339021885676,0.5481139905138888,0.2621444726348776,0.26276375194567514,1,1,3,0,0.9355502388703322,0.010484698007348742,-0.0015912128114066277,-0.022250003376058567,0.03555950003663415,2.2303907129252316e-05,0.05261811734535495,0.023955110584204107,0.009591238863984917,-0.0016102178380546228,-0.06295033332809381,0.046525640468397245,-4.1357491330130136e-05
5,22,1046394,0.4,9.149999999999995,229.2110291338687,-11.769268292584192,12.672096884301258,-20.781472290995595,24.34032929166192,-4.551030840787565,0.42153460739745885,0.25873277068904965,0.2621444726348776,1,1,3,0,0.9345436040954141,0.01309301496813046,-0.001965222178243022,0.038153457181569136,-0.002595730366406076,3.7172140778668463e-08,0.06697291178959595,0.024248010407607025,0.010484698007348742,-0.0015912128114066277,-0.022250003376058567,0.03555950003663415,2.2303907129252316e-05
5,22,1046394,0.4,9.299999999999997,227.447325679499,-11.752569524310303,11.981581838133884,-20.731119802414455,23.944469749943522,-4.634812912963683,0.2961964363271251,0.2509292398202051,0.25873277068904965,1,1,3,0,0.9335500702559683,0.014737517066119742,8.851241810548205e-05,0.04670901893996413,0.0073621878532135025,-5.2622299439707844e-05,0.081007849572584,0.02512491429321563,0.01309301496813046,-0.001965222178243022,0.038153457181569136,-0.002595730366406076,3.7172140778668463e-08
5,22,1046394,0.4,9.45,225.6814769888757,-11.782414756847214,11.27803081144281,-20.698740382074263,23.57184405998744,-4.722496904179756,0.17967448045078682,0.2638165089758845,0.2509292398202051,1,1,3,0,0.9325865019750585,0.012875291668634296,0.0010723734721288746,-0.11253339174741128,0.05483774414015433,-6.304200230791251e-05,0.0961004998001213,0.026187241019789073,0.014737517066119742,8.851241810548205e-05,0.04670901893996413,0.0073621878532135025,-5.2622299439707844e-05
5,22,1046394,0.4,9.600000000000001,223.91831974995534,-11.740570647025894,10.562251983870109,-20.68235353410738,23.223283890969686,-4.800258938894703,0.07887993604309318,0.25609822564546825,0.2638165089758845,1,1,3,0,0.9315734465805912,0.016039083879913936,0.0011531202541724263,-0.043217265849020074,0.0438998442983549,4.066053911108497e-05,0.1064650233737538,0.029314502143037307,0.012875291668634296,0.0010723734721288746,-0.11253339174741128,0.05483774414015433,-6.304200230791251e-05
5,22,1046394,0.4,9.750000000000004,222.15683882622528,-11.744645894299735,9.835364933536782,-20.679177615149115,22.898969195462254,-4.87199676792034,-0.0018260438148554048,0.2787153788218163,0.25609822564546825,1,1,3,0,0.9305900293941126,0.01408718763133828,4.815629539812908e-05,0.04828604452498897,0.0226375620268107,2.446775184631412e-07,0.11205388703284484,0.03481222158217551,0.016039083879913936,0.0011531202541724263,-0.043217265849020074,0.0438998442983549,4.066053911108497e-05
5,22,1046394,0.4,9.900000000000006,220.4075473519785,-11.620736206768537,9.100350228786354,-20.685014941084916,22.59836758262592,-4.915876622689057,-0.05072533694962922,0.2614806462645689,0.2787153788218163,1,1,3,0,0.9295197623394369,0.015707951212789322,-0.0012054480377547173,0.05303618490121803,-0.057475294968644286,1.4169715116608488e-05,0.11780046543316812,0.04156323151666503,0.01408718763133828,4.815629539812908e-05,0.04828604452498897,0.0226375620268107,2.446775184631412e-07
5,22,1046394,0.4,10.050000000000008,218.66687716360417,-11.59650892944604,8.360415041683197,-20.695303703010374,22.32021807754211,-4.941333857995762,-0.0706202984109473,0.27783579477125936,0.2614806462645689,1,1,3,0,0.928515676657781,0.013352876494209515,-0.0007419060677231672,0.01726974036015429,-0.031016426814667795,6.681561757987594e-05,0.12551432246951294,0.04617903895046796,0.015707951212789322,-0.0012054480377547173,0.05303618490121803,-0.057475294968644286,1.4169715116608488e-05
5,22,1046394,0.4,10.20000000000001,216.93900400493908,-11.48068327583783,7.6218254314932405,-20.704735366178518,22.063052587791216,-4.913527956892783,-0.052145643009613774,0.2730586609301422,0.27783579477125936,1,1,3,0,0.9274487872058594,0.013295774225023788,3.5826247111789194e-05,0.0901172644371626,-0.022028624395710565,8.373312112808297e-05,0.13385498615485955,0.04833580794990851,0.013352876494209515,-0.0007419060677231672,0.01726974036015429,-0.031016426814667795,6.681561757987594e-05
5,22,1046394,0.4,10.350000000000012,215.22559842096302,-11.393967152885125,6.8923830068725405,-20.7080430389488,21.824939633739685,-4.834562881791856,-0.00016486540665094918,0.2599239604539152,0.2730586609301422,1,1,3,0,0.9264002419478877,0.01420814948806917,0.00014803089621986978,-0.04654265495228441,-0.05235268174108402,6.18873069048879e-06,0.1448484218275486,0.04898385932917555,0.013295774225023788,3.5826247111789194e-05,0.0901172644371626,-0.022028624395710565,8.373312112808297e-05
5,22,1046394,0.4,10.500000000000014,213.51749450859168,-11.384294463361824,6.180159121190993,-20.70060637683477,21.60345970283215,-4.701277944672743,0.08108077317112561,0.2583311915672706,0.2599239604539152,1,1,3,0,0.9254021339397447,0.01622557757210659,0.0016339318290544212,-0.03905467806298783,-0.027532547419639796,5.3375394227145005e-05,0.15458448250116616,0.04725403685254688,0.01420814948806917,0.00014803089621986978,-0.04654265495228441,-0.05235268174108402,6.18873069048879e-06
5,22,1046394,0.4,10.650000000000016,211.80970160235387,-11.385920485970637,5.494436625179774,-20.677850818774864,21.395381471514483,-4.503289158943424,0.19332788850643634,0.2562766491834833,0.2583311915672706,1,1,3,0,0.9244101421641264,0.01717038396951013,0.005170072771882001,-0.08699774208391334,0.06461845629206794,-9.2765812964568e-06,0.16091307788755785,0.043640724974924404,0.01622557757210659,0.0016339318290544212,-0.03905467806298783,-0.027532547419639796,5.3375394227145005e-05
5,22,1046394,0.4,10.800000000000018,210.10036745457808,-11.400403669064158,4.84408695068791,-20.635061664502608,21.19601255622505,-4.24952707586302,0.337622668807509,0.2559113193298612,0.2562766491834833,1,1,3,0,0.9234260398312619,0.01805628982542561,0.0040777200866562256,-0.05306307854567765,0.04153594232293116,-4.7429693072505246e-05,0.1623868410584459,0.04203277677495357,0.01717038396951013,0.005170072771882001,-0.08699774208391334,0.06461845629206794,-9.2765812964568e-06
5,22,1046394,0.4,10.95000000000002,208.38866140407822,-11.41677125015822,4.236405536993974,-20.567867942971255,20.999626748906223,-3.9510975282247314,0.5097452535388728,0.2509344556314501,0.2559113193298612,1,1,3,0,0.9224433403650353,0.018727515356000462,0.0013031181205552962,0.05570476764381604,-0.03909186355351536,-7.191412825244854e-05,0.15968827642069897,0.04309594462510304,0.01805628982542561,0.0040777200866562256,-0.05306307854567765,0.04153594232293116,-4.7429693072505246e-05
5,22,1046394,0.4,11.100000000000023,206.67178500533188,-11.460281814754063,3.6762822345875206,-20.472433118178436,20.799893481617474,-3.6257318502053693,0.7056886579219583,0.2614022969430232,0.2509344556314501,1,1,3,0,0.9214797520554106,0.014987757343570156,0.00036186600124988417,0.04668863593696579,-0.019817495160520747,-8.706705921912144e-05,0.15770833733464515,0.043327449666585346,0.018727515356000462,0.0013031181205552962,0.05570476764381604,-0.03909186355351536,-7.191412825244854e-05
5,22,1046394,0.4,11.250000000000025,204.9544668645359,-11.443005242864768,3.1678457580062607,-20.345167980329766,20.590315852224165,-3.272288098690489,0.9252510450401441,0.25694700060228204,0.2614022969430232,1,1,3,0,0.9204759672351495,0.013536609173496299,-7.64676649045948e-05,-0.05932882573124925,-0.028565898740647612,-2.9204495557228858e-06,0.15808988222382994,0.04208542298389098,0.014987757343570156,0.00036186600124988417,0.04668863593696579,-0.019817495160520747,-8.706705921912144e-05
5,22,1046394,0.4,11.400000000000027,203.23728688173432,-11.450229148919327,2.713241324904223,-20.183474773001603,20.36502718877537,-2.9119474000778607,1.159016946412176,0.24904012152378918,0.25694700060228204,1,1,3,0,0.9194892907528367,0.015251791039722247,0.00027008866808036765,-0.007172164809805632,-0.03756429589399442,2.0924509295329442e-05,0.15666398683121407,0.039510211806983504,0.013536609173496299,-7.64676649045948e-05,-0.05932882573124925,-0.028565898740647612,-2.9204495557228858e-06
5,22,1046394,0.4,11.55000000000003,201.51459687311836,-11.501647764226593,2.3122091900744683,-19.98589226674916,20.119199811045387,-2.5576985014201292,1.4002306074772046,0.25735936614350247,0.24904012152378918,1,1,3,0,0.9185329766861853,0.012925674744870034,-0.0011365316491036323,-0.03209999271649707,-0.029678404172650365,-5.7969971326581796e-05,0.15355421476105263,0.03519695467379125,0.015251791039722247,0.00027008866808036765,-0.007172164809805632,-0.03756429589399442,2.0924509295329442e-05
5,22,1046394,0.4,11.700000000000031,199.78910537527196,-11.503915909304427,1.9637320738596449,-19.752005007025872,19.84938148798295,-2.2101765932962816,1.6418560309295502,0.2558316909684806,0.25735936614350247,1,1,3,0,0.9175447167201943,0.012215492832613917,-0.0003976678374038756,-0.09471370649315541,0.029283062643656453,-4.286248945026714e-05,0.14891778015200244,0.029414714363090563,0.012925674744870034,-0.0011365316491036323,-0.03209999271649707,-0.029678404172650365,-5.7969971326581796e-05
5,22,1046394,0.4,11.850000000000033,198.06260104252203,-11.51282815261588,1.6651938048322115,-19.4822711422439,19.55330558416047,-1.8854022413775429,1.879098643769451,0.2530380736419152,0.2558316909684806,1,1,3,0,0.9165623230268753,0.013252132811925528,-0.001522193273192861,-0.0668020538360157,0.004823466724149215,-1.0219624982859251e-05,0.1401271366624334,0.02457967310355179,0.012215492832613917,-0.0003976678374038756,-0.09471370649315541,0.029283062643656453,-4.286248945026714e-05
5,22,1046394,0.4,12.000000000000036,196.33341760294954,-11.535082168578139,1.4124673915119148,-19.17788005298318,19.229824426101622,-1.5901851587963494,2.10686189216905,0.2506477215249169,0.2530380736419152,1,1,3,0,0.9155906568240902,0.0136813062496987,-0.004567910189996697,0.021614580339572257,-0.06805512082911896,-5.598944044392519e-05,0.12734669936952045,0.02080550200636598,0.013252132811925528,-0.001522193273192861,-0.0668020538360157,0.004823466724149215,-1.0219624982859251e-05
5,22,1046394,0.4,12.150000000000038,194.59984514181497,-11.567855695919386,1.2007719008677298,-18.84079196635092,18.879017322870034,-1.3270415600337087,2.3194014920894253,0.26117872421996213,0.2506477215249169,1,1,3,0,0.9146281695734345,0.00939161772715537,-0.005365272657331028,-0.06287540166135736,-0.002819800116346573,-7.958648411437243e-05,0.11459476470569972,0.014960640417528204,0.0136813062496987,-0.004567910189996697,0.021614580339572257,-0.06805512082911896,-5.598944044392519e-05
5,22,1046394,0.4,12.30000000000004,192.8677285681535,-11.536929996728121,1.0260946352751499,-18.473500023962323,18.501974849617444,-1.0877394166653567,2.514686818054816,0.2445126231024023,0.26117872421996213,1,1,3,0,0.9136252432724298,0.012828060310307332,-0.003822956188239556,-0.0245075713828202,-0.003117103641397869,2.813798865978999e-05,0.10042003532614373,0.008326336023997733,0.00939161772715537,-0.005365272657331028,-0.06287540166135736,-0.002819800116346573,-7.958648411437243e-05
5,22,1046394,0.4,12.450000000000042,191.1309412883667,-11.599110932240274,0.8846287053632267,-18.07855097976438,18.100181586776753,-0.8742861449176349,2.693657589374358,0.25520358211962524,0.2445126231024023,1,1,3,0,0.9126863147997165,0.01050198392248335,-0.007227159373227043,0.01205909494711488,-0.012679753891495065,-2.4328146422101923e-05,0.08479181583393258,0.0020939795361424973,0.012828060310307332,-0.003822956188239556,-0.0245075713828202,-0.003117103641397869,2.813798865978999e-05
5,22,1046394,0.4,12.600000000000044,189.39123440738646,-11.597268556438772,0.7741697245345049,-17.65909381258354,17.676055358705234,-0.6697971060397454,2.8492554218877264,0.26041366653598674,0.25520358211962524,1,1,3,0,0.9117063330443772,0.00786149247408262,-0.008047088923528149,0.025246493911404787,0.00624726951650018,1.9122817761692964e-05,0.0698593185613579,-0.004066780637165537,0.01050198392248335,-0.007227159373227043,0.01205909494711488,-0.012679753891495065,-2.4328146422101923e-05
5,22,1046394,0.4,12.750000000000046,187.655020526572,-11.563327243636618,0.6939644999197805,-17.2182500456151,17.232229146586732,-0.46814899942700094,2.985499744846347,0.2649922226607965,0.26041366653598674,1,1,3,0,0.9107063445648789,0.005715297807850956,-0.010570888168319458,0.10451751667545911,-0.04850636461541996,5.384497485833214e-05,0.05679273453478154,-0.009578204882871725,0.00786149247408262,-0.008047088923528149,0.025246493911404787,0.00624726951650018,1.9122817761692964e-05
5,22,1046394,0.4,12.900000000000048,185.92667693183478,-11.501678219006534,0.6446856687007259,-16.759022089172934,16.771417381867714,-0.2581494702872196,3.101308176125179,0.25457429161285455,0.2649922226607965,1,1,3,0,0.9096887744298614,0.0055627602853166955,-0.008927052073892666,-0.0044698825155774485,-0.015134868000099297,-1.1230036206793491e-05,0.048703011498076536,-0.016097499027050016,0.005715297807850956,-0.010570888168319458,0.10451751667545911,-0.04850636461541996,5.384497485833214e-05
5,22,1046394,0.4,13.05000000000005,184.20166082956624,-11.49927418065773,0.6286899073349466,-16.283649397889675,16.2957813164321,-0.02922747562267558,3.2049844382673807,0.25215614421978905,0.25457429161285455,1,1,3,0,0.9087112091500681,0.004895350797399903,-0.009913523555300034,-0.13892060966880898,0.04729908441464357,3.052084101613566e-06,0.042695577457226956,-0.02332863526270516,0.0055627602853166955,-0.008927052073892666,-0.0044698825155774485,-0.015134868000099297,-1.1230036206793491e-05
5,22,1046394,0.4,13.200000000000053,182.47565856613576,-11.5103174312853,0.6492965679402216,-15.794203235834253,15.807543828437614,0.2218433310265695,3.2944931569072082,0.25834453678983915,0.25215614421978905,1,1,3,0,0.9077429295562642,0.005076067789780118,-0.011993577843239983,-0.013983166028265636,-0.0041836433441231145,0.00011648913898728703,0.03171721937752035,-0.02831832917736502,0.004895350797399903,-0.009913523555300034,-0.13892060966880898,0.04729908441464357,3.052084101613566e-06
5,22,1046394,0.4,13.350000000000055,180.7516170897524,-11.485182134476737,0.7091815300796733,-15.292523278686936,15.3089583797131,0.4881000357323857,3.3726955230447624,0.2460691443971983,0.25834453678983915,1,1,3,0,0.9067508865349913,0.005952449694378501,-0.012557526888046032,0.04933016868052472,-0.03165298250816614,-9.397641442173805e-05,0.018284939055585855,-0.03193212237988245,0.005076067789780118,-0.011993577843239983,-0.013983166028265636,-0.0041836433441231145,0.00011648913898728703
5,22,1046394,0.4,13.500000000000057,179.02433089922,-11.530230969601218,0.8096595879622193,-14.779244286380326,14.801405687463763,0.7605036243769443,3.4498161946007815,0.2544916124676943,0.2460691443971983,1,1,3,0,0.9058059810205061,0.00399809816922515,-0.013191225203139575,0.057354535923505055,-0.04067804655955546,-7.75901937145059e-06,0.007139684951478025,-0.03618213767724063,0.005952449694378501,-0.012557526888046032,0.04933016868052472,-0.03165298250816614,-9.397641442173805e-05
5,22,1046394,0.4,13.650000000000059,177.29515461154455,-11.52665248417308,0.9509515342281523,-14.254994795915577,14.286678601131582,1.031848563280521,3.5209171061889375,0.257125037613154,0.2544916124676943,1,1,3,0,0.9048287332286301,-0.00020762129685689075,-0.013508165826769858,-0.035026074016330316,0.007479118272040961,-8.844016502455827e-06,-0.00040010987511199074,-0.041834557526661924,0.00399809816922515,-0.013191225203139575,0.057354535923505055,-0.04067804655955546,-7.75901937145059e-06
5,22,1046394,0.4,13.800000000000061,175.5680147439388,-11.508100063694288,1.1317223019818605,-13.720524453202287,13.767119765576425,1.289828494667343,3.5876657405552046,0.2644814659016941,0.257125037613154,1,1,3,0,0.9038413730841958,-0.0016420538725596357,-0.014587649545039362,-0.01734039534292445,0.00031279344822508634,3.813106364190396e-05,-0.007736466413486926,-0.04716097400199903,-0.00020762129685689075,-0.013508165826769858,-0.035026074016330316,0.007479118272040961,-8.844016502455827e-06
5,22,1046394,0.4,13.950000000000063,173.84785116256984,-11.447625070866563,1.3489347506859044,-13.176641530328586,13.245508936254133,1.5237365642482823,3.6485906511350494,0.26380667067259417,0.2644814659016941,1,1,3,0,0.9028257642551333,-0.0026402508172659214,-0.01573118652782309,-0.04931533854723868,0.03547507328273622,-3.6757806180689555e-05,-0.0158245691001868,-0.05154273524939221,-0.0016420538725596357,-0.014587649545039362,-0.01734039534292445,0.00031279344822508634,3.813106364190396e-05
5,22,1046394,0.4,14.100000000000065,172.136319705258,-11.391541587837546,1.5976622154138793,-12.623835037315487,12.724532824583985,1.7205302801524938,3.7075773393008453,0.2607901459007902,0.26380667067259417,1,1,3,0,0.9018127466397504,-0.002808577422888627,-0.016595224600033983,0.03882709352397121,-0.0004998478272759991,-3.298024767767188e-05,-0.025440658960000674,-0.05383406130254858,-0.0026402508172659214,-0.01573118652782309,-0.04931533854723868,0.03547507328273622,-3.6757806180689555e-05
5,22,1046394,0.4,14.250000000000068,170.43142301373413,-11.353228306078684,1.8712047143242923,-12.062071605836985,12.20634992564314,1.8694552135207076,3.7677141465040958,0.2750263659137778,0.2607901459007902,1,1,3,0,0.9008113124794913,-0.006229051501398902,-0.015472612680887878,-0.16238722177430573,0.07888326230223865,-0.00014425098761817513,-0.033791920708311704,-0.054841288616250095,-0.002808577422888627,-0.016595224600033983,0.03882709352397121,-0.0004998478272759991,-3.298024767767188e-05
5,22,1046394,0.4,14.40000000000007,168.74042073974823,-11.233455366545217,2.160791211098754,-11.491576003567221,11.692961032335806,1.9543455668693235,3.825145165329174,0.25847110617053726,0.2750263659137778,1,1,3,0,0.8997552112343823,-0.0024924750467462814,-0.01681004413621235,-0.005506690121969432,-0.05076038692485163,7.003680465058095e-05,-0.046723317459764616,-0.05236499557584524,-0.006229051501398902,-0.015472612680887878,-0.16238722177430573,0.07888326230223865,-0.00014425098761817513
5,22,1046394,0.4,14.550000000000072,167.05782963782974,-11.209260783071587,2.4574721586731627,-10.911759729033722,11.185064586081559,1.9822856765935204,3.88940756622899,0.2495262554699732,0.25847110617053726,1,1,3,0,0.8987626821866875,-0.00043318454762591877,-0.015049350035708144,-0.023257806744163667,-0.027999295855796646,-2.7491035992582692e-05,-0.06181728306840096,-0.049986722809151826,-0.0024924750467462814,-0.01681004413621235,-0.005506690121969432,-0.05076038692485163,7.003680465058095e-05
5,22,1046394,0.4,14.700000000000074,165.37367662484507,-11.23701994911058,2.7521781870537705,-10.322001675869823,10.68261219786406,1.9490656936447692,3.9558943076222524,0.26638551968785495,0.2495262554699732,1,1,3,0,0.8978045013656827,-0.0040670479238751715,-0.017348280092521713,0.05122099745406703,-0.056343026689183305,-6.739799976115994e-06,-0.07683973369781495,-0.049243559778064806,-0.00043318454762591877,-0.015049350035708144,-0.023257806744163667,-0.027999295855796646,-2.7491035992582692e-05
5,22,1046394,0.4,14.850000000000076,163.69484561647235,-11.169976218000627,3.034178214561299,-9.724165868441414,10.186542066603335,1.8395673208075767,4.002594766897768,0.26286586344411766,0.26638551968785495,1,1,3,0,0.8967815809700813,-0.005439552014693881,-0.016453082675979395,-0.054198806541536484,-0.0021198535356848898,-3.8563176877130045e-05,-0.08930722013965026,-0.05061727122175621,-0.0040670479238751715,-0.017348280092521713,0.05122099745406703,-0.056343026689183305,-6.739799976115994e-06
5,22,1046394,0.4,15.000000000000078,162.02388107065724,-11.1248557997899,3.2943457772294376,-9.120812623909137,9.697522210359185,1.6772902234014122,4.033725849012692,0.2552252079190864,0.26286586344411766,1,1,3,0,0.8957721760544558,-0.0025416134252712547,-0.0163631066421974,0.10482340183252471,-0.06673543786095346,6.136793081661581e-05,-0.10187188364176061,-0.05246661317129352,-0.005439552014693881,-0.016453082675979395,-0.054198806541536484,-0.0021198535356848898,-3.8563176877130045e-05
5,22,1046394,0.4,15.15000000000008,160.35516968428036,-11.124866113615345,3.5266541384275274,-8.514802003905114,9.216243409209337,1.4815848978665267,4.044023746521147,0.26872694727061563,0.2552252079190864,1,1,3,0,0.8947921112560464,-0.0057108341052559825,-0.01622604714894973,0.023345820840358553,0.0171355384608508,-3.841526561295988e-05,-0.11060527395107325,-0.056191831992485064,-0.0025416134252712547,-0.0163631066421974,0.10482340183252471,-0.06673543786095346,6.136793081661581e-05
5,22,1046394,0.4,15.300000000000082,158.69398576406672,-11.04954244819293,3.7255389851918004,-7.910761635154946,8.744128909069405,1.2471801944023393,4.018587253668525,0.24913920461388372,0.26872694727061563,1,1,3,0,0.8937601997785274,-0.002855953611839531,-0.01673675063454611,0.011055639039385536,-0.024684059960323856,6.520457255754893e-05,-0.11585867373839112,-0.05972844450363827,-0.0057108341052559825,-0.01622604714894973,0.023345820840358553,0.0171355384608508,-3.841526561295988e-05
5,22,1046394,0.4,15.450000000000085,157.03284273292297,-11.086746807008407,3.889811914899792,-7.313159958413273,8.283293144072326,1.0197632601376623,3.966703239090222,0.26849756738524977,0.24913920461388372,1,1,3,0,0.89280350523281,-0.005632920084715447,-0.016823491275548927,0.012254895241849563,0.02967244945480769,-5.383730619006591e-06,-0.11981803643825699,-0.06312768980826582,-0.002855953611839531,-0.01673675063454611,0.011055639039385536,-0.024684059960323856,6.520457255754893e-05
5,22,1046394,0.4,15.600000000000087,155.37705180364347,-11.014610518444885,4.017954127073681,-6.7277418533223114,7.836227779500361,0.773229605511879,3.87070248927926,0.2585695330555483,0.26849756738524977,1,1,3,0,0.8917724745740506,-0.003658756174311725,-0.01732147860898014,0.11242590412301771,-0.026759144191099937,-9.075561650336125e-06,-0.12271429197937278,-0.06512521675713122,-0.005632920084715447,-0.016823491275548927,0.012254895241849563,0.02967244945480769,-5.383730619006591e-06
5,22,1046394,0.4,15.750000000000089,153.72640187219721,-10.999172597704474,4.110763141329864,-6.159907801895236,7.405595028893084,0.5443737531650696,3.7428887911719713,0.263221806857569,0.2585695330555483,1,1,3,0,0.8907795675671173,-0.004911984287435891,-0.016611045532608157,0.05217424269702653,0.02768789021066345,-3.3051783004616995e-05,-0.12090962887532715,-0.06690627262735194,-0.003658756174311725,-0.01732147860898014,0.11242590412301771,-0.026759144191099937,-9.075561650336125e-06
5,22,1046394,0.4,15.900000000000091,152.08076945709334,-10.956613407270174,4.170309250804712,-5.614924411026671,6.994201554780257,0.3270840578915277,3.578424102136599,0.26876777678878716,0.263221806857569,1,1,3,0,0.8897687958287841,-0.0064484247868082335,-0.015672520480555018,0.003369036258799653,0.046849444317437684,2.8822702915228366e-05,-0.11512596691018007,-0.06750266144667065,-0.004911984287435891,-0.016611045532608157,0.05217424269702653,0.02768789021066345,-3.3051783004616995e-05
5,22,1046394,0.4,16.050000000000093,150.44481250476804,-10.881077669611539,4.19858163551695,-5.097969110290395,6.60434529681597,0.12297802062603314,3.381012732094358,0.259499485638512,0.26876777678878716,1,1,3,0,0.888736727565915,-0.003934897229934256,-0.018247156246095332,0.13469121408746373,-0.07301297911436336,8.39105871414966e-05,-0.10846751192835323,-0.06531883006924205,-0.0064484247868082335,-0.015672520480555018,0.003369036258799653,0.046849444317437684,2.8822702915228366e-05
5,22,1046394,0.4,16.200000000000095,148.81507226090855,-10.856632363270903,4.198862590235749,-4.613318253285291,6.238040746723006,-0.05496417304082124,3.156914979751186,0.2700085497520479,0.259499485638512,1,1,3,0,0.887740249541063,-0.006618792988909448,-0.017526399943530974,0.11168467105706432,0.001722437385588964,-2.8048840127261704e-05,-0.09706189808274741,-0.06458438388163575,-0.003934897229934256,-0.018247156246095332,0.13469121408746373,-0.07301297911436336,8.39105871414966e-05
5,22,1046394,0.4,16.350000000000097,147.1952199467787,-10.769904830537651,4.173058739925491,-4.165325149085776,5.896130327975711,-0.22657070222667186,2.902540287206055,0.26853036084266807,0.2700085497520479,1,1,3,0,0.8867034167100153,-0.007759067327273142,-0.016625355438963634,-0.069560664067884,0.034418235890285975,-8.692797843049307e-06,-0.0796678895229099,-0.06458648808861726,-0.006618792988909448,-0.017526399943530974,0.11168467105706432,0.001722437385588964,-2.8048840127261704e-05
5,22,1046394,0.4,16.5000000000001,145.5878002230027,-10.688965096520073,4.12291292015259,-3.757577747952759,5.5783332169269775,-0.3851201687747867,2.6280688952027447,0.27077310034059,0.26853036084266807,1,1,3,0,0.8856722601243796,-0.005655571844175916,-0.01420320251436287,-0.08057268790439298,0.062022127180206395,2.4350361487489707e-05,-0.06373742198840063,-0.06274116134562269,-0.007759067327273142,-0.016625355438963634,-0.069560664067884,0.034418235890285975,-8.692797843049307e-06
5,22,1046394,0.4,16.6500000000001,143.9940909873053,-10.592394336227315,4.049306903482519,-3.3921875932438343,5.282406938730542,-0.5421792161285255,2.3428837122775215,0.2680562058532098,0.27077310034059,1,1,3,0,0.8846324914190719,-0.003570635138892646,-0.01581263265094916,-0.03703026215595061,-0.00032220687127327213,1.551721585636201e-05,-0.05288550347990301,-0.05762059552657733,-0.005655571844175916,-0.01420320251436287,-0.08057268790439298,0.062022127180206395,2.4350361487489707e-05
5,22,1046394,0.4,16.800000000000104,142.4134836580261,-10.50970105163994,3.951021833948544,-3.0701346741003697,5.003628728178331,-0.7117987511883623,2.053042166572186,0.2662163378813885,0.2680562058532098,1,1,3,0,0.8836031555885955,-0.0018047919747724037,-0.012485619537745699,0.05401060035184509,0.023550009849501435,-3.924502228048579e-05,-0.04543515411050197,-0.051238357675644726,-0.003570635138892646,-0.01581263265094916,-0.03703026215595061,-0.00032220687127327213,1.551721585636201e-05
5,22,1046394,0.4,16.950000000000106,140.84441370635253,-10.435689897255612,3.8250655601047834,-2.790713937446812,4.734892904782495,-0.9040397126234474,1.7723309050316194,0.26064935427634023,0.2662163378813885,1,1,3,0,0.8825808848511311,-0.0015096183462411882,-0.013140576038944002,0.06919242852141935,-0.056193737558542144,-2.052970725131722e-06,-0.03707357948848919,-0.043979470575363847,-0.0018047919747724037,-0.012485619537745699,0.05401060035184509,0.023550009849501435,-3.924502228048579e-05
5,22,1046394,0.4,17.100000000000108,139.2833701184824,-10.392445026448916,3.667820824062286,-2.5524678212925966,4.46855699036715,-1.1202664280039747,1.501262843292073,0.27069430421919455,0.26064935427634023,1,1,3,0,0.8815799913307099,-0.001528801171336764,-0.010195259872900984,-0.10180899715050329,0.024712968089852204,-3.183081824651461e-05,-0.025682225036189204,-0.03844440507072513,-0.0015096183462411882,-0.013140576038944002,0.06919242852141935,-0.056193737558542144,-2.052970725131722e-06
5,22,1046394,0.4,17.25000000000011,137.73475812166518,-10.289793343282701,3.4757846951410007,-2.35371345270096,4.197742996468685,-1.3597407564675406,1.2422289253923295,0.2717512723971238,0.27069430421919455,1,1,3,0,0.8805405252025081,-0.0009378780758026772,-0.008802790847312102,-0.002242560435339036,0.03836842248462775,7.96355152445352e-05,-0.017505640247180237,-0.03301978591388571,-0.001528801171336764,-0.010195259872900984,-0.10180899715050329,0.024712968089852204,-3.183081824651461e-05
5,22,1046394,0.4,17.400000000000112,136.2022515233845,-10.18008225911375,3.245681368702848,-2.1921226842804913,3.9166119810471267,-1.6202697507592094,1.0007816881895375,0.2535130518274034,0.2717512723971238,1,1,3,0,0.8794970003165032,0.0035046181760163453,-0.009438110150490883,0.17938819295852612,-0.10145055693817408,9.69790635483917e-06,-0.011752725798567574,-0.025788943665869334,-0.0009378780758026772,-0.008802790847312102,-0.002242560435339036,0.03836842248462775,7.96355152445352e-05
5,22,1046394,0.4,17.550000000000114,134.6757250241804,-10.175159995250747,2.9758183500690185,-2.0645548634710877,3.6218616258617082,-1.8856135624239478,0.7810823391411134,0.2514629955881921,0.2535130518274034,1,1,3,0,0.8785235101974861,0.004674425568610029,-0.005482913819617857,-0.07655277522675544,-0.009912859743303495,-0.00016648450537367195,0.00014536694886505518,-0.021803957517480956,0.0035046181760163453,-0.009438110150490883,0.17938819295852612,-0.10145055693817408,9.69790635483917e-06
5,22,1046394,0.4,17.700000000000117,133.14880623729707,-10.181588333146944,2.6668417061427014,-1.9678590083679737,3.3142893299223437,-2.142237552596396,0.5817987022623454,0.2611480464014322,0.2514629955881921,1,1,3,0,0.8775578922944274,0.0044180231192843126,-0.0048416585398981275,0.03717834420685137,-0.004816993874204518,0.00010348898097404198,0.011539506294078818,-0.0200748247115742,0.004674425568610029,-0.005482913819617857,-0.07655277522675544,-0.009912859743303495,-0.00016648450537367195
5,22,1046394,0.4,17.85000000000012,131.62654554990374,-10.131814228992338,2.320976399506524,-1.899788111553967,2.9993543164934775,-2.3814324176550405,0.3951402864113982,0.2675847162555388,0.2611480464014322,1,1,3,0,0.8765550837962458,0.003880233055310385,-0.003533758302530887,-0.01587235691781362,0.046348441446155714,1.4372716704881528e-05,0.022034167900616783,-0.01866090598387239,0.0044180231192843126,-0.0048416585398981275,0.03717834420685137,-0.004816993874204518,0.00010348898097404198
5,22,1046394,0.4,18.00000000000012,130.1154762453874,-10.044802937950749,1.9421416693334468,-1.8583243489590888,2.6879887741014707,-2.589972317514269,0.22249238676738206,0.2586781578310263,0.2675847162555388,1,1,3,0,0.8755275584858246,0.007118451905468953,-0.0036845394251984413,0.05872551519377817,-0.013549275326420238,-7.3593081058780835e-06,0.031792327071254484,-0.015589437031967766,0.003880233055310385,-0.003533758302530887,-0.01587235691781362,0.046348441446155714,1.4372716704881528e-05
5,22,1046394,0.4,18.150000000000123,128.61226460258695,-10.009751071760205,1.5363304919575835,-1.8412862895784947,2.398050579263993,-2.7541519226885223,0.06447319888181088,0.26056996003438854,0.2586781578310263,1,1,3,0,0.8745342343597534,0.0074337575365463985,-0.00196476152630304,0.06296795268822378,-0.003289810276281946,2.8154547670462846e-05,0.04260052812661044,-0.012270684169865478,0.007118451905468953,-0.0036845394251984413,0.05872551519377817,-0.013549275326420238,-7.3593081058780835e-06
5,22,1046394,0.4,18.300000000000125,127.1153590566328,-9.964264283945148,1.1111365381797995,-1.8465536098030562,2.1550834416223625,-2.864532217605052,-0.07995078580945124,0.24871883342102635,0.26056996003438854,1,1,3,0,0.8735336457132213,0.009511689547067999,0.0006460782906940318,-0.09777215952606028,0.0436724433751279,-7.312870368126415e-05,0.055853689665710096,-0.009458485772103717,0.0074337575365463985,-0.00196476152630304,0.06296795268822378,-0.003289810276281946,2.8154547670462846e-05
5,22,1046394,0.4,18.450000000000127,125.61831932333766,-9.988348355791464,0.6752064242511082,-1.8721574850592884,1.9901953080573491,-2.9166389288630206,-0.2112570756000918,0.256074749996502,0.24871883342102635,1,1,3,0,0.8725785653928847,0.011003257352353975,0.00016030477092362274,-0.031064664890017295,0.020590222173057005,5.2320438507333184e-06,0.06549098689884916,-0.005270779566081269,0.009511689547067999,0.0006460782906940318,-0.09777215952606028,0.0436724433751279,-7.312870368126415e-05
5,22,1046394,0.4,18.60000000000013,124.12184427902847,-9.970625417485486,0.2374145266114347,-1.916726695294333,1.9313743505338539,-2.9098526396457443,-0.33526655848838705,0.2680014335800244,0.256074749996502,1,1,3,0,0.8715952383528981,0.009802067174398335,0.0005127712776680092,0.019808285160454537,0.03401532393205873,6.211359298850028e-06,0.07126021704307159,0.0001800005217308762,0.011003257352353975,0.00016030477092362274,-0.031064664890017295,0.020590222173057005,5.2320438507333184e-06
5,22,1046394,0.4,18.75000000000013,122.63489509520758,-9.884232047295905,-0.19420517910271506,-1.979056658429096,1.988562523247096,-2.8520329929918917,-0.45089113485163057,0.2568228763663268,0.2680014335800244,1,1,3,0,0.8705661128479507,0.011104222876504746,0.00035386432895110384,0.12456370146936968,-0.04627038286703427,2.9058823815470026e-05,0.07649778352215375,0.0068866782644175,0.009802067174398335,0.0005127712776680092,0.019808285160454537,0.03401532393205873,6.211359298850028e-06
5,22,1046394,0.4,18.900000000000134,121.15436850381178,-9.863257738792326,-0.6132573594849386,-2.0580422895572994,2.1474688949013183,-2.755486263537447,-0.5600357466594377,0.24923952422579,0.2568228763663268,1,1,3,0,0.8695799130027041,0.011763567898568134,-8.160115575863051e-05,0.06294026492741729,-0.12411271309858746,6.760069258462328e-05,0.08601634340066465,0.012042887771957871,0.011104222876504746,0.00035386432895110384,0.12456370146936968,-0.04627038286703427,2.9058823815470026e-05
5,22,1046394,0.4,19.050000000000136,119.67247297918718,-9.8875051734682,-1.0141159516184963,-2.153335102509905,2.3801855446642035,-2.6221566907259,-0.6695131860632773,0.25644371000313804,0.24923952422579,1,1,3,0,0.868622833229677,0.009962374249727032,0.001931846752760041,-0.00209681840060375,-0.03961385219840135,6.581798192774695e-05,0.09913286890127036,0.011436755456428865,0.011763567898568134,-8.160115575863051e-05,0.06294026492741729,-0.12411271309858746,6.760069258462328e-05
5,22,1046394,0.4,19.200000000000138,118.19094398582293,-9.871748590901412,-1.3913603291863783,-2.2654686228699283,2.6586146104393915,-2.453559602147455,-0.7839340096746943,0.26764539526445186,0.25644371000313804,1,1,3,0,0.8676380893832649,0.007633611161158521,0.002991232287127832,-0.10296983889803198,0.04106736704883716,7.798504376334381e-05,0.11212207662955857,0.007127605868287224,0.009962374249727032,0.001931846752760041,-0.00209681840060375,-0.03961385219840135,6.581798192774695e-05
5,22,1046394,0.4,19.35000000000014,116.71808990903459,-9.792829312492326,-1.7405672709379978,-2.3956661489024107,2.9612143998125933,-2.2589711081497867,-0.9072144126882569,0.2684267070701032,0.26764539526445186,1,1,3,0,0.8666103310654494,0.007917958314733993,0.0030873591322666738,-0.1632820946595734,0.08658462257542056,-2.2867598203645168e-05,0.12014787166906536,0.00382091206207184,0.007633611161158521,0.002991232287127832,-0.10296983889803198,0.04106736704883716,7.798504376334381e-05
5,22,1046394,0.4,19.500000000000142,115.25742218750237,-9.710258803901539,-2.059843174746071,-2.5450135696976997,3.2741484350122856,-2.058967567966223,-1.0361672747035204,0.24984456119655574,0.2684267070701032,1,1,3,0,0.8655795725103003,0.012999280137711946,0.003384829526219166,-0.045472266165697266,0.03315429047935184,3.3985971694777975e-06,0.11950223307357749,0.004574260831101025,0.007917958314733993,0.0030873591322666738,-0.1632820946595734,0.08658462257542056,-2.2867598203645168e-05
5,22,1046394,0.4,19.650000000000144,113.79840666187857,-9.73489151798096,-2.3509374012325654,-2.713479346793866,3.5902474608292665,-1.8783885793671669,-1.1620022149044646,0.2677917527256847,0.24984456119655574,1,1,3,0,0.8646201693953054,0.009320064885726592,0.0026504854912802875,0.11293936686433778,0.025286820020922383,-3.853057159959126e-05,0.11392710046475538,0.007965231487970641,0.012999280137711946,0.003384829526219166,-0.045472266165697266,0.03315429047935184,3.3985971694777975e-06
5,22,1046394,0.4,19.800000000000146,112.3462260505469,-9.654277179511514,-2.6160291672011144,-2.8999340009424603,3.9055378392059015,-1.7082349613503476,-1.2783075353130267,0.26434813413740754,0.2677917527256847,1,1,3,0,0.8635918490648388,0.007295781629416919,0.004827390983264638,0.01670921159961802,0.033842751946206,-5.69133458226948e-05,0.11174281238620278,0.012574800537542534,0.009320064885726592,0.0026504854912802875,0.11293936686433778,0.025286820020922383,-3.853057159959126e-05
5,22,1046394,0.4,19.95000000000015,110.90422036523022,-9.592916192294608,-2.857228614282011,-3.1020084576012508,4.217370249966392,-1.553227973057735,-1.3757008109595656,0.2697242126814239,0.26434813413740754,1,1,3,0,0.8625767522297512,0.005400215950870894,0.0023245641422935696,-0.016352118323600846,-0.010416198143889391,-2.5389810435676617e-05,0.11210576353870422,0.018456393472404596,0.007295781629416919,0.004827390983264638,0.01670921159961802,0.033842751946206,-5.69133458226948e-05
5,22,1046394,0.4,20.10000000000015,109.47455937074682,-9.500151368843468,-3.07541635709479,-3.316899592486898,4.523274110213302,-1.3997300646049762,-1.454614037349001,0.25193059174043897,0.2697242126814239,1,1,3,0,0.8615410112530544,0.008298672416437442,0.0032742329241310197,-0.10390129769236835,-0.017815425736244,-2.0481497482477815e-07,0.11194951233908011,0.024075503510565678,0.005400215950870894,0.0023245641422935696,-0.016352118323600846,-0.010416198143889391,-2.5389810435676617e-05
5,22,1046394,0.4,20.250000000000153,108.0485132062556,-9.510309089730148,-3.271040382092533,-3.541232318778599,4.82079158612381,-1.2502450361847302,-1.5093077829331918,0.26155575024646954,0.25193059174043897,1,1,3,0,0.860573597780771,0.008585687546884487,0.0043014709057339175,-0.03084068153548695,0.0023805581630521977,1.2088220006255052e-05,0.10744490635014017,0.028386697472808326,0.008298672416437442,0.0032742329241310197,-0.10390129769236835,-0.017815425736244,-2.0481497482477815e-07
5,22,1046394,0.4,20.400000000000155,106.62658722432097,-9.463961513188263,-3.4428763941075307,-3.770694961359231,5.106029607897193,-1.086455763713941,-1.5328707239153547,0.25596346144593507,0.26155575024646954,1,1,3,0,0.8595692236998247,0.008990953389479368,0.004931150233087588,-0.04560512881407729,-0.016170869117220345,-3.6678873041688615e-05,0.09995990385740205,0.03205685715679709,0.008585687546884487,0.0043014709057339175,-0.03084068153548695,0.0023805581630521977,1.2088220006255052e-05
5,22,1046394,0.4,20.550000000000157,105.20851147796903,-9.448607210449211,-3.5891051160947907,-4.000576138494733,5.374596261513159,-0.9113098838596155,-1.5249966610524468,0.2715490134211647,0.25596346144593507,1,1,3,0,0.8585863240078724,0.00633288592912782,0.004563014218838534,-0.020910630786615307,0.00563267160177828,-1.50374748097957e-05,0.09045419296822765,0.034784771384347775,0.008990953389479368,0.004931150233087588,-0.04560512881407729,-0.016170869117220345,-3.6678873041688615e-05
5,22,1046394,0.4,20.70000000000016,103.80195004163845,-9.341131215082216,-3.7065649577134483,-4.22564891888401,5.620919192749074,-0.7104817373085225,-1.4806073710246037,0.2692236516216023,0.2715490134211647,1,1,3,0,0.8575435757963352,0.00437908774530807,0.0041914390587607965,0.11006181772407898,-0.03281436140112715,-4.233044697594087e-05,0.07975137832105014,0.037099617256603414,0.00633288592912782,0.004563014218838534,-0.020910630786615307,0.00563267160177828,-1.50374748097957e-05
5,22,1046394,0.4,20.85000000000016,102.41034226354712,-9.245390633762103,-3.791691358164952,-4.440615565994832,5.8391771646815425,-0.486296343837781,-1.4017620412480758,0.26193031830393754,0.2692236516216023,1,1,3,0,0.8565097569741084,0.004113435586369973,0.005593055653538447,-0.051270889621794435,0.007716219294946795,-8.420638363695934e-05,0.07328079985661863,0.038011821165090776,0.00437908774530807,0.0041914390587607965,0.11006181772407898,-0.03281436140112715,-4.233044697594087e-05
5,22,1046394,0.4,21.000000000000163,101.02895467037396,-9.191085207583113,-3.8398336908504156,-4.6402831994499385,6.023001821723723,-0.22789185279479618,-1.288318526130754,0.2679128024508215,0.26193031830393754,1,1,3,0,0.8555039445518213,0.0020980738283203266,0.004681510698914266,-0.11594310274908816,0.032327497459576526,1.3757493084741375e-05,0.06719729862335819,0.038394374908558286,0.004113435586369973,0.005593055653538447,-0.051270889621794435,0.007716219294946795,-8.420638363695934e-05
5,22,1046394,0.4,21.150000000000166,99.65930446346528,-9.100831213847568,-3.845701529227087,-4.81949698099459,6.1657904117570785,0.0647183910982676,-1.1404049891426893,0.2634935126306175,0.2679128024508215,1,1,3,0,0.8544751593904103,0.0019419012541705295,0.002793099639851567,0.09399345245801816,-0.05942947291697776,9.850349919605181e-05,0.05621913577035092,0.03992681509424343,0.0020980738283203266,0.004681510698914266,-0.11594310274908816,0.032327497459576526,1.3757493084741375e-05
5,22,1046394,0.4,21.300000000000168,98.30076123270085,-9.034901042426977,-3.805352262249981,-4.973458944263363,6.2622679366252205,0.3800006664854625,-0.9622523050715834,0.2581388996307091,0.2634935126306175,1,1,3,0,0.8534633443019088,0.0017684403217315626,0.005430909366280024,0.03796990990984935,-0.04580848666698342,-4.174994641454892e-05,0.047281275415010295,0.039637946164818055,0.0019419012541705295,0.002793099639851567,0.09399345245801816,-0.05942947291697776,9.850349919605181e-05
5,22,1046394,0.4,21.45000000000017,96.94907510157844,-8.999318662490442,-3.7156496536024815,-5.097596068152504,6.308053425769325,0.7156050496988111,-0.7539806804824332,0.2584258818977493,0.2581388996307091,1,1,3,0,0.8524720909273269,-0.001555744871160435,0.0048202100366360615,-0.011046419130611213,-0.02657303962790639,1.7455256239887085e-05,0.04197596893892643,0.03646144967430945,0.0017684403217315626,0.005430909366280024,0.03796990990984935,-0.04580848666698342,-4.174994641454892e-05
5,22,1046394,0.4,21.600000000000172,95.60299878406563,-8.96101582740455,-3.5745233698707466,-5.1884923241358845,6.300608694353992,1.0609397953460715,-0.5265166417899105,0.26234754718729153,0.2584258818977493,1,1,3,0,0.8514797355408396,-0.0024911894484549186,0.006104131256094529,-0.10484747625071439,0.044875152222183814,-1.2602040989426975e-06,0.03731257443246073,0.031530759565763386,-0.001555744871160435,0.0048202100366360615,-0.011046419130611213,-0.02657303962790639,1.7455256239887085e-05
5,22,1046394,0.4,21.750000000000174,94.2650256472502,-8.899132225370954,-3.3813943421388437,-5.243546739841471,6.239279614663115,1.406421825890693,-0.282267124225083,0.25425528153837595,0.26234754718729153,1,1,3,0,0.8504723209596403,-0.000896359300926168,0.004627776078609877,-0.036031083679087916,-0.004668020925598378,-4.135178900369813e-05,0.028952699663165975,0.027925788198898824,-0.0024911894484549186,0.006104131256094529,-0.10484747625071439,0.044875152222183814,-1.2602040989426975e-06
5,22,1046394,0.4,21.900000000000176,92.93171003325686,-8.883503741394119,-3.1380154605583783,-5.261152934617847,6.125917990974202,1.7343470943919077,-0.030282782337132275,0.24822772962271578,0.25425528153837595,1,1,3,0,0.8494959806785328,-0.00011557878020556131,0.003368844911910287,0.03062846713065127,-0.047167120626321765,-8.066366591276148e-05,0.017964663949474973,0.025038928239121964,-0.000896359300926168,0.004627776078609877,-0.036031083679087916,-0.004668020925598378,-4.135178900369813e-05
5,22,1046394,0.4,22.05000000000018,91.59730675351695,-8.902208801166239,-2.848522036448294,-5.240547300430971,5.964680527923174,2.0305293243073494,0.22500529307792488,0.25875753052561246,0.24822772962271578,1,1,3,0,0.8485427861967815,-0.0039046023176629997,3.320648921024957e-05,-0.11616720446457393,-0.03743725706772982,-0.00010512878875408615,0.008193976275647956,0.020402480143423916,-0.00011557878020556131,0.003368844911910287,0.03062846713065127,-0.047167120626321765,-8.066366591276148e-05
5,22,1046394,0.4,22.20000000000018,90.2663008575524,-8.858908029283516,-2.5191088623004294,-5.182110753427086,5.7619598506849385,2.2804742948401326,0.474700778129059,0.267686695196642,0.25875753052561246,1,1,3,0,0.8475491572795633,-0.005603273961293228,0.000651052272541735,-0.029958797504019054,0.015649510852955666,6.069170981729073e-05,-0.004587928142444048,0.01380398738192536,-0.0039046023176629997,3.320648921024957e-05,-0.11616720446457393,-0.03743725706772982,-0.00010512878875408615
5,22,1046394,0.4,22.350000000000183,88.94701429331171,-8.76341352563996,-2.1577486200502722,-5.086917787622736,5.525632243043455,2.4739970623252323,0.7168218311065679,0.25922700806500165,0.267686695196642,1,1,3,0,0.8465212403700083,-0.00547523431913386,-0.0005079718978009851,0.014778568609210395,-0.01812533629132768,1.4327206589950355e-06,-0.01956995072947846,0.007528840984824718,-0.005603273961293228,0.000651052272541735,-0.029958797504019054,0.015649510852955666,6.069170981729073e-05
5,22,1046394,0.4,22.500000000000185,87.63710981783213,-8.717377171524527,-1.7729693617122582,-4.956881575929395,5.26441785151584,2.6117133605484484,0.9438110441651097,0.25357512177617236,0.25922700806500165,1,1,3,0,0.8455258086590388,-0.005374041849828012,-0.0015279074013714443,0.026566878662348192,-0.04729515762673956,-5.623204863868668e-05,-0.03338517988747424,0.0012845084310897014,-0.00547523431913386,-0.0005079718978009851,0.014778568609210395,-0.01812533629132768,1.4327206589950355e-06
5,22,1046394,0.4,22.650000000000187,86.33077706264638,-8.704697508817986,-1.3727054444243176,-4.794610590983401,4.987244826186335,2.6986147034180337,1.1520816944011156,0.2574344708581613,0.25357512177617236,1,1,3,0,0.8445520801914185,-0.006514712792805927,-0.0006598267676168871,-0.13344968209455463,0.062410176409018484,-6.057728017032751e-05,-0.044875210741294386,-0.006585762658586386,-0.005374041849828012,-0.0015279074013714443,0.026566878662348192,-0.04729515762673956,-5.623204863868668e-05
5,22,1046394,0.4,22.80000000000019,85.02852035187556,-8.670331708968954,-0.9642473732358283,-4.603077880576511,4.702988302286637,2.7375896185410715,1.3404765168161434,0.25626983259152325,0.2574344708581613,1,1,3,0,0.843563531823323,-0.006673117592264773,-0.0037495565145998474,0.0476381889579459,-0.012610746890886893,8.324377881944644e-05,-0.05986874275534372,-0.01245613541666323,-0.006514712792805927,-0.0006598267676168871,-0.13344968209455463,0.062410176409018484,-6.057728017032751e-05
5,22,1046394,0.4,22.95000000000019,83.73060376790878,-8.644165467287776,-0.5542822258398985,-4.38563153607503,4.420519512014154,2.734073812391408,1.5056085777989534,0.2616691096162729,0.25626983259152325,1,1,3,0,0.8425794556661714,-0.008498048718326724,-0.005748038912090224,-0.020233624534069836,0.018781379691792548,-9.27132054741778e-05,-0.07431887233744684,-0.01719433995071764,-0.006673117592264773,-0.0037495565145998474,0.0476381889579459,-0.012610746890886893,8.324377881944644e-05
5,22,1046394,0.4,23.100000000000193,82.4395688798194,-8.588450895229998,-0.14858491425855647,-4.145600192221752,4.148262097613198,2.694578416370769,1.6489694867062765,0.24902688975854131,0.2616691096162729,1,1,3,0,0.841574646285245,-0.006143124800040701,-0.0067423581531309285,0.1467217106963196,-0.06896000276285259,-4.862966673333667e-06,-0.08745689586534032,-0.02099507525920211,-0.008498048718326724,-0.005748038912090224,-0.020233624534069836,0.018781379691792548,-9.27132054741778e-05
5,22,1046394,0.4,23.250000000000195,81.14942360940461,-8.607352645828911,0.2502103854335367,-3.885734676784301,3.8937821222229156,2.6472054026477068,1.7755766586583324,0.2695057076985051,0.24902688975854131,1,1,3,0,0.8406183830285722,-0.010943176434530614,-0.007250973358851335,0.036056973681669054,0.004562548857309599,-5.595734102073274e-05,-0.09446286642688516,-0.026559302989647416,-0.006143124800040701,-0.0067423581531309285,0.1467217106963196,-0.06896000276285259,-4.862966673333667e-06
5,22,1046394,0.4,23.400000000000198,79.8681573267198,-8.509051560398392,0.6397302354935697,-3.6091410334560576,3.66539953805597,2.579845089749348,1.8794320186674467,0.257908245626135,0.2695057076985051,1,1,3,0,0.8395834811110099,-0.010964597454953979,-0.008956017442710854,0.020983455255522344,-0.021273407456406532,6.324033074763887e-05,-0.09672856354972387,-0.03260969690100112,-0.010943176434530614,-0.007250973358851335,0.036056973681669054,0.004562548857309599,-5.595734102073274e-05
5,22,1046394,0.4,23.5500000000002,78.59486106304644,-8.478463847205369,1.020751890757321,-3.3187069274266854,3.472139123456103,2.5293794650096135,1.966215370426203,0.2608297979631552,0.257908245626135,1,1,3,0,0.8385931134478055,-0.010412201704961608,-0.006655043619161201,-0.06771238209825096,0.06646215301267572,5.456643588324651e-06,-0.09707548554233865,-0.03870185615223695,-0.010964597454953979,-0.008956017442710854,0.020983455255522344,-0.021273407456406532,6.324033074763887e-05
5,22,1046394,0.4,23.700000000000202,77.32784877888153,-8.430924970153029,1.3954128664281988,-3.016400674934628,3.323529765105082,2.490908179719918,2.0421311265528943,0.2444277045942198,0.2608297979631552,1,1,3,0,0.8375915270236269,-0.0064393392799468995,-0.006852381911808539,-0.03361516177835844,0.017960519015946235,-1.4581807312875418e-05,-0.09919264116981041,-0.04209060462696372,-0.010412201704961608,-0.006655043619161201,-0.06771238209825096,0.06646215301267572,5.456643588324651e-06
5,22,1046394,0.4,23.850000000000204,76.0584860326527,-8.478210200869684,1.766744452191265,-2.70301360665324,3.2291900713803097,2.4761260918507215,2.1157386614891722,0.272153653154091,0.2444277045942198,1,1,3,0,0.836652924637985,-0.01060209563716809,-0.010853427790757673,0.07341797415683148,0.002976295403795768,-5.969757011605994e-05,-0.10340106566474296,-0.043189568045253465,-0.0064393392799468995,-0.006852381911808539,-0.03361516177835844,0.017960519015946235,-1.4581807312875418e-05
5,22,1046394,0.4,24.000000000000206,74.79794747455382,-8.366307815150867,2.133491430846565,-2.380068570675455,3.196327906616095,2.437145520028243,2.1748732524913477,0.2571422089129889,0.272153653154091,1,1,3,0,0.8356078546098732,-0.010516214566599387,-0.010055872128291113,-0.018679371670113222,0.02629141179524369,-6.313978882477924e-05,-0.10493275023338079,-0.043478584914351186,-0.01060209563716809,-0.010853427790757673,0.07341797415683148,0.002976295403795768,-5.969757011605994e-05
5,22,1046394,0.4,24.150000000000208,73.5455128523591,-8.34116425243994,2.495116738699238,-2.0475315819912474,3.227691608408198,2.4047270448071147,2.2415655088537783,0.25931706485490824,0.2571422089129889,1,1,3,0,0.8346204285276473,-0.009668580626981504,-0.011896708994807041,0.016548747250282686,-0.05130093867472743,2.562526606023793e-05,-0.10539723593827442,-0.04239968532640426,-0.010516214566599387,-0.010055872128291113,-0.018679371670113222,0.02629141179524369,-6.313978882477924e-05
5,22,1046394,0.4,24.30000000000021,72.29813511870975,-8.30316606093903,2.8505643241076974,-1.7048631867699982,3.3214869338112902,2.358011853640896,2.3095287168991367,0.26823114306354323,0.25931706485490824,1,1,3,0,0.8336246509986043,-0.011235712703502217,-0.011542970770577102,0.013259086898962267,-0.032944775448355224,-8.937948272252563e-06,-0.10524920186390348,-0.04246286938785137,-0.009668580626981504,-0.011896708994807041,0.016548747250282686,-0.05130093867472743,2.562526606023793e-05
5,22,1046394,0.4,24.450000000000212,71.06162228294463,-8.213514375892785,3.195852700227885,-1.3519154476273396,3.4700360025635604,2.2787809328801476,2.3779569775902423,0.2673990517494668,0.26823114306354323,1,1,3,0,0.8325946434092404,-0.012012147330642865,-0.010916393130041656,-0.01682426632966517,-0.0009067058447721149,-4.746988205913099e-05,-0.10398163084090147,-0.044294960490363765,-0.011235712703502217,-0.011542970770577102,0.013259086898962267,-0.032944775448355224,-8.937948272252563e-06
5,22,1046394,0.4,24.600000000000215,69.83809559634399,-8.128479516954194,3.5259576976125615,-0.988575572909399,3.661920172355812,2.1655754733738863,2.4474318805011777,0.2569826109485177,0.2673990517494668,1,1,3,0,0.8315678310505226,-0.009229734032415648,-0.01143170616038991,0.029768530653757685,-0.04479589992190022,-9.012178682261085e-06,-0.10280325580189784,-0.04627813000478757,-0.012012147330642865,-0.010916393130041656,-0.01682426632966517,-0.0009067058447721149,-4.746988205913099e-05
5,22,1046394,0.4,24.750000000000217,68.6213577809638,-8.103102934265683,3.836079836986926,-0.6147560499525984,3.8850268360322766,2.021730790386086,2.517101237909873,0.25662648555014655,0.2569826109485177,1,1,3,0,0.8305810178244801,-0.00893778181977865,-0.010930897965695302,-0.018994248346235768,-0.029056778452553077,-8.20163506475261e-05,-0.1005898678855073,-0.049450768737570566,-0.009229734032415648,-0.01143170616038991,0.029768530653757685,-0.04479589992190022,-9.012178682261085e-06
5,22,1046394,0.4,24.90000000000022,67.40826176220901,-8.079383050897755,4.120169486059176,-0.2310265624172434,4.126641475388365,1.8330950220702071,2.5807438995718854,0.26596703844246916,0.25662648555014655,1,1,3,0,0.8295955721199677,-0.010536974149375154,-0.011946663600375378,-0.04272852780726169,0.03179972205583242,-5.1826167996002094e-05,-0.09840924173014706,-0.053955230264036,-0.00893778181977865,-0.010930897965695302,-0.018994248346235768,-0.029056778452553077,-8.20163506475261e-05
5,22,1046394,0.4,25.05000000000022,66.20411536618404,-8.00177445986315,4.37035482451304,0.16067876779182733,4.373307553621572,1.5882940266327759,2.6283348039178978,0.2587143710388491,0.26596703844246916,1,1,3,0,0.8285742586923487,-0.008004347556109456,-0.012920045041013278,0.15796061914092666,-0.05807316690445554,5.301316267554151e-05,-0.09797847194785658,-0.05714668828976462,-0.010536974149375154,-0.011946663600375378,-0.04272852780726169,0.03179972205583242,-5.1826167996002094e-05
5,22,1046394,0.4,25.200000000000223,65.00744236762314,-7.965785193669125,4.580055553472992,0.5583205479640743,4.613960414565527,1.3070617055448728,2.6633519042676497,0.25783365244946066,0.2587143710388491,1,1,3,0,0.8275807955075596,-0.008351766426488036,-0.010188830724238427,-0.06203115881796913,0.05306661285097343,-0.00013325597604093464,-0.09223579406648552,-0.06130519915610642,-0.008004347556109456,-0.012920045041013278,0.15796061914092666,-0.05807316690445554,5.301316267554151e-05
5,22,1046394,0.4,25.350000000000225,63.81576086897856,-7.933822487468073,4.744472243916675,0.9597156250471759,4.840565148229639,0.9962945745836477,2.682892964619042,0.27106102961814854,0.25783365244946066,1,1,3,0,0.8265907142821537,-0.00909165370481667,-0.011557745049692284,-0.04573322447722602,0.06316703983900898,1.7217843914792687e-05,-0.08605742351969062,-0.06393489196451581,-0.008351766426488036,-0.010188830724238427,-0.06203115881796913,0.05306661285097343,-0.00013325597604093464
5,22,1046394,0.4,25.500000000000227,62.63660975102174,-7.824509549309947,4.85913978106003,1.3612371162700505,5.0462070804309365,0.6550512815533963,2.6744892151355915,0.2501923983636177,0.27106102961814854,1,1,3,0,0.8255498399284201,-0.0036679676727353503,-0.011132746083679496,0.019475354179041234,-0.010589139983571562,2.8600552344660726e-05,-0.08281336937987552,-0.06274456241163437,-0.00909165370481667,-0.011557745049692284,-0.04573322447722602,0.06316703983900898,1.7217843914792687e-05
5,22,1046394,0.4,25.65000000000023,61.46189408641487,-7.834804513364971,4.923180483351423,1.7604248268319864,5.228460733579127,0.32072140126514825,2.6551202627073907,0.26676354992588525,0.2501923983636177,1,1,3,0,0.8245891011187038,-0.004933829787779519,-0.013799866943557247,0.03946102888751271,0.0035684075861802333,-8.771805320561461e-05,-0.07971901978255216,-0.06053662524834879,-0.0036679676727353503,-0.011132746083679496,0.019475354179041234,-0.010589139983571562,2.8600552344660726e-05
5,22,1046394,0.4,25.80000000000023,60.295315112374354,-7.748269178608845,4.935978499871272,2.1533402510500714,5.385235184092133,-0.02277150717087084,2.601662818494238,0.2707331587518884,0.26676354992588525,1,1,3,0,0.8235647290869884,-0.0061059852889119295,-0.013404260441880029,0.062098469362021944,0.0028841231944261984,-5.1021161293283286e-05,-0.07487771751084699,-0.058128412401362496,-0.004933829787779519,-0.013799866943557247,0.03946102888751271,0.0035684075861802333,-8.771805320561461e-05
5,22,1046394,0.4,25.950000000000234,59.14413372849721,-7.6375230006880175,4.898395924072727,2.5355697655327525,5.515740808346248,-0.3530552984540137,2.5212580313006296,0.2575361569034655,0.2707331587518884,1,1,3,0,0.8225251137573811,-0.0032424727383198355,-0.012994084768903034,0.002025801683396019,-0.014521888141362746,-4.445064855188895e-05,-0.06716496457501334,-0.05527183816233761,-0.0061059852889119295,-0.013404260441880029,0.062098469362021944,0.0028841231944261984,-5.1021161293283286e-05
5,22,1046394,0.4,26.100000000000236,58.00206199081818,-7.601801584523708,4.815245624165225,2.903517002038651,5.622899732537462,-0.6424380849602852,2.4183723233077865,0.25912133913467206,0.2575361569034655,1,1,3,0,0.8215361749148719,-0.001374552197395419,-0.01249758936735928,-0.022734826147944514,-0.03704147767612396,4.3420626251442306e-05,-0.058633222071437105,-0.05267660036540996,-0.0032424727383198355,-0.012994084768903034,0.002025801683396019,-0.014521888141362746,-4.445064855188895e-05
5,22,1046394,0.4,26.250000000000238,56.866422507313985,-7.555378834416911,4.692566479647038,3.2530549470778105,5.709863978643836,-0.8926369021461715,2.285447627222317,0.24536955706010444,0.25912133913467206,1,1,3,0,0.8205411489725947,0.0035592968487123907,-0.010674861171760988,0.038879039384812734,-0.053552730295085255,4.341857068976351e-05,-0.05140634464389996,-0.051491360203488164,-0.001374552197395419,-0.01249758936735928,-0.022734826147944514,-0.03704147767612396,4.3420626251442306e-05
5,22,1046394,0.4,26.40000000000024,55.72986466188361,-7.587811614886881,4.537309128013227,3.5801764437866197,5.779691816333874,-1.0932785569801997,2.127438834331238,0.2523002438977453,0.24536955706010444,1,1,3,0,0.8195989298734837,0.0026043980586660637,-0.009288491304901144,0.09412040911191857,-0.022517267527896963,5.549595401909341e-05,-0.04368681675157274,-0.0526935658975844,0.0035592968487123907,-0.010674861171760988,0.038879039384812734,-0.053552730295085255,4.341857068976351e-05
5,22,1046394,0.4,26.550000000000242,54.59255924000571,-7.5790805235433405,4.3555012400584765,3.8801379345754494,5.833169073795338,-1.2582294366466855,1.9347368177919817,0.2629496109829787,0.2523002438977453,1,1,3,0,0.8186300969369162,0.00022059139737806406,-0.011086610535271272,0.12769302340629526,-0.00927671819417908,9.892875586602555e-06,-0.03238508629985646,-0.055323764193132965,0.0026043980586660637,-0.009288491304901144,0.09412040911191857,-0.022517267527896963,5.549595401909341e-05
5,22,1046394,0.4,26.700000000000244,53.4628147222346,-7.507840157045444,4.15244458306341,4.147183890926474,5.868724754201096,-1.3879096198466958,1.7021411203299912,0.262252467054678,0.2629496109829787,1,1,3,0,0.8176203704307415,-3.325405932399246e-05,-0.010228479876495505,-0.026453088956210166,0.005491152972531303,-3.8288885449084045e-05,-0.015443422485247282,-0.05820319083652296,0.00022059139737806406,-0.011086610535271272,0.12769302340629526,-0.00927671819417908,9.892875586602555e-06
5,22,1046394,0.4,26.850000000000247,52.34340405561671,-7.440161661864276,3.9340933962533633,4.376465753560144,5.884772157231669,-1.476636514873221,1.4412981577424162,0.24907442612455427,0.262252467054678,1,1,3,0,0.8166133209572517,0.003416071641065175,-0.008168911290312742,0.022071587885145297,0.010565517857431891,4.4449873984541417e-05,0.0017067119977816634,-0.06052708072957361,-3.325405932399246e-05,-0.010228479876495505,-0.026453088956210166,0.005491152972531303,-3.8288885449084045e-05
5,22,1046394,0.4,27.00000000000025,51.22647093124912,-7.449266094340027,3.7061276262978744,4.564981994542681,5.880003621844734,-1.5297746678038662,1.1647550497110155,0.2727157931186919,0.24907442612455427,1,1,3,0,0.8156568751609334,0.0004496155322049977,-0.008074022257576637,-0.04367035429858,0.08461779898645722,2.415788986127858e-05,0.01799478826981449,-0.06193925193512173,0.003416071641065175,-0.008168911290312742,0.022071587885145297,0.010565517857431891,4.4449873984541417e-05
5,22,1046394,0.4,27.15000000000025,50.12197701071223,-7.320326744021296,3.4720743870502098,4.7093320179036215,5.8509066480386,-1.5650566804418928,0.8624351175238906,0.2541492957693615,0.2727157931186919,1,1,3,0,0.8146096465153575,0.0056708669487828,-0.007581870757944896,-0.12335284773857493,0.04778234419706713,-5.813869032845499e-05,0.031949941186185556,-0.05968472557123668,0.0004496155322049977,-0.008074022257576637,-0.04367035429858,0.08461779898645722,2.415788986127858e-05
5,22,1046394,0.4,27.300000000000253,49.02594764687794,-7.300105118425769,3.2341473825396427,4.8085554798073105,5.7949905171943925,-1.587968806491169,0.5635399960139568,0.2685817183538579,0.2541492957693615,1,1,3,0,0.8136337132196031,0.004702008218905667,-0.00845387839136979,-0.0777566684010177,0.040058556932019304,-3.686153808711516e-05,0.03951836237791061,-0.05404485609775736,0.0056708669487828,-0.007581870757944896,-0.12335284773857493,0.04778234419706713,-5.813869032845499e-05
5,22,1046394,0.4,27.450000000000255,47.94142926501983,-7.195049724265264,2.992313974679277,4.862723437839249,5.709642909672378,-1.616956828900804,0.2634617183171032,0.24829297371667625,0.2685817183538579,1,1,3,0,0.8126023594211244,0.009128834988238842,-0.0045370841671448755,0.09476980705652124,0.0028763037283317983,1.9120772936388972e-05,0.04132989546703484,-0.04617655154494102,0.004702008218905667,-0.00845387839136979,-0.0777566684010177,0.040058556932019304,-3.686153808711516e-05
5,22,1046394,0.4,27.600000000000257,46.86088358121664,-7.207859822256158,2.7447252730865195,4.874387691828601,5.594030049523333,-1.6599993479959707,-0.01101324377419688,0.2692563838832329,0.24829297371667625,1,1,3,0,0.8116489144020524,0.0053020649428334905,-0.0067045881342171635,0.09326007176985283,-0.02341086024723261,-0.00010692002753770471,0.044887175046966085,-0.03781830988607448,0.009128834988238842,-0.0045370841671448755,0.09476980705652124,0.0028763037283317983,1.9120772936388972e-05
5,22,1046394,0.4,27.75000000000026,45.790740777917996,-7.097489990310722,2.4897555148372064,4.845694869882849,5.447902467525575,-1.7109635795964322,-0.27702874924539533,0.2637738036574101,0.2692563838832329,1,1,3,0,0.8106149698879407,0.0051613779440571215,-0.0026884725206915245,-0.1530709105129264,0.04100997556272834,-8.277357786546779e-05,0.05316189051539557,-0.03063517124374664,0.0053020649428334905,-0.0067045881342171635,0.09326007176985283,-0.02341086024723261,-0.00010692002753770471
5,22,1046394,0.4,27.90000000000026,44.733962720879234,-7.019023449567912,2.2271051525084182,4.779780820641549,5.273168123026455,-1.761879319947203,-0.5159261937006359,0.267771862297809,0.2637738036574101,1,1,3,0,0.8096020784818961,0.006752434593519598,-0.001151958795915788,-0.035475752161467235,0.04835455201049245,4.948725033506289e-05,0.05675411932605629,-0.022705851611316757,0.0051613779440571215,-0.0026884725206915245,-0.1530709105129264,0.04100997556272834,-8.277357786546779e-05
5,22,1046394,0.4,28.050000000000264,43.69132126200136,-6.916838906270049,1.9573243864978203,4.680598390131669,5.07337363533204,-1.807529599626908,-0.7285862983782153,0.2728316909368216,0.267771862297809,1,1,3,0,0.8085738345306724,0.006294361101747336,-0.002668320058128825,-0.0208863391042156,-0.006490570212502049,-1.6525864475695338e-05,0.055836545780761616,-0.012720544930001822,0.006752434593519598,-0.001151958795915788,-0.035475752161467235,0.04835455201049245,4.948725033506289e-05
5,22,1046394,0.4,28.200000000000266,42.667031804570755,-6.784407180556074,1.6814707390326546,4.5520986416588025,4.8527256144990245,-1.844403723988418,-0.9152414863100392,0.25426036341869307,0.2728316909368216,1,1,3,0,0.8075261608374751,0.00965996974897117,-0.00036784865432558573,0.03789964523201418,-0.05294503323484918,-3.085210817008898e-05,0.053358448061679074,-0.0026903699491078454,0.006294361101747336,-0.002668320058128825,-0.0208863391042156,-0.006490570212502049,-1.6525864475695338e-05
5,22,1046394,0.4,28.350000000000268,41.65175528173239,-6.760513890950615,1.4016524308917084,4.398829495240576,4.616744574396887,-1.8641883247963107,-1.0701847466403882,0.25899917884658513,0.25426036341869307,1,1,3,0,0.8065498010419472,0.009180967651521307,0.0008182522905319978,0.08505769718973934,-0.06812220142956656,5.2219989801817476e-05,0.051801965014815696,0.0046410038613658375,0.00965996974897117,-0.00036784865432558573,0.03789964523201418,-0.05294503323484918,-3.085210817008898e-05
5,22,1046394,0.4,28.50000000000027,40.642873387549066,-6.70855460690893,1.1220801830435647,4.22471492971401,4.371187501643865,-1.8501119765364422,-1.2019923654267868,0.26984680365006664,0.25899917884658513,1,1,3,0,0.8055552441951764,0.005202737502982465,0.0020741235283442817,0.002423849382294194,0.00887528247743154,-1.6711191316246305e-06,0.05388686998083697,0.008002893064558122,0.009180967651521307,0.0008182522905319978,0.08505769718973934,-0.06812220142956656,5.2219989801817476e-05
5,22,1046394,0.4,28.650000000000272,39.64817166803662,-6.592757694016752,0.8490169479461045,4.0325967035506585,4.121003027345085,-1.7907841411973828,-1.316708406544091,0.2652135263469329,0.26984680365006664,1,1,3,0,0.8045190324691601,0.005828838429068965,0.004553125241087491,0.011978991661541332,-0.0030587186832366753,3.484506022593739e-05,0.057253024711545995,0.0101876419844464,0.005202737502982465,0.0020741235283442817,0.002423849382294194,0.00887528247743154,-1.6711191316246305e-06
5,22,1046394,0.4,28.800000000000274,38.66809680453126,-6.504389111979097,0.5902210842970845,3.8248141861472957,3.8700858500687585,-1.6772730700968452,-1.4163358524838765,0.2607784331612427,0.2652135263469329,1,1,3,0,0.8035006125279879,0.0060748585765021,0.00536725470480156,0.04944904774801056,0.002433071443432326,-1.0703194501687936e-05,0.060703893176458454,0.012156396393606803,0.005828838429068965,0.004553125241087491,0.011978991661541332,-0.0030587186832366753,3.484506022593739e-05
5,22,1046394,0.4,28.950000000000276,37.69865342825731,-6.442273672060958,0.3540935879223497,3.6030521150114208,3.620409757540712,-1.5070922031849088,-1.5067293395194452,0.26744958172939265,0.2607784331612427,1,1,3,0,0.8024992233446486,0.0036403123006312817,0.004656246673707663,-0.04644960523388283,0.021800632718749356,-4.8678940331585584e-05,0.06578189935692434,0.013869940921247506,0.0060748585765021,0.00536725470480156,0.04944904774801056,0.002433071443432326,-1.0703194501687936e-05
5,22,1046394,0.4,29.10000000000028,36.742427010759094,-6.341164143303104,0.14925311198228997,3.368280748143474,3.3715859309456073,-1.2797926778279387,-1.5918851889958991,0.24607496197838763,0.26744958172939265,1,1,3,0,0.8014722169508078,0.008378205679242653,0.00629708047996235,-0.07228723377142372,-0.014886600349862531,2.744043095061595e-05,0.0695611351258314,0.01616457290491633,0.0036403123006312817,0.004656246673707663,-0.04644960523388283,0.021800632718749356,-4.8678940331585584e-05
5,22,1046394,0.4,29.25000000000028,35.78877059647311,-6.365965544719934,-0.01671361394759785,3.1211414906776165,3.1211862407937923,-1.006220755471168,-1.6733136224446825,0.2503914723322598,0.24607496197838763,1,1,3,0,0.8005272890968108,0.008967217727157598,0.006079389568886041,-0.014834714057024505,-0.034200675635668074,1.667585798040086e-05,0.06937809717837543,0.0179779482850384,0.008378205679242653,0.00629708047996235,-0.07228723377142372,-0.014886600349862531,2.744043095061595e-05
5,22,1046394,0.4,29.400000000000283,34.83394790868021,-6.365189291642479,-0.13781520743663478,2.8619001385181093,2.8652164724939677,-0.6959774574059292,-1.7541040170196551,0.26076356606527107,0.2503914723322598,1,1,3,0,0.799565785843055,0.0045022501848029665,0.00689710899392892,-0.1336234880929439,0.07971058688655473,-5.738817827177086e-05,0.06709264316175445,0.017956274407012203,0.008967217727157598,0.006079389568886041,-0.014834714057024505,-0.034200675635668074,1.667585798040086e-05
5,22,1046394,0.4,29.550000000000285,33.88542495774124,-6.302540718709938,-0.21051432746690324,2.5905943558792295,2.599133586174855,-0.3691585203719852,-1.834283136420598,0.24808108958674713,0.26076356606527107,1,1,3,0,0.7985644537493645,0.006520581054008911,0.006399087741156599,0.05201399367959275,-0.0086975435196187,7.089366844394828e-05,0.05957148202711563,0.02005879248297,0.0045022501848029665,0.00689710899392892,-0.1336234880929439,0.07971058688655473,-5.738817827177086e-05
5,22,1046394,0.4,29.700000000000287,32.93894083130783,-6.313470031226409,-0.2342940825650892,2.307118036753618,2.3189841208250837,-0.04501191421090839,-1.9156748098392968,0.2581390140987966,0.24808108958674713,1,1,3,0,0.7976118223653512,0.004710242180191401,0.006659321534466737,-0.0012708689114770393,0.00774768403016661,-3.4047365840741945e-05,0.05187961163282693,0.022942038542958496,0.006520581054008911,0.006399087741156599,0.05201399367959275,-0.0086975435196187,7.089366844394828e-05
5,22,1046394,0.4,29.85000000000029,31.99681134342631,-6.264487482217487,-0.21030892752109764,2.011831021770787,2.0227935893596167,0.26954693153239995,-1.9930674445111451,0.25492848475798163,0.2581390140987966,1,1,3,0,0.7966205685512119,0.0032025804080324668,0.007267872602458915,0.05675322803409629,-0.024901848351782954,-7.437873255914407e-06,0.04542613648135765,0.02556365431184333,0.004710242180191401,0.006659321534466737,-0.0012708689114770393,0.00774768403016661,-3.4047365840741945e-05
5,22,1046394,0.4,30.00000000000029,31.060212942657735,-6.233686301312937,-0.1412753695594482,1.7052772240684746,1.7111192655600722,0.5620888871691851,-2.067010619093513,0.2608180099958626,0.25492848475798163,1,1,3,0,0.7956416431697413,0.0001257113898394836,0.008785489994139726,-0.10053813313678045,0.023286558580133468,-4.574751761673353e-05,0.041358709928143306,0.027015780001383397,0.0032025804080324668,0.007267872602458915,0.05675322803409629,-0.024901848351782954,-7.437873255914407e-06
5,22,1046394,0.4,30.150000000000293,30.131750425168875,-6.167727030886486,-0.03091985990961632,1.3883606360342968,1.3887048978909766,0.8282421731941237,-2.133426508006118,0.2571525351380681,0.2608180099958626,1,1,3,0,0.7946401020113572,0.0003054018112443601,0.00932052102050342,-0.0065277729882650196,0.0248757586732316,-3.062836504569761e-05,0.03483562776032115,0.02852576393609612,0.0001257113898394836,0.008785489994139726,-0.10053813313678045,0.023286558580133468,-4.574751761673353e-05
5,22,1046394,0.4,30.300000000000296,29.211077831746522,-6.1228063385664075,0.11621314837387686,1.0622691645451159,1.0686071653317448,1.062359863754406,-2.191418846299144,0.2610938382961475,0.2571525351380681,1,1,3,0,0.7936526362764271,-0.0007095726827555978,0.008547549486668193,-0.04416956765669504,0.01859827424261313,-1.586903158149277e-05,0.02667924451541006,0.030992747333184675,0.0003054018112443601,0.00932052102050342,-0.0065277729882650196,0.0248757586732316,-3.062836504569761e-05
5,22,1046394,0.4,30.450000000000298,28.29951248323207,-6.054211053849902,0.29513507780174564,0.7287905751134218,0.7862826568882176,1.2632769656734046,-2.23571821938875,0.258067760751153,0.2610938382961475,1,1,3,0,0.7926500359373698,-0.00017771502668682007,0.00924805942918588,-0.07837195275188302,0.007187767248366979,-2.0065662209610737e-05,0.017323429161126967,0.034159501049704326,-0.0007095726827555978,0.008547549486668193,-0.04416956765669504,0.01859827424261313,-1.586903158149277e-05
5,22,1046394,0.4,30.6000000000003,27.396482513809985,-6.0031664740478465,0.5011405035134366,0.39057635160046456,0.6353673667188381,1.4338169948709054,-2.2604172444271624,0.2719526971570584,0.258067760751153,1,1,3,0,0.7916590557360855,-0.0031140787013671685,0.008335399116327472,0.001431991546902736,0.007518134405574291,-6.06381097269436e-05,0.00490347908330453,0.03743903768117972,-0.00017771502668682007,0.00924805942918588,-0.07837195275188302,0.007187767248366979,-2.0065662209610737e-05
5,22,1046394,0.4,30.750000000000302,26.509295117740145,-5.870301977687768,0.7294331510432279,0.05126744891505197,0.7312325711831428,1.5719567876643827,-2.258538394054387,0.25767835571516895,0.2719526971570584,1,1,3,0,0.7906147573790024,-0.002301240311280256,0.008813303487332015,0.06683565587988304,-0.04153576047199121,-8.017408066338403e-05,-0.00798893527684901,0.04063366578495951,-0.0031140787013671685,0.008335399116327472,0.001431991546902736,0.007518134405574291,-6.06381097269436e-05
5,22,1046394,0.4,30.900000000000304,25.633626941130082,-5.82154295200333,0.9766511893670433,-0.2853460139419912,1.0174821341746711,1.6937083547777838,-2.2324068010346076,0.26401143441987607,0.25767835571516895,1,1,3,0,0.789625272493056,-0.004466774288467193,0.01049215552643271,-0.08001990407036819,0.045564237137491595,-2.3572617769359567e-05,-0.017454805473467797,0.04194724064659223,-0.002301240311280256,0.008813303487332015,0.06683565587988304,-0.04153576047199121,-8.017408066338403e-05
5,22,1046394,0.4,31.050000000000306,24.76896482195015,-5.735882114304681,1.2411763167787413,-0.6147325560612282,1.3850685054588503,1.806847752836536,-2.172908889961012,0.2615275896593483,0.26401143441987607,1,1,3,0,0.7886114685848836,-0.005337188998892862,0.008320569199563217,-0.0025845846370031213,0.0026290839486237533,3.712762465860883e-05,-0.02792730025274185,0.043795571012911434,-0.004466774288467193,0.01049215552643271,-0.08001990407036819,0.045564237137491595,-2.3572617769359567e-05
5,22,1046394,0.4,31.20000000000031,23.915659809069336,-5.665177303823373,1.5225452505933355,-0.9322923911633896,1.7853047758647467,1.9192180712242632,-2.083996328247383,0.25842517861228553,0.2615275896593483,1,1,3,0,0.7876072026405916,-0.003868103995064547,0.009613799502452412,-0.015506261161153724,-0.026369389787885923,-3.836029950796193e-05,-0.03909025254517583,0.046157889891104795,-0.005337188998892862,0.008320569199563217,-0.0025845846370031213,0.0026290839486237533,3.712762465860883e-05
5,22,1046394,0.4,31.35000000000031,23.071072025354997,-5.613361244948131,1.8216232770599632,-1.2328993649589584,2.1996254698568305,2.040602119483819,-1.959010228157658,0.2646353644554221,0.25842517861228553,1,1,3,0,0.7866148499547203,-0.0062379452327862624,0.01085025249488372,0.012583349020294992,0.016012723717484287,-8.41715765683556e-05,-0.050000818622231984,0.047152482861315,-0.003868103995064547,0.009613799502452412,-0.015506261161153724,-0.026369389787885923,-3.836029950796193e-05
5,22,1046394,0.4,31.500000000000313,22.237804780030196,-5.526078120566007,2.1392069830362495,-1.510925711823044,2.6189889314235417,2.165045139224162,-1.795842466694109,0.2647144597523584,0.2646353644554221,1,1,3,0,0.7855986501552116,-0.00706932753313957,0.007743029151130889,-0.0703266649955409,-0.013622500194201751,6.068648219945706e-05,-0.05983450485055454,0.04786850199172042,-0.0062379452327862624,0.01085025249488372,0.012583349020294992,0.016012723717484287,-8.41715765683556e-05
5,22,1046394,0.4,31.650000000000315,21.417612755293334,-5.438992640171046,2.4761325074195533,-1.7615894815711046,3.038820444824241,2.295652259710855,-1.6040173196757406,0.2565101300429856,0.2647144597523584,1,1,3,0,0.7845821466297624,-0.005530548894154148,0.008273905538792696,0.016702094892437895,-0.06667742955386487,5.6823675189735354e-05,-0.07117471043980153,0.048045567874550575,-0.00706932753313957,0.007743029151130889,-0.0703266649955409,-0.013622500194201751,6.068648219945706e-05
5,22,1046394,0.4,31.800000000000317,20.605575715823754,-5.400980348136946,2.833311963316376,-1.980631654991588,3.4569579740324317,2.4319659676497,-1.3844446497164447,0.25376797574264864,0.2565101300429856,1,1,3,0,0.7835971477303972,-0.005820614336568994,0.008557527464604746,0.03822114371855977,-0.045256517320162955,-6.533587342563543e-05,-0.08223163267730085,0.045250790943797914,-0.005530548894154148,0.008273905538792696,0.016702094892437895,-0.06667742955386487,5.6823675189735354e-05
5,22,1046394,0.4,31.95000000000032,19.797545865813596,-5.379869022938333,3.2104115826367767,-2.1644936190955684,3.8719213779509785,2.5622033942166915,-1.1433997801633482,0.25463703377527214,0.25376797574264864,1,1,3,0,0.7826226787035456,-0.006598886680876538,0.008023535513835094,0.002966106699079068,-0.04178302063418832,-0.00010246423699535262,-0.09067097668314017,0.03950696660373374,-0.005820614336568994,0.008557527464604746,0.03822114371855977,-0.045256517320162955,-6.533587342563543e-05
5,22,1046394,0.4,32.100000000000314,18.993143671427827,-5.35411920341786,3.605508976976335,-2.3107552484970766,4.28243911824952,2.6759325931108293,-0.8888489487002105,0.26771030959801767,0.25463703377527214,1,1,3,0,0.7816448724938486,-0.009712612630914927,0.0069893501794902994,-0.040669064387980944,0.033219811268376906,-7.845312820848669e-05,-0.09756070753864528,0.03153213568666055,-0.006598886680876538,0.008023535513835094,0.002966106699079068,-0.04178302063418832,-0.00010246423699535262
5,22,1046394,0.4,32.250000000000306,18.200186284488048,-5.252584776970138,4.013881955817581,-2.4179070980279644,4.685885518227263,2.750222062886313,-0.6256885663122553,0.2572601427150073,0.26771030959801767,1,1,3,0,0.7806168649049923,-0.008924345431141277,0.006021658410138201,0.02662610871875811,-0.00898145225634135,-7.642200726804426e-05,-0.10516954315188064,0.02432576308819711,-0.009712612630914927,0.0069893501794902994,-0.040669064387980944,0.033219811268376906,-7.845312820848669e-05
5,22,1046394,0.4,32.4000000000003,17.41628180611174,-5.21283012151732,4.430327957447645,-2.485594917439325,5.07995943922217,2.7925556780125262,-0.36307710051735254,0.27032615564492024,0.2572601427150073,1,1,3,0,0.7796289859569665,-0.010958135595084314,0.004639472687053176,-0.04131292398745859,0.043131822987002105,-0.00010844733388673281,-0.11174017868191205,0.017664872790056907,-0.008924345431141277,0.006021658410138201,0.02662610871875811,-0.00898145225634135,-7.642200726804426e-05
5,22,1046394,0.4,32.55000000000029,16.645886762551342,-5.097638991038163,4.847090586668486,-2.5139813728605307,5.460255442601561,2.773442466187793,-0.10187106762694631,0.24880087041074694,0.27032615564492024,1,1,3,0,0.7785909335192901,-0.008248704380633659,0.0016338345100717687,0.05111958163754012,-0.06600316859644997,-7.123728076201314e-05,-0.11859433429938462,0.012713056791815839,-0.010958135595084314,0.004639472687053176,-0.04131292398745859,0.043131822987002105,-0.00010844733388673281
5,22,1046394,0.4,32.70000000000028,15.880138173407182,-5.108741039785097,5.2573287564297075,-2.5043353538474764,5.823332483871507,2.717268895745113,0.1472164149452031,0.2663056026674875,0.24880087041074694,1,1,3,0,0.7776355381769127,-0.011251949476834578,0.00024496389030366825,-0.03438816720082839,-0.006800077699641797,-9.33461679622677e-05,-0.12357226766948352,0.0063465467342783445,-0.008248704380633659,0.0016338345100717687,0.05111958163754012,-0.06600316859644997,-7.123728076201314e-05
5,22,1046394,0.4,32.85000000000027,15.122847961100863,-5.018608122753091,5.651538527252779,-2.458574586467382,6.163154770265449,2.5848977602096506,0.3828960249379981,0.2518994066928175,0.2663056026674875,1,1,3,0,0.7766129246626696,-0.009364212050994802,0.0028039552707870546,-0.06755557532461001,0.05393427523632683,-2.1237981013802697e-05,-0.1282476582542958,-0.0010638011374083426,-0.011251949476834578,0.00024496389030366825,-0.03438816720082839,-0.006800077699641797,-9.33461679622677e-05
5,22,1046394,0.4,33.00000000000026,14.370611365203917,-5.013186452397335,6.021455422958237,-2.378831073927602,6.474315615488382,2.4080282026508675,0.6047663652369301,0.2594868076419453,0.2518994066928175,1,1,3,0,0.775645630940969,-0.009997924470193108,-0.0011524094846873415,0.10779442080024026,-0.0014856376563370478,-3.0196892676937327e-05,-0.13542354939368778,-0.006174854123740711,-0.009364212050994802,0.0028039552707870546,-0.06755557532461001,0.05393427523632683,-2.1237981013802697e-05
5,22,1046394,0.4,33.150000000000254,13.623479858467569,-4.964819338999296,6.358324541515628,-2.268040357401353,6.750725741580766,2.166902715504886,0.8041866563378046,0.26288302076950876,0.2594868076419453,1,1,3,0,0.7746492015996239,-0.011538158290608072,-0.0025474126323896066,0.04487592820682188,0.017470914668148613,-0.0001610191971334194,-0.13906227776795904,-0.010033518644779207,-0.009997924470193108,-0.0011524094846873415,0.10779442080024026,-0.0014856376563370478,-3.0196892676937327e-05
5,22,1046394,0.4,33.300000000000246,12.885509899663873,-4.897269815548341,6.654127426696306,-2.12934702535295,6.986524927679816,1.8785775531589963,0.9833368362675322,0.25188148930079557,0.26288302076950876,1,1,3,0,0.7736397307998689,-0.008496776741107223,-0.002154379850937111,-0.05594118929903699,-0.000250614957154246,-1.6580227709552444e-05,-0.1385113644081038,-0.01295339567967747,-0.011538158290608072,-0.0025474126323896066,0.04487592820682188,0.017470914668148613,-0.0001610191971334194
5,22,1046394,0.4,33.45000000000024,12.151349452392509,-4.892945831227431,6.9052430451643225,-1.9654808474876464,7.179519237012392,1.5770295465682742,1.1455006213572803,0.2610120594148039,0.25188148930079557,1,1,3,0,0.7726725058809538,-0.008904643907283722,-0.005843131792050517,-0.007204103507296982,-0.021122300604952154,6.650654065559216e-05,-0.13896196882644943,-0.015304507363756065,-0.008496776741107223,-0.002154379850937111,-0.05594118929903699,-0.000250614957154246,-1.6580227709552444e-05
5,22,1046394,0.4,33.60000000000023,11.423152424787983,-4.835517322257771,7.108312837673019,-1.7796828406890417,7.327713313965692,1.2483194447124604,1.283665871136054,0.2510039385564563,0.2610120594148039,1,1,3,0,0.7716702195728011,-0.005590982935676861,-0.005957210392849682,0.048141705734948345,-0.05737816392108352,-4.944490516047305e-06,-0.14038797685651325,-0.01814134774027316,-0.008904643907283722,-0.005843131792050517,-0.007204103507296982,-0.021122300604952154,6.650654065559216e-05
5,22,1046394,0.4,33.75000000000022,10.697782806418605,-4.835925809947324,7.2625932389458505,-1.5749064032192899,7.431392247303536,0.9261294735248478,1.4041700847167045,0.26657696028100664,0.2510039385564563,1,1,3,0,0.7707063644487442,-0.006874002763679625,-0.004088889058648559,0.027494120956306965,0.027993255559372585,-6.616823104468628e-05,-0.13986743929003934,-0.023111782235113967,-0.005590982935676861,-0.005957210392849682,0.048141705734948345,-0.05737816392108352,-4.944490516047305e-06
5,22,1046394,0.4,33.90000000000021,9.98145969471221,-4.745209463737528,7.367478048351263,-1.3539259670787183,7.490850974172946,0.5945203535569887,1.5060148863880272,0.2750502031725445,0.26657696028100664,1,1,3,0,0.7696827089212651,-0.008657926919557454,-0.003661848371839099,0.04203149544548904,0.08360517724205146,-1.7255459959154074e-05,-0.13729406339305564,-0.027609616831710867,-0.006874002763679625,-0.004088889058648559,0.027494120956306965,0.027993255559372585,-6.616823104468628e-05
5,22,1046394,0.4,34.0500000000002,9.283730397537482,-4.604561801345704,7.423128636333569,-1.1192874655493026,7.507039575098246,0.2688783551700087,1.5924912431791953,0.2683485285860899,0.2750502031725445,1,1,3,0,0.7686265161410826,-0.007786841831146728,-0.0077831789646117784,-0.002855356753950268,0.030145076357188928,3.968058098484374e-06,-0.1325780765354806,-0.028093048289843936,-0.008657926919557454,-0.003661848371839099,0.04203149544548904,0.08360517724205146,-1.7255459959154074e-05
5,22,1046394,0.4,34.200000000000195,8.603311596388554,-4.501740315792611,7.432853489938559,-0.8729031029472574,7.48393418129975,-0.027297823195735704,1.6675512819209217,0.2633443645237552,0.2683485285860899,1,1,3,0,0.767596057791312,-0.004797769190802874,-0.008814937082953318,0.08700999192482262,-0.05949223366366699,-1.089324640145727e-05,-0.12725846970035168,-0.025714202074059823,-0.007786841831146728,-0.0077831789646117784,-0.002855356753950268,0.030145076357188928,3.968058098484374e-06
5,22,1046394,0.4,34.350000000000186,7.9355980878181605,-4.426063050072684,7.4013549620140555,-0.6154514427149341,7.426899470981816,-0.2914385023037489,1.74079246503979,0.2532091629502945,0.2633443645237552,1,1,3,0,0.7665848154315407,-0.003060096222483578,-0.00699161011396038,0.06739084652445168,-0.03836976218580828,-5.9641097871090945e-05,-0.11894361134416338,-0.024877163433661403,-0.004797769190802874,-0.008814937082953318,0.08700999192482262,-0.05949223366366699,-1.089324640145727e-05
5,22,1046394,0.4,34.50000000000018,7.273534153894811,-4.407361723269848,7.333724493970617,-0.34676716084353965,7.341918170158537,-0.5208388549729441,1.8162499275098614,0.26767379395717716,0.2532091629502945,1,1,3,0,0.7656124922458115,-0.004344771348620034,-0.00663473600613994,-0.07061984660732878,0.05113407396784112,-3.695292889780666e-05,-0.1070052828510419,-0.026353296111462355,-0.003060096222483578,-0.00699161011396038,0.06739084652445168,-0.03836976218580828,-5.9641097871090945e-05
5,22,1046394,0.4,34.65000000000017,6.622975916635882,-4.301679876500162,7.232713572354388,-0.06720030485829134,7.233025750036593,-0.7409600751498717,1.8875875544172063,0.2678021805079653,0.26767379395717716,1,1,3,0,0.7645846248770161,-0.003979291627472831,-0.007620781940570499,0.09623286952430624,-0.018589645278045512,1.818243973701823e-05,-0.09712299695650421,-0.026323484159218813,-0.004344771348620034,-0.00663473600613994,-0.07061984660732878,0.05113407396784112,-3.695292889780666e-05
5,22,1046394,0.4,34.80000000000016,5.98852900084346,-4.193416720853761,7.099793924557531,0.22307127024172804,7.103297442933901,-0.9510686537530928,1.9592015029428158,0.25492808552877044,0.2678021805079653,1,1,3,0,0.7635562645038656,-0.00023262231354176385,-0.007225437167408627,-0.03656423400830616,-0.024560001010189375,-8.041651107138242e-05,-0.0854815301747634,-0.025825403403320457,-0.003979291627472831,-0.007620781940570499,0.09623286952430624,-0.018589645278045512,1.818243973701823e-05
5,22,1046394,0.4,34.95000000000015,5.362985788267682,-4.1585373015507265,6.937080730467814,0.5245387126326027,6.956883635801172,-1.1449939809692675,2.03511134672177,0.24619479206042616,0.25492808552877044,1,1,3,0,0.762577340655435,0.0025216464424341243,-0.006925890067083709,-0.02043235395883697,-0.05591895209441055,1.106798136213736e-05,-0.07417507994916647,-0.02637482233581896,-0.00023262231354176385,-0.007225437167408627,-0.03656423400830616,-0.024560001010189375,-8.041651107138242e-05
5,22,1046394,0.4,35.10000000000014,4.7376988448237345,-4.173479312993804,6.7454143999053,0.837537200905281,6.797211486289803,-1.3389468546478553,2.111983188630105,0.26030433381952334,0.24619479206042616,1,1,3,0,0.7616319526539229,0.0007207364608292423,-0.009000790170940225,0.08358751865922488,-0.02456101760347077,3.584110206469015e-05,-0.06507723189165773,-0.029187631861223425,0.0025216464424341243,-0.006925890067083709,-0.02043235395883697,-0.05591895209441055,1.106798136213736e-05
5,22,1046394,0.4,35.250000000000135,4.118568683090238,-4.104455403871652,6.522280854069823,1.160948953489715,6.6247981110351315,-1.5569852178795893,2.1770477022610137,0.24852670064563848,0.26030433381952334,1,1,3,0,0.7606323840120559,0.003351928306674977,-0.007861832639036868,0.03910727520336903,-0.02584938078252037,-5.3910773135806946e-05,-0.05390033454217499,-0.033476317040086426,0.0007207364608292423,-0.009000790170940225,0.08358751865922488,-0.02456101760347077,3.584110206469015e-05
5,22,1046394,0.4,35.40000000000013,3.50295789094654,-4.103787254006629,6.265767234715101,1.4935597585964842,6.441316619459729,-1.78163211130023,2.2359917944749306,0.2533652461774655,0.24852670064563848,1,1,3,0,0.7596780414815768,0.003992005449629743,-0.008353576512832014,-0.018939839544578917,-0.045745056152495446,-9.180786233979752e-05,-0.0405816915090524,-0.03863118105465367,0.003351928306674977,-0.007861832639036868,0.03910727520336903,-0.02584938078252037,-5.3910773135806946e-05
5,22,1046394,0.4,35.55000000000012,2.890376885875776,-4.073873129165205,5.974313398347949,1.833344774458551,6.249285850696405,-2.0185080469933747,2.277540434806614,0.26471289499464074,0.2533652461774655,1,1,3,0,0.7587051189362554,0.004163403014321764,-0.009090742608168697,0.0066005704506505265,0.0281053825222415,-6.137576141398252e-05,-0.02824964676170571,-0.045355492409702616,0.003992005449629743,-0.008353576512832014,-0.018939839544578917,-0.045745056152495446,-9.180786233979752e-05
5,22,1046394,0.4,35.70000000000011,2.2890074595501453,-3.97675469277566,5.646266604931451,2.1768201888944807,6.051352965142815,-2.2654542299134466,2.293141778975437,0.2514867863173928,0.26471289499464074,1,1,3,0,0.7576886214194758,0.006499521312895079,-0.009448165219156904,0.008512730870446504,0.010683893750816865,-8.472504499029811e-05,-0.01695784502091861,-0.051147081332887326,0.004163403014321764,-0.009090742608168697,0.0066005704506505265,0.0281053825222415,-6.137576141398252e-05
5,22,1046394,0.4,35.8500000000001,1.694387237154988,-3.9578298366990454,5.281486266193875,2.5207189829687646,5.852189451059629,-2.508451465182431,2.289372880031361,0.2661058053787104,0.2514867863173928,1,1,3,0,0.756722912160017,0.0059675199686048865,-0.010187092974817803,0.03891389151920275,0.033398891079792624,-5.611680281332753e-05,-0.006152275961360195,-0.05536887492526485,0.006499521312895079,-0.009448165219156904,0.008512730870446504,0.010683893750816865,-8.472504499029811e-05
5,22,1046394,0.4,36.00000000000009,1.1112330150509457,-3.8526415057205967,4.881032686435606,2.860873464131246,5.657656499278046,-2.742223130493926,2.253543528499823,0.27379247707314547,0.2661058053787104,1,1,3,0,0.7557010658673629,0.0044244711835723085,-0.011257001137820062,-0.0005840900569950121,0.05605045299912453,-7.523735434820521e-05,0.005339533721387373,-0.05757415826036241,0.0059675199686048865,-0.010187092974817803,0.03891389151920275,0.033398891079792624,-5.611680281332753e-05
5,22,1046394,0.4,36.150000000000084,0.5483815699298624,-3.7021962122764998,4.447672090811835,3.1925728953753936,5.474879790431215,-2.952942286697218,2.186933411015535,0.25814571904984684,0.27379247707314547,1,1,3,0,0.754649702755402,0.007901631071614205,-0.010698584382264094,0.02297588988698912,0.017150326826804813,-5.016583312060684e-05,0.016594155174129432,-0.05660617234911018,0.0044244711835723085,-0.011257001137820062,-0.0005840900569950121,0.05605045299912453,-7.523735434820521e-05
