arm,generation,candidateIndex,caseIndex,seed,scenario,activationGain,score,landed,styleBonus,styleRecovered,turnDegrees,reason,variation,touchdown,time,orbitComplete,orbits,maxAltitude,milestones,insertionQuality,insertionReward,insertionHoldQuality,insertionHoldReward,longestStrictInsertionHoldSeconds,conditionalPeriapsis,conditionalPeriapsisEligibleSeconds,strictInsertionHoldProgress,conditionalPeriapsisProgress,censored
control,1,0,0,714133,24,1,-483.70353666020577,false,0,false,-0.04113986199197789,Flight left the recovery corridor,"{""level"":0,""mass"":1,""thrust"":1,""servo"":1,""wind"":1,""deck"":1,""noise"":0}",null,154.14999999999714,false,0,12008.601614937394,"[{""name"":""Launch"",""time"":1.7500000000000009,""altitude"":4.16126340092886},{""name"":""Space"",""time"":106.64999999999714,""altitude"":816.3334401808662}]",0.8138930675728293,1176.6716810873952,0.05182883947068014,262.1946073648162,0,227.0936899802382,1.899999999999892,0,0.9157490720559174,false
control,1,0,1,553619,25,1,-484.1077956287261,false,0,false,-0.06333359644570644,Flight left the recovery corridor,"{""level"":0.4,""mass"":1.083884693447206,""thrust"":1.016267903124684,""servo"":1.2656766754682975,""wind"":0.8935277738499552,""deck"":1.0097203840138167,""noise"":0.004}",null,167.04999999999654,false,0,12070.75487988779,"[{""name"":""Launch"",""time"":1.950000000000001,""altitude"":4.181085905816465},{""name"":""Space"",""time"":119.29999999999656,""altitude"":816.4227098106346}]",0.7911404498030159,1149.368539763619,0.04009544904400348,248.11453885280417,0,null,0,0,0,false
control,1,0,2,564010,26,1,-488.2668979968462,false,0,false,0.06405102908096022,Flight left the recovery corridor,"{""level"":0,""mass"":1,""thrust"":1,""servo"":1,""wind"":1,""deck"":1,""noise"":0}",null,167.5499999999965,false,0,12029.483302200044,"[{""name"":""Launch"",""time"":1.7000000000000008,""altitude"":4.099285333482667},{""name"":""Space"",""time"":119.7999999999965,""altitude"":806.1792474700214}]",0.7877951646482192,1145.354197577863,0.05413125480254511,264.95750576305414,0,235.88385042007576,2.0499999999998835,0,0.9170417427088347,false
control,1,0,3,574401,24,1,-479.5997572086278,false,0,false,-0.0013219468369234243,Flight left the recovery corridor,"{""level"":0.4,""mass"":0.9880963761575715,""thrust"":0.9758886126282802,""servo"":1.0354448425912663,""wind"":1.0759237686473,""deck"":1.0029663443630197,""noise"":0.004}",null,155.64999999999714,false,0,12036.75734421915,"[{""name"":""Launch"",""time"":1.800000000000001,""altitude"":4.19070933548139},{""name"":""Space"",""time"":108.14999999999715,""altitude"":804.80165305304}]",0.8104482697836413,1172.5379237403695,0.046589908456971744,255.9078901483661,0,238.22034909041122,1.3999999999999204,0,0.9173853454544723,false
control,1,0,4,584792,25,1,-480.9275728424748,false,0,false,-0.0664441172171605,Flight left the recovery corridor,"{""level"":0,""mass"":1,""thrust"":1,""servo"":1,""wind"":1,""deck"":1,""noise"":0}",null,153.8999999999972,false,0,12038.392134875676,"[{""name"":""Launch"",""time"":1.7500000000000009,""altitude"":4.174968038052775},{""name"":""Space"",""time"":106.1499999999972,""altitude"":802.1537914040715}]",0.797182590314116,1156.619108376939,0.046973469036135695,256.3681628433628,0,226.71947824060953,0.75,0,0.9156940409177367,false
control,1,0,5,595183,26,1,-487.5004728738158,false,0,false,0.0435454461957369,Flight left the recovery corridor,"{""level"":0.4,""mass"":0.9232269751103548,""thrust"":1.0010613402122572,""servo"":0.9288705509315058,""wind"":0.8966846210417573,""deck"":0.9705989637064307,""noise"":0.004}",null,157.249999999997,false,0,12034.030138922517,"[{""name"":""Launch"",""time"":1.5000000000000007,""altitude"":4.068541736435927},{""name"":""Space"",""time"":110.24999999999699,""altitude"":802.7373496941386}]",0.7962060612511067,1155.447273501328,0.043915786472485195,252.69894376698224,0,227.09068802717866,1.3999999999999204,0,0.9157486305922321,false
control,1,1,0,714133,24,1,-622.3974762120513,false,0,false,-0.3748455554819584,Returned before completing an orbit,"{""level"":0,""mass"":1,""thrust"":1,""servo"":1,""wind"":1,""deck"":1,""noise"":0}","{""error"":17605.314094708505,""speed"":18.251554994297983,""lateral"":61.790318862032706,""tilt"":0.3516694951821505}",181.65000000000705,false,0,66.45898424957865,"[{""name"":""Launch"",""time"":3.1999999999999966,""altitude"":4.046950394618765}]",0.17292281468381554,220.79917447049436,4.637524824263066e-15,13.291796849921296,0,null,0,0,0,false
control,1,1,1,553619,25,1,-622.4681100326803,false,0,false,-0.39226142439281597,Returned before completing an orbit,"{""level"":0.4,""mass"":1.083884693447206,""thrust"":1.016267903124684,""servo"":1.2656766754682975,""wind"":0.8935277738499552,""deck"":1.0097203840138167,""noise"":0.004}","{""error"":15936.810487100733,""speed"":19.318567021374374,""lateral"":60.996954761181755,""tilt"":0.3449429439247071}",178.55000000000635,false,0,57.9571621378923,"[{""name"":""Launch"",""time"":5.4999999999999885,""altitude"":4.025919199544969}]",0.16597269277436846,210.75866375682062,1.9091533950026597e-15,11.59143242758075,0,null,0,0,0,false
control,1,1,2,564010,26,1,-622.4636269417117,false,0,false,-0.3514128481589374,Returned before completing an orbit,"{""level"":0,""mass"":1,""thrust"":1,""servo"":1,""wind"":1,""deck"":1,""noise"":0}","{""error"":17444.547472299266,""speed"":19.079881056848826,""lateral"":66.35476023889304,""tilt"":0.42609903008545286}",177.70000000000616,false,0,61.50023492289756,"[{""name"":""Launch"",""time"":3.049999999999997,""altitude"":4.08878287812186}]",0.2461415279256606,304.15558135692095,5.219462218619065e-16,8.785747846128851,0,null,0,0,0,false
control,1,1,3,574401,24,1,-623.1882998366349,false,0,false,-0.41517062028159923,Returned before completing an orbit,"{""level"":0.4,""mass"":0.9880963761575715,""thrust"":0.9758886126282802,""servo"":1.0354448425912663,""wind"":1.0759237686473,""deck"":1.0029663443630197,""noise"":0.004}","{""error"":17253.879951051258,""speed"":18.18407579611043,""lateral"":61.161598675096165,""tilt"":0.3454778780968245}",181.400000000007,false,0,67.10789483241682,"[{""name"":""Launch"",""time"":3.4999999999999956,""altitude"":4.008967375864282}]",0.17240140088534103,220.3032600288926,4.32936090519887e-15,13.421578966488559,0,null,0,0,0,false
control,1,1,4,584792,25,1,-623.3517580212292,false,0,false,-0.40318704572156466,Returned before completing an orbit,"{""level"":0,""mass"":1,""thrust"":1,""servo"":1,""wind"":1,""deck"":1,""noise"":0}","{""error"":17540.717433338592,""speed"":18.604501646027106,""lateral"":60.75364005858762,""tilt"":0.33300567298984085}",182.10000000000716,false,0,64.04804427543255,"[{""name"":""Launch"",""time"":3.1999999999999966,""altitude"":4.017093979035675}]",0.17345657210161639,220.95749537702616,4.558935906741599e-15,12.809608855091982,0,null,0,0,0,false
control,1,1,5,595183,26,1,-623.6612682218631,false,0,false,-0.34636102681940306,Returned before completing an orbit,"{""level"":0.4,""mass"":0.9232269751103548,""thrust"":1.0010613402122572,""servo"":0.9288705509315058,""wind"":0.8966846210417573,""deck"":0.9705989637064307,""noise"":0.004}","{""error"":19352.465290368447,""speed"":19.322187217076543,""lateral"":67.35060867581791,""tilt"":0.4118548212144058}",181.05000000000692,false,0,71.84737814493104,"[{""name"":""Launch"",""time"":2.25,""altitude"":4.004199224406058}]",0.2560825046541332,317.56291674852145,1.6298150454453627e-15,10.263911163563533,0,null,0,0,0,false
control,1,2,0,714133,24,1,-605.3117813434673,false,0,false,-0.08889317210441823,Returned before completing an orbit,"{""level"":0,""mass"":1,""thrust"":1,""servo"":1,""wind"":1,""deck"":1,""noise"":0}","{""error"":813.8564754811888,""speed"":51.92175149245426,""lateral"":167.235641821899,""tilt"":1.811809517634797}",63.45,false,0,368.67002299862924,"[{""name"":""Launch"",""time"":3.949999999999994,""altitude"":4.092960931046305}]",0.17733965329108936,286.54158854903307,4.456756177849898e-16,73.73400459972639,0,null,0,0,0,false
control,1,2,1,553619,25,1,-488.7374914372597,false,0,false,-0.9569075355570713,Flight left the recovery corridor,"{""level"":0.4,""mass"":1.083884693447206,""thrust"":1.016267903124684,""servo"":1.2656766754682975,""wind"":0.8935277738499552,""deck"":1.0097203840138167,""noise"":0.004}",null,132.3500000000003,false,0,12031.280041987036,"[{""name"":""Launch"",""time"":5.599999999999988,""altitude"":4.122497985431856},{""name"":""Space"",""time"":72.3500000000003,""altitude"":803.8154470904416}]",0.3521623050341218,622.5947660409462,1.6378238317836644e-10,200.00000019653885,0,null,0,0,0,false
control,1,2,2,564010,26,1,-481.5346198985303,false,0,false,-0.5750509717791237,Flight left the recovery corridor,"{""level"":0,""mass"":1,""thrust"":1,""servo"":1,""wind"":1,""deck"":1,""noise"":0}",null,98.10000000000028,false,0,12006.475014022351,"[{""name"":""Launch"",""time"":3.349999999999996,""altitude"":4.014720114983454},{""name"":""Space"",""time"":60.60000000000028,""altitude"":803.2733633815335}]",0.23623233783819575,483.4788054058349,1.1702075188113646e-16,200.00000000000014,0,null,0,0,0,false
control,1,2,3,574401,24,1,-605.700143037643,false,0,false,-0.13556950335084977,Returned before completing an orbit,"{""level"":0.4,""mass"":0.9880963761575715,""thrust"":0.9758886126282802,""servo"":1.0354448425912663,""wind"":1.0759237686473,""deck"":1.0029663443630197,""noise"":0.004}","{""error"":1441.4382974869625,""speed"":32.75421517379231,""lateral"":171.5308529889635,""tilt"":1.8469929172812383}",68.0999999999998,false,0,363.32853392963636,"[{""name"":""Launch"",""time"":4.3499999999999925,""altitude"":4.081454232177979}]",0.22676019784478507,344.7779441996694,3.573953818364366e-13,72.66570678635614,0,null,0,0,0,false
control,1,2,4,584792,25,1,-482.39256692997446,false,0,false,-0.6446772699359665,Flight left the recovery corridor,"{""level"":0,""mass"":1,""thrust"":1,""servo"":1,""wind"":1,""deck"":1,""noise"":0}",null,97.3000000000003,false,0,12088.553063178062,"[{""name"":""Launch"",""time"":3.349999999999996,""altitude"":4.093731310050062},{""name"":""Space"",""time"":62.050000000000296,""altitude"":803.7368012286319}]",0.1681818745952694,401.81824951432327,1.3445235429627773e-15,200.00000000000162,0,null,0,0,0,false
control,1,2,5,595183,26,1,-478.0855938486209,false,0,false,-0.47987572929849964,Flight left the recovery corridor,"{""level"":0.4,""mass"":0.9232269751103548,""thrust"":1.0010613402122572,""servo"":0.9288705509315058,""wind"":0.8966846210417573,""deck"":0.9705989637064307,""noise"":0.004}",null,88.40000000000023,false,0,12030.615554353717,"[{""name"":""Launch"",""time"":2.3999999999999995,""altitude"":4.011413490958676},{""name"":""Space"",""time"":39.40000000000023,""altitude"":807.9403578797517}]",0.23221787237343416,478.661446848121,1.0593626346943856e-16,200.0000000000001,0,null,0,0,0,false
control,1,3,0,714133,24,1,-600.6057692530906,false,0,false,-0.017595933017757654,Returned before completing an orbit,"{""level"":0,""mass"":1,""thrust"":1,""servo"":1,""wind"":1,""deck"":1,""noise"":0}","{""error"":1191.06033754979,""speed"":32.1738259877,""lateral"":149.97500472038956,""tilt"":1.2826967359718842}",17.000000000000107,false,0,122.88273895130095,"[{""name"":""Launch"",""time"":1.2000000000000004,""altitude"":4.062028072924171}]",0.16385800074403464,221.20614868310176,1.1327050434897596e-15,24.57654779026155,0,null,0,0,0,false
control,1,3,1,553619,25,1,-600.6672335524935,false,0,false,-0.025066961330896333,Returned before completing an orbit,"{""level"":0.4,""mass"":1.083884693447206,""thrust"":1.016267903124684,""servo"":1.2656766754682975,""wind"":0.8935277738499552,""deck"":1.0097203840138167,""noise"":0.004}","{""error"":1208.0697088021748,""speed"":24.899038198750713,""lateral"":142.51656247418936,""tilt"":1.1691821680289523}",17.750000000000117,false,0,109.28718846864413,"[{""name"":""Launch"",""time"":1.3000000000000005,""altitude"":4.2908302997320895}]",0.16267590160743367,217.06851962264923,9.323403302038746e-16,21.857437693729945,0,null,0,0,0,false
control,1,3,2,564010,26,1,-600.7240489667028,false,0,false,-0.010160758598909565,Returned before completing an orbit,"{""level"":0,""mass"":1,""thrust"":1,""servo"":1,""wind"":1,""deck"":1,""noise"":0}","{""error"":1134.6631076957933,""speed"":33.98730164708193,""lateral"":149.18394411544855,""tilt"":1.3437708800112527}",16.200000000000095,false,0,120.24409163422422,"[{""name"":""Launch"",""time"":1.2000000000000004,""altitude"":4.217175600880877}]",0.2333026903439001,297.14095578899787,1.3078994957022058e-16,17.1777273763179,0,null,0,0,0,false
control,1,3,3,574401,24,1,-600.680754026382,false,0,false,-0.01589143922155295,Returned before completing an orbit,"{""level"":0.4,""mass"":0.9880963761575715,""thrust"":0.9758886126282802,""servo"":1.0354448425912663,""wind"":1.0759237686473,""deck"":1.0029663443630197,""noise"":0.004}","{""error"":1194.2610222775384,""speed"":30.130584800015413,""lateral"":148.75621206768827,""tilt"":1.2393465769819834}",17.100000000000108,false,0,121.2078008617726,"[{""name"":""Launch"",""time"":1.2500000000000004,""altitude"":4.3414119661322985}]",0.16355298084874886,220.50513719085316,1.0456093482469747e-15,24.241560172355776,0,null,0,0,0,false
control,1,3,4,584792,25,1,-600.7687815164263,false,0,false,-0.019808829146831155,Returned before completing an orbit,"{""level"":0,""mass"":1,""thrust"":1,""servo"":1,""wind"":1,""deck"":1,""noise"":0}","{""error"":1186.7109897684124,""speed"":32.49112957084562,""lateral"":149.68237825130043,""tilt"":1.2823343585356002}",17.000000000000107,false,0,124.73078966482854,"[{""name"":""Launch"",""time"":1.2000000000000004,""altitude"":4.092323264245863}]",0.1647104153809861,222.59865639014905,1.1200380693378097e-15,24.94615793296705,0,null,0,0,0,false
control,1,3,5,595183,26,1,-600.7283394420843,false,0,false,-0.017303128752679628,Returned before completing an orbit,"{""level"":0.4,""mass"":0.9232269751103548,""thrust"":1.0010613402122572,""servo"":0.9288705509315058,""wind"":0.8966846210417573,""deck"":0.9705989637064307,""noise"":0.004}","{""error"":1150.3881989942106,""speed"":41.33400862341459,""lateral"":156.66406702826654,""tilt"":1.4346243933546219}",15.650000000000087,false,0,133.2112954721589,"[{""name"":""Launch"",""time"":1.1000000000000003,""altitude"":4.065454416620657}]",0.23691419973246153,303.3272247464051,1.920327267740799e-16,19.0301850674515,0,null,0,0,0,false
control,1,4,0,714133,24,1,-588.9050766870417,false,0,false,-3.158712164190697,Flight left the recovery corridor,"{""level"":0,""mass"":1,""thrust"":1,""servo"":1,""wind"":1,""deck"":1,""noise"":0}",null,565.0000000000339,false,0,0,[],0.13969814264511732,167.6377711741408,5.9110163352203e-17,7.09321960226436e-14,0,null,0,0,0,false
control,1,4,1,553619,25,1,-588.901657592254,false,0,false,-3.223473548213586,Flight left the recovery corridor,"{""level"":0.4,""mass"":1.083884693447206,""thrust"":1.016267903124684,""servo"":1.2656766754682975,""wind"":0.8935277738499552,""deck"":1.0097203840138167,""noise"":0.004}",null,568.1000000000311,false,0,0,[],0.13957656534172447,167.49187841006938,5.807812058791839e-17,6.969374470550207e-14,0,null,0,0,0,false
control,1,4,2,564010,26,1,-594.0450442316331,false,0,false,-3.113948286471598,Flight left the recovery corridor,"{""level"":0,""mass"":1,""thrust"":1,""servo"":1,""wind"":1,""deck"":1,""noise"":0}",null,588.5000000000125,false,0,0,[],0.2123909465920601,254.86913591047212,7.865189925092602e-18,9.438227910111123e-15,0,null,0,0,0,false
control,1,4,3,574401,24,1,-589.8408123341804,false,0,false,-3.165159625882647,Flight left the recovery corridor,"{""level"":0.4,""mass"":0.9880963761575715,""thrust"":0.9758886126282802,""servo"":1.0354448425912663,""wind"":1.0759237686473,""deck"":1.0029663443630197,""noise"":0.004}",null,568.0000000000312,false,0,0,[],0.139735654747848,167.6827856974176,5.946270815791717e-17,7.13552497895006e-14,0,null,0,0,0,false
control,1,4,4,584792,25,1,-588.867523406463,false,0,false,-3.1625812632711336,Flight left the recovery corridor,"{""level"":0,""mass"":1,""thrust"":1,""servo"":1,""wind"":1,""deck"":1,""noise"":0}",null,568.3000000000309,false,0,0,[],0.1398531553439315,167.8237864127178,6.030693453748958e-17,7.236832144498749e-14,0,null,0,0,0,false
control,1,4,5,595183,26,1,-593.0680182938357,false,0,false,-3.0237708054422323,Flight left the recovery corridor,"{""level"":0.4,""mass"":0.9232269751103548,""thrust"":1.0010613402122572,""servo"":0.9288705509315058,""wind"":0.8966846210417573,""deck"":0.9705989637064307,""noise"":0.004}",null,586.900000000014,false,0,0,[],0.2126211181391613,255.14534176699354,8.102516789665301e-18,9.723020147598361e-15,0,null,0,0,0,false
control,1,5,0,714133,24,1,-482.5846826658043,false,0,false,-0.05512410477857318,Flight left the recovery corridor,"{""level"":0,""mass"":1,""thrust"":1,""servo"":1,""wind"":1,""deck"":1,""noise"":0}",null,124.94999999999933,false,0,12022.988123844874,"[{""name"":""Launch"",""time"":1.800000000000001,""altitude"":4.073405533584822},{""name"":""Space"",""time"":72.94999999999933,""altitude"":809.792467686482}]",0.5726561978853197,887.1874374623837,1.2935230856648125e-05,200.01552227702797,0,null,0,0,0,false
control,1,5,1,553619,25,1,-484.3683207014888,false,0,false,-0.20276342177468623,Flight left the recovery corridor,"{""level"":0.4,""mass"":1.083884693447206,""thrust"":1.016267903124684,""servo"":1.2656766754682975,""wind"":0.8935277738499552,""deck"":1.0097203840138167,""noise"":0.004}",null,130.99999999999898,false,0,12015.303796949995,"[{""name"":""Launch"",""time"":2.000000000000001,""altitude"":4.112007843492744},{""name"":""Space"",""time"":78.74999999999898,""altitude"":804.62647240331}]",0.5091279491858044,810.9535390229653,1.1626794444384646e-06,200.00139521533333,0,null,0,0,0,false
control,1,5,2,564010,26,1,-482.6430723773172,false,0,false,-0.09850316938369008,Flight left the recovery corridor,"{""level"":0,""mass"":1,""thrust"":1,""servo"":1,""wind"":1,""deck"":1,""noise"":0}",null,122.54999999999936,false,0,12056.340346150464,"[{""name"":""Launch"",""time"":1.7500000000000009,""altitude"":4.14450372654729},{""name"":""Space"",""time"":71.04999999999936,""altitude"":813.1528888257307}]",0.5902257078820028,908.2708494584034,7.076983327552231e-06,200.00849237999307,0,null,0,0,0,false
control,1,5,3,574401,24,1,-480.6753751308896,false,0,false,-0.05981784349767586,Flight left the recovery corridor,"{""level"":0.4,""mass"":0.9880963761575715,""thrust"":0.9758886126282802,""servo"":1.0354448425912663,""wind"":1.0759237686473,""deck"":1.0029663443630197,""noise"":0.004}",null,125.74999999999929,false,0,12075.454009695799,"[{""name"":""Launch"",""time"":1.850000000000001,""altitude"":4.097176312696183},{""name"":""Space"",""time"":73.49999999999929,""altitude"":802.3931413708359}]",0.5465325801008706,855.8390961210447,5.3584645547420114e-06,200.0064301574657,0,null,0,0,0,false
control,1,5,4,584792,25,1,-481.44480870242603,false,0,false,-0.1342760469650256,Flight left the recovery corridor,"{""level"":0,""mass"":1,""thrust"":1,""servo"":1,""wind"":1,""deck"":1,""noise"":0}",null,123.99999999999935,false,0,11994.581034091803,"[{""name"":""Launch"",""time"":1.7500000000000009,""altitude"":4.027465750860742},{""name"":""Space"",""time"":72.24999999999935,""altitude"":809.8497108401522}]",0.5457120288824158,854.8544346588989,4.202980867521586e-06,200.00504357704102,0,null,0,0,0,false
control,1,5,5,595183,26,1,-483.32307743448484,false,0,false,-0.1070891158914815,Flight left the recovery corridor,"{""level"":0.4,""mass"":0.9232269751103548,""thrust"":1.0010613402122572,""servo"":0.9288705509315058,""wind"":0.8966846210417573,""deck"":0.9705989637064307,""noise"":0.004}",null,114.89999999999972,false,0,12081.184363304626,"[{""name"":""Launch"",""time"":1.5500000000000007,""altitude"":4.070123963025159},{""name"":""Space"",""time"":64.39999999999972,""altitude"":812.6016701325983}]",0.6124265816126795,934.9118979352154,2.1360696504966443e-05,200.02563283580596,0,null,0,0,0,false
control,1,6,0,714133,24,1,-601.7551304030108,false,0,false,-22.342663435473742,Orbital mission timed out,"{""level"":0,""mass"":1,""thrust"":1,""servo"":1,""wind"":1,""deck"":1,""noise"":0}",null,650.0499999999565,false,0,1.4311915546387546,[],0.13627396709058692,163.81499881963205,3.4489061466808507e-17,0.28623831092779234,0,null,0,0,0,false
control,1,6,1,553619,25,1,-601.7648171692281,false,0,false,-22.392916252275455,Orbital mission timed out,"{""level"":0.4,""mass"":1.083884693447206,""thrust"":1.016267903124684,""servo"":1.2656766754682975,""wind"":0.8935277738499552,""deck"":1.0097203840138167,""noise"":0.004}",null,650.0499999999565,false,0,0.8875849732666907,[],0.13613929598930585,163.54467218182035,3.396177575525629e-17,0.1775169946533789,0,null,0,0,0,false
control,1,6,2,564010,26,1,-601.343706397981,false,0,false,-22.28110061007132,Orbital mission timed out,"{""level"":0,""mass"":1,""thrust"":1,""servo"":1,""wind"":1,""deck"":1,""noise"":0}",null,650.0499999999565,false,0,1.479920365394399,[],0.2088357512588119,250.81431870563063,4.839798691322295e-18,0.2114171950563485,0,null,0,0,0,false
control,1,6,3,574401,24,1,-601.5638033463063,false,0,false,-22.319837985180303,Orbital mission timed out,"{""level"":0.4,""mass"":0.9880963761575715,""thrust"":0.9758886126282802,""servo"":1.0354448425912663,""wind"":1.0759237686473,""deck"":1.0029663443630197,""noise"":0.004}",null,650.0499999999565,false,0,1.2557662617046184,[],0.1361930002488267,163.68275355093294,3.451314115992206e-17,0.2511532523409651,0,null,0,0,0,false
control,1,6,4,584792,25,1,-601.9182664727082,false,0,false,-22.28342233311843,Orbital mission timed out,"{""level"":0,""mass"":1,""thrust"":1,""servo"":1,""wind"":1,""deck"":1,""noise"":0}",null,650.0499999999565,false,0,1.2904235555403076,[],0.13625667711239942,163.76609724598737,3.466974965539998e-17,0.2580847111081031,0,null,0,0,0,false
control,1,6,5,595183,26,1,-602.1538043709585,false,0,false,-22.366694736794983,Orbital mission timed out,"{""level"":0.4,""mass"":0.9232269751103548,""thrust"":1.0010613402122572,""servo"":0.9288705509315058,""wind"":0.8966846210417573,""deck"":0.9705989637064307,""noise"":0.004}",null,650.0499999999565,false,0,3.3002414168188032,[],0.20928893194734077,251.6181813963545,4.9514505136391505e-18,0.4714630595455493,0,null,0,0,0,false
control,1,7,0,714133,24,1,-602.3717280679658,false,0,false,-1.0256527015438113,Orbital mission timed out,"{""level"":0,""mass"":1,""thrust"":1,""servo"":1,""wind"":1,""deck"":1,""noise"":0}",null,650.0499999999565,false,0,0,[],0.14034088337499093,168.4090600499891,6.481566151745638e-17,7.777879382094766e-14,0,null,0,0,0,false
control,1,7,1,553619,25,1,-601.5459382180476,false,0,false,-0.9964402608924479,Orbital mission timed out,"{""level"":0.4,""mass"":1.083884693447206,""thrust"":1.016267903124684,""servo"":1.2656766754682975,""wind"":0.8935277738499552,""deck"":1.0097203840138167,""noise"":0.004}",null,650.0499999999565,false,0,0.0010465437225057883,[],0.14004707526774632,168.05669963004007,6.195686296598196e-17,0.00020930874457550592,0,null,0,0,0,false
control,1,7,2,564010,26,1,-600.4663855950894,false,0,false,-0.9700063594242214,Orbital mission timed out,"{""level"":0,""mass"":1,""thrust"":1,""servo"":1,""wind"":1,""deck"":1,""noise"":0}",null,650.0499999999565,false,0,0,[],0.21305431523387042,255.6651782806445,8.590128510227666e-18,1.0308154212273199e-14,0,null,0,0,0,false
control,1,7,3,574401,24,1,-602.3984607421676,false,0,false,-1.0105119088070411,Orbital mission timed out,"{""level"":0.4,""mass"":0.9880963761575715,""thrust"":0.9758886126282802,""servo"":1.0354448425912663,""wind"":1.0759237686473,""deck"":1.0029663443630197,""noise"":0.004}",null,650.0499999999565,false,0,0,[],0.14027080300661526,168.32496360793832,6.420774350195155e-17,7.704929220234186e-14,0,null,0,0,0,false
control,1,7,4,584792,25,1,-601.4045307151245,false,0,false,-1.0405492840727573,Orbital mission timed out,"{""level"":0,""mass"":1,""thrust"":1,""servo"":1,""wind"":1,""deck"":1,""noise"":0}",null,650.0499999999565,false,0,0.002075834265351517,[],0.14051359641392452,168.61673086356248,6.642111578086484e-17,0.00041516685315000877,0,null,0,0,0,false
control,1,7,5,595183,26,1,-600.480275788883,false,0,false,-0.966543891005948,Orbital mission timed out,"{""level"":0.4,""mass"":0.9232269751103548,""thrust"":1.0010613402122572,""servo"":0.9288705509315058,""wind"":0.8966846210417573,""deck"":0.9705989637064307,""noise"":0.004}",null,650.0499999999565,false,0,0.02960120121132981,[],0.21348135783038136,256.1818581394878,9.078984497280793e-18,0.004228743030200868,0,null,0,0,0,false
control,1,8,0,714133,24,1,-474.6846339119634,false,0,false,-0.25662671464690495,Flight left the recovery corridor,"{""level"":0,""mass"":1,""thrust"":1,""servo"":1,""wind"":1,""deck"":1,""noise"":0}",null,45.79999999999998,false,0,12096.973876877528,"[{""name"":""Launch"",""time"":1.0500000000000003,""altitude"":4.093428822980959},{""name"":""Space"",""time"":14.549999999999983,""altitude"":816.5201566020535}]",0.1352934863370718,362.3521836044862,1.3126520640015579e-17,200.00000000000003,0,null,0,0,0,false
control,1,8,1,553619,25,1,-476.6103874789116,false,0,false,-0.20672681843410168,Flight left the recovery corridor,"{""level"":0.4,""mass"":1.083884693447206,""thrust"":1.016267903124684,""servo"":1.2656766754682975,""wind"":0.8935277738499552,""deck"":1.0097203840138167,""noise"":0.004}",null,48.04999999999999,false,0,12084.79704728965,"[{""name"":""Launch"",""time"":1.1000000000000003,""altitude"":4.407586490387567},{""name"":""Space"",""time"":15.54999999999999,""altitude"":825.9226234830129}]",0.1352084508029807,362.2501409635768,1.419153963410283e-17,200.00000000000003,0,null,0,0,0,false
control,1,8,2,564010,26,1,-475.9805875856169,false,0,false,-0.19147592616140485,Flight left the recovery corridor,"{""level"":0,""mass"":1,""thrust"":1,""servo"":1,""wind"":1,""deck"":1,""noise"":0}",null,45.09999999999998,false,0,12153.078785359161,"[{""name"":""Launch"",""time"":1.0500000000000003,""altitude"":4.172928598387724},{""name"":""Space"",""time"":14.09999999999998,""altitude"":801.494224270482}]",0.20768398956272957,449.2207874752755,1.7352482051596664e-18,200,0,null,0,0,0,false
control,1,8,3,574401,24,1,-476.4522765725982,false,0,false,-0.2604441616456945,Flight left the recovery corridor,"{""level"":0.4,""mass"":0.9880963761575715,""thrust"":0.9758886126282802,""servo"":1.0354448425912663,""wind"":1.0759237686473,""deck"":1.0029663443630197,""noise"":0.004}",null,46.399999999999984,false,0,12139.900608839194,"[{""name"":""Launch"",""time"":1.0500000000000003,""altitude"":4.062296128669258},{""name"":""Space"",""time"":14.649999999999984,""altitude"":806.2373909070941}]",0.13528316516497965,362.3397981979756,1.3335647235268299e-17,200.00000000000003,0,null,0,0,0,false
control,1,8,4,584792,25,1,-474.5524875623673,false,0,false,-0.2779848345379414,Flight left the recovery corridor,"{""level"":0,""mass"":1,""thrust"":1,""servo"":1,""wind"":1,""deck"":1,""noise"":0}",null,45.79999999999998,false,0,12097.261909397268,"[{""name"":""Launch"",""time"":1.0500000000000003,""altitude"":4.102074044851038},{""name"":""Space"",""time"":14.549999999999983,""altitude"":812.4824332984952}]",0.1352934895440284,362.3521874528341,1.3144700749729308e-17,200.00000000000003,0,null,0,0,0,false
control,1,8,5,595183,26,1,-475.814444838223,false,0,false,-0.273055029247612,Flight left the recovery corridor,"{""level"":0.4,""mass"":0.9232269751103548,""thrust"":1.0010613402122572,""servo"":0.9288705509315058,""wind"":0.8966846210417573,""deck"":0.9705989637064307,""noise"":0.004}",null,42.54999999999998,false,0,12050.472940573518,"[{""name"":""Launch"",""time"":1.0000000000000002,""altitude"":4.175384149118489},{""name"":""Space"",""time"":13.299999999999981,""altitude"":822.5960109891998}]",0.20767896568430877,449.21475882117056,1.5484678670808464e-18,200,0,null,0,0,0,false
control,1,9,0,714133,24,1,-601.0224408310063,false,0,false,-0.036277983021167796,Returned before completing an orbit,"{""level"":0,""mass"":1,""thrust"":1,""servo"":1,""wind"":1,""deck"":1,""noise"":0}","{""error"":2240.897885137733,""speed"":41.661112724417585,""lateral"":185.35467169254153,""tilt"":1.310135943994468}",24.35000000000021,false,0,249.50387850359755,"[{""name"":""Launch"",""time"":1.2000000000000004,""altitude"":4.228112161981828}]",0.27969988018835906,385.5406319267504,5.31571776667526e-12,49.90077570709837,0,null,0,0,0,false
control,1,9,1,553619,25,1,-601.0864487145983,false,0,false,-0.035110716080287756,Returned before completing an orbit,"{""level"":0.4,""mass"":1.083884693447206,""thrust"":1.016267903124684,""servo"":1.2656766754682975,""wind"":0.8935277738499552,""deck"":1.0097203840138167,""noise"":0.004}","{""error"":2185.4309854377593,""speed"":31.695211859516387,""lateral"":173.1419313021288,""tilt"":1.1652123535733419}",25.10000000000022,false,0,220.89405938498018,"[{""name"":""Launch"",""time"":1.2500000000000004,""altitude"":4.3304705742598095}]",0.23834938068756842,330.1980687020781,4.315640133739781e-13,44.178811877513915,0,null,0,0,0,false
control,1,9,2,564010,26,1,-601.0809960922134,false,0,false,-0.02590259299126064,Returned before completing an orbit,"{""level"":0,""mass"":1,""thrust"":1,""servo"":1,""wind"":1,""deck"":1,""noise"":0}","{""error"":2133.253181488386,""speed"":43.33150674928044,""lateral"":184.0549110380242,""tilt"":1.3426312123626398}",23.200000000000195,false,0,241.84868301116137,"[{""name"":""Launch"",""time"":1.1500000000000004,""altitude"":4.014008428998844}]",0.3099750186514518,406.51983424047944,2.234670586084388e-13,34.5498118590055,0,null,0,0,0,false
control,1,9,3,574401,24,1,-600.973694299111,false,0,false,-0.03356618877463436,Returned before completing an orbit,"{""level"":0.4,""mass"":0.9880963761575715,""thrust"":0.9758886126282802,""servo"":1.0354448425912663,""wind"":1.0759237686473,""deck"":1.0029663443630197,""noise"":0.004}","{""error"":2229.7777256775144,""speed"":39.618313556723244,""lateral"":183.04866217300616,""tilt"":1.2877105464383272}",24.500000000000213,false,0,241.36715999994541,"[{""name"":""Launch"",""time"":1.2000000000000004,""altitude"":4.204613352101013}]",0.26917679795504584,371.2855895460441,3.0459601886935297e-12,48.27343200364423,0,null,0,0,0,false
control,1,9,4,584792,25,1,-601.0068005568138,false,0,false,-0.03919780261601405,Returned before completing an orbit,"{""level"":0,""mass"":1,""thrust"":1,""servo"":1,""wind"":1,""deck"":1,""noise"":0}","{""error"":2233.182450946768,""speed"":39.50984585939152,""lateral"":184.10887728818037,""tilt"":1.2852854137558452}",24.35000000000021,false,0,243.43797011264118,"[{""name"":""Launch"",""time"":1.2000000000000004,""altitude"":4.257989456726671}]",0.27600222828666876,379.89026796653076,4.6526234703873634e-12,48.687594028111384,0,null,0,0,0,false
control,1,9,5,595183,26,1,-601.817043013575,false,0,false,-0.13825752514631937,Returned before completing an orbit,"{""level"":0.4,""mass"":0.9232269751103548,""thrust"":1.0010613402122572,""servo"":0.9288705509315058,""wind"":0.8966846210417573,""deck"":0.9705989637064307,""noise"":0.004}","{""error"":3984.9576903867005,""speed"":57.03442760653379,""lateral"":214.83751507226773,""tilt"":1.6736275821043587}",29.25000000000012,false,0,287.7467286388147,"[{""name"":""Launch"",""time"":1.1000000000000003,""altitude"":4.149368138526171}]",0.7184634018877697,903.2627577851543,0.003850498447314346,45.72727365660789,0,null,0,0,0,false
control,1,10,0,714133,24,1,-619.7352180118764,false,0,false,-0.23432569306241216,Returned before completing an orbit,"{""level"":0,""mass"":1,""thrust"":1,""servo"":1,""wind"":1,""deck"":1,""noise"":0}","{""error"":1145.220236272054,""speed"":32.6804279615765,""lateral"":83.19642707707106,""tilt"":0.3716738741418411}",207.20000000001286,false,0,126.89189370320068,"[{""name"":""Launch"",""time"":109.14999999999594,""altitude"":4.014379176651794}]",0.2060827766409402,272.6777107097684,2.111102236902007e-13,25.378378740893467,0,null,0,0,0,false
control,1,10,1,553619,25,1,-624.615864442719,false,0,false,-0.29706513603347773,Returned before completing an orbit,"{""level"":0.4,""mass"":1.083884693447206,""thrust"":1.016267903124684,""servo"":1.2656766754682975,""wind"":0.8935277738499552,""deck"":1.0097203840138167,""noise"":0.004}","{""error"":7062.489000767514,""speed"":30.7123483899663,""lateral"":102.54527945332374,""tilt"":0.5694577868446585}",208.45000000001315,false,0,138.32956643446866,"[{""name"":""Launch"",""time"":145.19999999999877,""altitude"":4.0067267817221115}]",0.20478000888533057,273.40192394929045,9.037079469515316e-14,27.66591328700218,0,null,0,0,0,false
control,1,10,2,564010,26,1,-613.7053252848856,false,0,false,-0.17942502810428523,Returned before completing an orbit,"{""level"":0,""mass"":1,""thrust"":1,""servo"":1,""wind"":1,""deck"":1,""noise"":0}","{""error"":224.31185090109372,""speed"":29.628617782101035,""lateral"":91.48278537297647,""tilt"":0.20234173911274828}",202.60000000001182,false,0,121.55270433115732,"[{""name"":""Launch"",""time"":102.19999999999634,""altitude"":4.012599286548104}]",0.27321393377448877,345.2213925766947,1.987805039252639e-14,17.364672047332043,0,null,0,0,0,false
control,1,10,3,574401,24,1,-620.1403555479687,false,0,false,-0.2356672593546765,Returned before completing an orbit,"{""level"":0.4,""mass"":0.9880963761575715,""thrust"":0.9758886126282802,""servo"":1.0354448425912663,""wind"":1.0759237686473,""deck"":1.0029663443630197,""noise"":0.004}","{""error"":1495.1406767882195,""speed"":32.447809905842796,""lateral"":81.27892956744188,""tilt"":0.3719676974882842}",206.9500000000128,false,0,126.91249468478671,"[{""name"":""Launch"",""time"":112.44999999999575,""altitude"":4.014123902760424}]",0.20496386401250152,271.33913575195913,1.9204414024776606e-13,25.382498937187798,0,null,0,0,0,false
control,1,10,4,584792,25,1,-621.9183722098505,false,0,false,-0.24551956593038557,Returned before completing an orbit,"{""level"":0,""mass"":1,""thrust"":1,""servo"":1,""wind"":1,""deck"":1,""noise"":0}","{""error"":1958.9022622510063,""speed"":33.63020574275233,""lateral"":79.94245534154868,""tilt"":0.33495127454304857}",207.850000000013,false,0,132.18383179639468,"[{""name"":""Launch"",""time"":114.24999999999565,""altitude"":4.006066588956708}]",0.20925657784783863,277.5446597766853,2.3083516438541794e-13,26.436766359555936,0,null,0,0,0,false
control,1,10,5,595183,26,1,-610.40327290247,false,0,false,-0.10094220999699327,Returned before completing an orbit,"{""level"":0.4,""mass"":0.9232269751103548,""thrust"":1.0010613402122572,""servo"":0.9288705509315058,""wind"":0.8966846210417573,""deck"":0.9705989637064307,""noise"":0.004}","{""error"":6625.857295497403,""speed"":31.54941761812784,""lateral"":96.7717485867305,""tilt"":0.1648710188506157}",208.80000000001323,false,0,165.22297766215323,"[{""name"":""Launch"",""time"":74.39999999999792,""altitude"":4.038624896626697}]",0.3329358787373692,423.1263370080078,5.1160539687880716e-12,23.603282529304007,0,null,0,0,0,false
control,1,11,0,714133,24,1,-490.2413431944121,false,0,false,0.04120771498498845,Flight left the recovery corridor,"{""level"":0,""mass"":1,""thrust"":1,""servo"":1,""wind"":1,""deck"":1,""noise"":0}",null,188.49999999999764,false,0,11996.480279242704,"[{""name"":""Launch"",""time"":1.7500000000000009,""altitude"":4.034832071673229},{""name"":""Space"",""time"":112.99999999999764,""altitude"":803.7285825731223}]",0.6869493601472038,1024.3392321766446,0.001670948152226547,202.00513778267185,0,null,0,0,0,false
control,1,11,1,553619,25,1,-491.49989316418197,false,0,false,0.05076475978073519,Flight left the recovery corridor,"{""level"":0.4,""mass"":1.083884693447206,""thrust"":1.016267903124684,""servo"":1.2656766754682975,""wind"":0.8935277738499552,""deck"":1.0097203840138167,""noise"":0.004}",null,206.64999999999688,false,0,12039.539405499212,"[{""name"":""Launch"",""time"":1.950000000000001,""altitude"":4.159520834810335},{""name"":""Space"",""time"":129.14999999999688,""altitude"":802.5540979773539}]",0.6652670103071892,998.320412368627,0.0005860475603850047,200.703257072462,0,null,0,0,0,false
control,1,11,2,564010,26,1,-494.4242025051964,false,0,false,0.1136748375427689,Flight left the recovery corridor,"{""level"":0,""mass"":1,""thrust"":1,""servo"":1,""wind"":1,""deck"":1,""noise"":0}",null,197.9499999999972,false,0,12027.556512792678,"[{""name"":""Launch"",""time"":1.7000000000000008,""altitude"":4.096164937670309},{""name"":""Space"",""time"":121.4499999999972,""altitude"":800.4302671398232}]",0.7052550802333634,1046.306096280036,0.0019998245173054063,202.3997894207665,0,null,0,0,0,false
control,1,11,3,574401,24,1,-491.01955452041,false,0,false,0.040298502227253306,Flight left the recovery corridor,"{""level"":0.4,""mass"":0.9880963761575715,""thrust"":0.9758886126282802,""servo"":1.0354448425912663,""wind"":1.0759237686473,""deck"":1.0029663443630197,""noise"":0.004}",null,195.3999999999973,false,0,11997.582629402601,"[{""name"":""Launch"",""time"":1.800000000000001,""altitude"":4.138692637816293},{""name"":""Space"",""time"":118.89999999999732,""altitude"":803.3979195337777}]",0.6809001467800446,1017.0801761360535,0.00090751828375201,201.08902194050242,0,null,0,0,0,false
control,1,11,4,584792,25,1,-493.33224770335926,false,0,false,0.06305338257629138,Flight left the recovery corridor,"{""level"":0,""mass"":1,""thrust"":1,""servo"":1,""wind"":1,""deck"":1,""noise"":0}",null,192.49999999999744,false,0,12009.30495448474,"[{""name"":""Launch"",""time"":1.7500000000000009,""altitude"":4.1251598317897376},{""name"":""Space"",""time"":116.49999999999746,""altitude"":804.5075614848453}]",0.6955550354070306,1034.6660424884367,0.0012978067636246601,201.55736811634958,0,null,0,0,0,false
control,1,11,5,595183,26,1,-493.5203390381176,false,0,false,0.13188059218986503,Flight left the recovery corridor,"{""level"":0.4,""mass"":0.9232269751103548,""thrust"":1.0010613402122572,""servo"":0.9288705509315058,""wind"":0.8966846210417573,""deck"":0.9705989637064307,""noise"":0.004}",null,187.84999999999758,false,0,12000.49530074709,"[{""name"":""Launch"",""time"":1.5500000000000007,""altitude"":4.210980488453092},{""name"":""Space"",""time"":112.59999999999756,""altitude"":801.1934093278625}]",0.7510513578194496,1101.2616293833396,0.022936556489405693,227.52386778728683,0,null,0,0,0,false
control,2,0,0,714133,25,1,-478.3946845577968,false,0,false,-0.27260747383997835,Flight left the recovery corridor,"{""level"":0,""mass"":1,""thrust"":1,""servo"":1,""wind"":1,""deck"":1,""noise"":0}",null,74.4500000000001,false,0,12113.334196905558,"[{""name"":""Launch"",""time"":1.3000000000000005,""altitude"":4.0752288107383965},{""name"":""Space"",""time"":31.200000000000095,""altitude"":800.9088963785376}]",0.1621436794898794,394.57241538785524,3.160016994729075e-17,200.00000000000003,0,null,0,0,0,false
control,2,0,1,569046,26,1,-478.7660482736545,false,0,false,-0.2636710878561464,Flight left the recovery corridor,"{""level"":0.4,""mass"":1.0078205084017242,""thrust"":1.0229867276800537,""servo"":1.1170466611096472,""wind"":0.8347192984911334,""deck"":0.9298693114481018,""noise"":0.004}",null,70.45000000000007,false,0,12002.553122578933,"[{""name"":""Launch"",""time"":1.2500000000000004,""altitude"":4.24063625488224},{""name"":""Space"",""time"":28.950000000000077,""altitude"":816.0746020479097}]",0.2159166206966959,459.0999448360351,3.3136411780806985e-18,200,0,null,0,0,0,false
control,2,0,2,579437,24,1,-478.17116725028075,false,0,false,-0.18419282467147022,Flight left the recovery corridor,"{""level"":0,""mass"":1,""thrust"":1,""servo"":1,""wind"":1,""deck"":1,""noise"":0}",null,74.0000000000001,false,0,12024.246419818757,"[{""name"":""Launch"",""time"":1.3000000000000005,""altitude"":4.107983069131599},{""name"":""Space"",""time"":31.500000000000096,""altitude"":814.9036211467143}]",0.16843904139663518,402.1268496759622,5.666146770855953e-17,200.00000000000006,0,null,0,0,0,false
control,2,0,3,589828,25,1,-478.66466911569734,false,0,false,-0.2667863988700083,Flight left the recovery corridor,"{""level"":0.4,""mass"":1.008987657975143,""thrust"":0.9746573988387026,""servo"":1.1938851225845255,""wind"":1.1238364144730137,""deck"":1.0541332943729074,""noise"":0.004}",null,76.35000000000011,false,0,11993.188984632865,"[{""name"":""Launch"",""time"":1.3500000000000005,""altitude"":4.227072789091592},{""name"":""Space"",""time"":32.60000000000011,""altitude"":803.4084393199565}]",0.1604476964063264,392.53723568759165,3.75401072995722e-17,200.00000000000006,0,null,0,0,0,false
control,2,0,4,600219,26,1,-479.65197462607483,false,0,false,-0.25785684842797213,Flight left the recovery corridor,"{""level"":0,""mass"":1,""thrust"":1,""servo"":1,""wind"":1,""deck"":1,""noise"":0}",null,71.80000000000008,false,0,12110.547707260517,"[{""name"":""Launch"",""time"":1.3000000000000005,""altitude"":4.321473112769215},{""name"":""Space"",""time"":29.550000000000082,""altitude"":809.1081995732433}]",0.22301254747205632,467.6150569664676,6.258530389340357e-18,200,0,null,0,0,0,false
control,2,0,5,610610,24,1,-480.38526256936865,false,0,false,-0.27113215701073495,Flight left the recovery corridor,"{""level"":0.4,""mass"":1.0226949788820694,""thrust"":1.0169597470262557,""servo"":0.9232613077167986,""wind"":1.0598531795533879,""deck"":0.9889243339994453,""noise"":0.004}",null,74.6000000000001,false,0,12012.516410002667,"[{""name"":""Launch"",""time"":1.3500000000000005,""altitude"":4.254132110795728},{""name"":""Space"",""time"":31.350000000000097,""altitude"":808.3126329906847}]",0.1651670011967043,398.2004014360451,3.744074160207622e-17,200.00000000000006,0,null,0,0,0,false
control,2,1,0,714133,25,1,-482.1776331161823,false,0,false,-0.0687206312422959,Flight left the recovery corridor,"{""level"":0,""mass"":1,""thrust"":1,""servo"":1,""wind"":1,""deck"":1,""noise"":0}",null,157.29999999999703,false,0,12012.310923575937,"[{""name"":""Launch"",""time"":1.7500000000000009,""altitude"":4.041242036748423},{""name"":""Space"",""time"":109.79999999999703,""altitude"":810.0195568569759}]",0.8087517221832802,1170.5020666199362,0.04633013445362951,255.5961613443554,0,240.33164577158914,1.3999999999999204,0,0.9176958302605278,false
control,2,1,1,569046,26,1,-483.0809309191049,false,0,false,-0.02587372787160124,Flight left the recovery corridor,"{""level"":0.4,""mass"":1.0078205084017242,""thrust"":1.0229867276800537,""servo"":1.1170466611096472,""wind"":0.8347192984911334,""deck"":0.9298693114481018,""noise"":0.004}",null,164.8999999999965,false,0,12047.81844814685,"[{""name"":""Launch"",""time"":1.6500000000000008,""altitude"":4.162390218389554},{""name"":""Space"",""time"":118.89999999999651,""altitude"":803.4558838285783}]",0.7878735020256437,1145.4482024307724,0.04735788614390862,256.8294633726903,0,253.43098313326846,1.25,0,0.9196222034019512,false
control,2,1,2,579437,24,1,-483.70353666020577,false,0,false,-0.04113986199197789,Flight left the recovery corridor,"{""level"":0,""mass"":1,""thrust"":1,""servo"":1,""wind"":1,""deck"":1,""noise"":0}",null,154.14999999999714,false,0,12008.601614937394,"[{""name"":""Launch"",""time"":1.7500000000000009,""altitude"":4.16126340092886},{""name"":""Space"",""time"":106.64999999999714,""altitude"":816.3334401808662}]",0.8138930675728293,1176.6716810873952,0.05182883947068014,262.1946073648162,0,227.0936899802382,1.899999999999892,0,0.9157490720559174,false
control,2,1,3,589828,25,1,-484.1396452770432,false,0,false,-0.03171122470285733,Flight left the recovery corridor,"{""level"":0.4,""mass"":1.008987657975143,""thrust"":0.9746573988387026,""servo"":1.1938851225845255,""wind"":1.1238364144730137,""deck"":1.0541332943729074,""noise"":0.004}",null,160.8999999999968,false,0,12067.187133833238,"[{""name"":""Launch"",""time"":1.850000000000001,""altitude"":4.09683036607607},{""name"":""Space"",""time"":113.89999999999678,""altitude"":806.9335813099082}]",0.8096526498397077,1171.5831798076492,0.055104014618609615,266.1248175423315,0,236.37575647646463,2.0499999999998835,0,0.9171140818347742,false
control,2,1,4,600219,26,1,-486.8894178608294,false,0,false,0.04934925108043903,Flight left the recovery corridor,"{""level"":0,""mass"":1,""thrust"":1,""servo"":1,""wind"":1,""deck"":1,""noise"":0}",null,167.94999999999646,false,0,12027.928072774976,"[{""name"":""Launch"",""time"":1.7000000000000008,""altitude"":4.164541949042038},{""name"":""Space"",""time"":120.19999999999648,""altitude"":810.549077437641}]",0.7956715378292065,1154.805845395048,0.053025907022347864,263.6310884268174,0,235.0482228604742,1.899999999999892,0,0.916918856303011,false
control,2,1,5,610610,24,1,-483.05365396931046,false,0,false,0.012933915894867198,Flight left the recovery corridor,"{""level"":0.4,""mass"":1.0226949788820694,""thrust"":1.0169597470262557,""servo"":0.9232613077167986,""wind"":1.0598531795533879,""deck"":0.9889243339994453,""noise"":0.004}",null,157.29999999999717,false,0,12062.761419018852,"[{""name"":""Launch"",""time"":1.7500000000000009,""altitude"":4.009998547078247},{""name"":""Space"",""time"":108.29999999999715,""altitude"":802.6142051602153}]",0.8073930367538974,1168.8716441046768,0.044686255933684395,253.62350712042127,0,244.52450442163263,1.25,0,0.9183124271208283,false
control,2,2,0,714133,25,1,-474.5981991409507,false,0,false,-0.441498025530505,Flight left the recovery corridor,"{""level"":0,""mass"":1,""thrust"":1,""servo"":1,""wind"":1,""deck"":1,""noise"":0}",null,39.04999999999998,false,0,12068.292504838546,"[{""name"":""Launch"",""time"":0.9500000000000003,""altitude"":4.113892139487964},{""name"":""Space"",""time"":12.299999999999985,""altitude"":832.230450004646}]",0.13529352365158745,362.352228381905,9.72662750733581e-18,200,0,null,0,0,0,false
control,2,2,1,569046,26,1,-475.2763561883324,false,0,false,-0.45883046635582314,Flight left the recovery corridor,"{""level"":0.4,""mass"":1.0078205084017242,""thrust"":1.0229867276800537,""servo"":1.1170466611096472,""wind"":0.8347192984911334,""deck"":0.9298693114481018,""noise"":0.004}",null,38.69999999999999,false,0,12161.2250058404,"[{""name"":""Launch"",""time"":0.9500000000000003,""altitude"":4.5203461858077265},{""name"":""Space"",""time"":11.949999999999985,""altitude"":804.6058985073813}]",0.2075904000008715,449.1084800010458,1.2496844068227898e-18,200,0,null,0,0,0,false
control,2,2,2,579437,24,1,-475.6783543965069,false,0,false,-0.4851400642179075,Flight left the recovery corridor,"{""level"":0,""mass"":1,""thrust"":1,""servo"":1,""wind"":1,""deck"":1,""noise"":0}",null,39.04999999999998,false,0,12012.721026217883,"[{""name"":""Launch"",""time"":0.9500000000000003,""altitude"":4.114252390320356},{""name"":""Space"",""time"":12.299999999999985,""altitude"":822.2493688126453}]",0.13529352120785357,362.3522254494243,9.722540172951847e-18,200,0,null,0,0,0,false
control,2,2,3,589828,25,1,-475.5228174894857,false,0,false,-0.4856677881982351,Flight left the recovery corridor,"{""level"":0.4,""mass"":1.008987657975143,""thrust"":0.9746573988387026,""servo"":1.1938851225845255,""wind"":1.1238364144730137,""deck"":1.0541332943729074,""noise"":0.004}",null,39.94999999999999,false,0,12034.016245006398,"[{""name"":""Launch"",""time"":0.9500000000000003,""altitude"":4.243768221627633},{""name"":""Space"",""time"":12.699999999999985,""altitude"":828.415005523646}]",0.13522373338005486,362.26848005606587,9.839501372114499e-18,200,0,null,0,0,0,false
control,2,2,4,600219,26,1,-475.108972406679,false,0,false,-0.4628744772785645,Flight left the recovery corridor,"{""level"":0,""mass"":1,""thrust"":1,""servo"":1,""wind"":1,""deck"":1,""noise"":0}",null,39.09999999999998,false,0,12084.356245314542,"[{""name"":""Launch"",""time"":0.9500000000000003,""altitude"":4.119338978888935},{""name"":""Space"",""time"":12.349999999999984,""altitude"":828.3315279752799}]",0.20768404176436134,449.22085011723357,1.315670370696533e-18,200,0,null,0,0,0,false
control,2,2,5,610610,24,1,-475.7542678736962,false,0,false,-0.4270208050605451,Flight left the recovery corridor,"{""level"":0.4,""mass"":1.0226949788820694,""thrust"":1.0169597470262557,""servo"":0.9232613077167986,""wind"":1.0598531795533879,""deck"":0.9889243339994453,""noise"":0.004}",null,39.59999999999998,false,0,12169.794566375083,"[{""name"":""Launch"",""time"":1.0000000000000002,""altitude"":4.3944974414506355},{""name"":""Space"",""time"":12.349999999999984,""altitude"":819.4017922772963}]",0.13533084985070343,362.3970198208441,1.0016855113833816e-17,200,0,null,0,0,0,false
control,2,3,0,714133,25,1,-615.3545446556376,false,0,false,-0.15921154526042497,Returned before completing an orbit,"{""level"":0,""mass"":1,""thrust"":1,""servo"":1,""wind"":1,""deck"":1,""noise"":0}","{""error"":20573.652695746616,""speed"":37.247492941288556,""lateral"":97.60919762587861,""tilt"":0.10405077457339026}",135.49999999999656,false,0,164.60034343135175,"[{""name"":""Launch"",""time"":1.850000000000001,""altitude"":4.0831357922211}]",0.39945590026470223,512.267149003913,4.462060518138074e-08,32.92012223099657,0,null,0,0,0,false
control,2,3,1,569046,26,1,-616.5148373790707,false,0,false,-0.19271621605549488,Returned before completing an orbit,"{""level"":0.4,""mass"":1.0078205084017242,""thrust"":1.0229867276800537,""servo"":1.1170466611096472,""wind"":0.8347192984911334,""deck"":0.9298693114481018,""noise"":0.004}","{""error"":20134.191080348173,""speed"":34.28580617266918,""lateral"":98.44776836199472,""tilt"":0.10858787812862788}",131.79999999999572,false,0,158.1145695866042,"[{""name"":""Launch"",""time"":1.7000000000000008,""altitude"":4.10255008470441}]",0.45130178741180993,564.149940549401,1.5855506231417585e-08,22.58781468183665,0,null,0,0,0,false
control,2,3,2,579437,24,1,-615.7196781381789,false,0,false,-0.15152090298523868,Returned before completing an orbit,"{""level"":0,""mass"":1,""thrust"":1,""servo"":1,""wind"":1,""deck"":1,""noise"":0}","{""error"":20599.845266936034,""speed"":37.21636440470028,""lateral"":96.50559293487018,""tilt"":0.10334411334537771}",134.94999999999644,false,0,157.83215947878148,"[{""name"":""Launch"",""time"":1.850000000000001,""altitude"":4.160491488503631}]",0.37330296273506447,479.5299871778337,1.961200697222368e-08,31.566455430164662,0,null,0,0,0,false
control,2,3,3,589828,25,1,-615.4958232872732,false,0,false,-0.15935082271381157,Returned before completing an orbit,"{""level"":0.4,""mass"":1.008987657975143,""thrust"":0.9746573988387026,""servo"":1.1938851225845255,""wind"":1.1238364144730137,""deck"":1.0541332943729074,""noise"":0.004}","{""error"":19900.535164648485,""speed"":37.95468979382545,""lateral"":97.5233668568443,""tilt"":0.11776630944929585}",135.94999999999666,false,0,167.76129483707982,"[{""name"":""Launch"",""time"":2.000000000000001,""altitude"":4.056160933430073}]",0.34217269335117684,444.15949098882817,3.5132923214759532e-09,33.552263183366755,0,null,0,0,0,false
control,2,3,4,600219,26,1,-615.5097871521028,false,0,false,-0.15540478450045817,Returned before completing an orbit,"{""level"":0,""mass"":1,""thrust"":1,""servo"":1,""wind"":1,""deck"":1,""noise"":0}","{""error"":19935.24147914611,""speed"":35.497573016924676,""lateral"":96.11964208289415,""tilt"":0.14313343634403322}",131.84999999999573,false,0,146.96996280447075,"[{""name"":""Launch"",""time"":1.7500000000000009,""altitude"":4.095366093773418}]",0.4171118041287183,521.5298739265293,1.317533073632812e-09,20.99571055310694,0,null,0,0,0,false
control,2,3,5,610610,24,1,-615.3533994414996,false,0,false,-0.14369179284307473,Returned before completing an orbit,"{""level"":0.4,""mass"":1.0226949788820694,""thrust"":1.0169597470262557,""servo"":0.9232613077167986,""wind"":1.0598531795533879,""deck"":0.9889243339994453,""noise"":0.004}","{""error"":20524.93778575992,""speed"":38.072137829702044,""lateral"":97.14477218724724,""tilt"":0.1203868551890555}",135.84999999999664,false,0,171.06325801873697,"[{""name"":""Launch"",""time"":1.850000000000001,""altitude"":4.033130203816315}]",0.36901991575707566,477.0365505122382,1.2275794454371592e-08,34.21266633470074,0,null,0,0,0,false
control,2,4,0,714133,25,1,-571.1531833415235,false,0,false,-0.4054442526484194,Orbital mission timed out,"{""level"":0,""mass"":1,""thrust"":1,""servo"":1,""wind"":1,""deck"":1,""noise"":0}",null,650.0499999999565,false,0,0,[],0.13711212234526046,164.53454681431256,4.0689637592395813e-17,4.8827565110874976e-14,0,null,0,0,0,false
control,2,4,1,569046,26,1,-557.3374712760017,false,0,false,-0.2687835876605481,Orbital mission timed out,"{""level"":0.4,""mass"":1.0078205084017242,""thrust"":1.0229867276800537,""servo"":1.1170466611096472,""wind"":0.8347192984911334,""deck"":0.9298693114481018,""noise"":0.004}",null,650.0499999999565,false,0,0,[],0.20951188397844406,251.41426077413286,5.367347505816834e-18,6.4408170069802e-15,0,null,0,0,0,false
control,2,4,2,579437,24,1,-576.2165572600875,false,0,false,-0.42491946471456415,Orbital mission timed out,"{""level"":0,""mass"":1,""thrust"":1,""servo"":1,""wind"":1,""deck"":1,""noise"":0}",null,650.0499999999565,false,0,0,[],0.13709696770708682,164.51636124850418,4.065050729812748e-17,4.8780608757752976e-14,0,null,0,0,0,false
control,2,4,3,589828,25,1,-577.5078933745299,false,0,false,-0.4585744223290144,Orbital mission timed out,"{""level"":0.4,""mass"":1.008987657975143,""thrust"":0.9746573988387026,""servo"":1.1938851225845255,""wind"":1.1238364144730137,""deck"":1.0541332943729074,""noise"":0.004}",null,650.0499999999565,false,0,0,[],0.13707941334359505,164.49529601231407,4.049704821124928e-17,4.8596457853499136e-14,0,null,0,0,0,false
control,2,4,4,600219,26,1,-559.1804363131349,false,0,false,-0.27284346247406416,Orbital mission timed out,"{""level"":0,""mass"":1,""thrust"":1,""servo"":1,""wind"":1,""deck"":1,""noise"":0}",null,650.0499999999565,false,0,0,[],0.20947765057323778,251.37318068788534,5.354912270226647e-18,6.425894724271976e-15,0,null,0,0,0,false
control,2,4,5,610610,24,1,-571.9238594428267,false,0,false,-0.4044751504278492,Orbital mission timed out,"{""level"":0.4,""mass"":1.0226949788820694,""thrust"":1.0169597470262557,""servo"":0.9232613077167986,""wind"":1.0598531795533879,""deck"":0.9889243339994453,""noise"":0.004}",null,650.0499999999565,false,0,0,[],0.1370767783203986,164.49213398447833,4.05221039213564e-17,4.862652470562768e-14,0,null,0,0,0,false
control,2,5,0,714133,25,1,-481.2176563415082,false,0,false,-0.21093983247685055,Flight left the recovery corridor,"{""level"":0,""mass"":1,""thrust"":1,""servo"":1,""wind"":1,""deck"":1,""noise"":0}",null,86.20000000000009,false,0,12019.425141064994,"[{""name"":""Launch"",""time"":1.1500000000000004,""altitude"":4.008580740785886},{""name"":""Space"",""time"":37.20000000000009,""altitude"":814.7859606176745}]",0.3832309019118825,659.877082294259,1.8995208518998857e-09,200.00000227942502,0,null,0,0,0,false
control,2,5,1,569046,26,1,-480.8478648569332,false,0,false,-0.11237923445051477,Flight left the recovery corridor,"{""level"":0.4,""mass"":1.0078205084017242,""thrust"":1.0229867276800537,""servo"":1.1170466611096472,""wind"":0.8347192984911334,""deck"":0.9298693114481018,""noise"":0.004}",null,82.75000000000009,false,0,11994.908735501886,"[{""name"":""Launch"",""time"":1.1000000000000003,""altitude"":4.054177326829318},{""name"":""Space"",""time"":36.000000000000085,""altitude"":812.6690356709559}]",0.4508082157906168,740.9698589487401,3.123834534459533e-09,200.00000374860144,0,null,0,0,0,false
control,2,5,2,579437,24,1,-480.64025122144056,false,0,false,-0.08707292964551198,Flight left the recovery corridor,"{""level"":0,""mass"":1,""thrust"":1,""servo"":1,""wind"":1,""deck"":1,""noise"":0}",null,87.35000000000011,false,0,12072.877358928763,"[{""name"":""Launch"",""time"":1.1500000000000004,""altitude"":4.007312617431948},{""name"":""Space"",""time"":38.1000000000001,""altitude"":802.4460603118196}]",0.41005040282786726,692.0604833934408,8.633172357841806e-09,200.00001035980682,0,null,0,0,0,false
control,2,5,3,589828,25,1,-479.8538635737378,false,0,false,-0.08721566902861502,Flight left the recovery corridor,"{""level"":0.4,""mass"":1.008987657975143,""thrust"":0.9746573988387026,""servo"":1.1938851225845255,""wind"":1.1238364144730137,""deck"":1.0541332943729074,""noise"":0.004}",null,88.85000000000016,false,0,12073.09024835999,"[{""name"":""Launch"",""time"":1.2000000000000004,""altitude"":4.343918108604324},{""name"":""Space"",""time"":41.10000000000017,""altitude"":809.2901362839383}]",0.4133821257895762,696.0585509474915,7.370052236757483e-09,200.00000884406268,0,null,0,0,0,false
control,2,5,4,600219,26,1,-480.9584644811392,false,0,false,-0.19631591818612357,Flight left the recovery corridor,"{""level"":0,""mass"":1,""thrust"":1,""servo"":1,""wind"":1,""deck"":1,""noise"":0}",null,84.5000000000001,false,0,12015.598830159646,"[{""name"":""Launch"",""time"":1.1500000000000004,""altitude"":4.100452081696703},{""name"":""Space"",""time"":37.0000000000001,""altitude"":815.9819189386048}]",0.46064993713475566,752.7799245617068,5.686241816969885e-09,200.00000682349017,0,null,0,0,0,false
control,2,5,5,610610,24,1,-480.46107110828837,false,0,false,-0.17700617400430896,Flight left the recovery corridor,"{""level"":0.4,""mass"":1.0226949788820694,""thrust"":1.0169597470262557,""servo"":0.9232613077167986,""wind"":1.0598531795533879,""deck"":0.9889243339994453,""noise"":0.004}",null,88.15000000000012,false,0,12033.328247475149,"[{""name"":""Launch"",""time"":1.2000000000000004,""altitude"":4.1787961768211375},{""name"":""Space"",""time"":38.65000000000012,""altitude"":812.6042500409542}]",0.4114829387477406,693.7795264972888,9.141322795974788e-09,200.00001096958735,0,null,0,0,0,false
control,2,6,0,714133,25,1,-607.0910144753203,false,0,false,-2.9099555582603367,Orbital mission timed out,"{""level"":0,""mass"":1,""thrust"":1,""servo"":1,""wind"":1,""deck"":1,""noise"":0}",null,650.0499999999565,false,0,0.6025996948129304,[],0.15636897162789226,187.7632858924333,5.609917595336624e-16,0.12051993896325926,0,null,0,0,0,false
control,2,6,1,569046,26,1,-606.016070428942,false,0,false,-2.6016730129532912,Orbital mission timed out,"{""level"":0.4,""mass"":1.0078205084017242,""thrust"":1.0229867276800537,""servo"":1.1170466611096472,""wind"":0.8347192984911334,""deck"":0.9298693114481018,""noise"":0.004}",null,650.0499999999565,false,0,1.0559751637929864,[],0.2314291892710507,277.8658807200884,8.648206162486473e-17,0.15085359482767327,0,null,0,0,0,false
control,2,6,2,579437,24,1,-607.4180964945084,false,0,false,-2.917952366424233,Orbital mission timed out,"{""level"":0,""mass"":1,""thrust"":1,""servo"":1,""wind"":1,""deck"":1,""noise"":0}",null,650.0499999999565,false,0,0.7553138524378067,[],0.1565736380489327,188.0394284292068,5.699597171970688e-16,0.1510627704882453,0,null,0,0,0,false
control,2,6,3,589828,25,1,-607.2473843144404,false,0,false,-2.8044273906210346,Orbital mission timed out,"{""level"":0.4,""mass"":1.008987657975143,""thrust"":0.9746573988387026,""servo"":1.1938851225845255,""wind"":1.1238364144730137,""deck"":1.0541332943729074,""noise"":0.004}",null,650.0499999999565,false,0,0.22619718460080485,[],0.15580869092698946,187.0156685493075,5.230775313501548e-16,0.04523943692078866,0,null,0,0,0,false
control,2,6,4,600219,26,1,-606.4936654465912,false,0,false,-2.522914315590528,Orbital mission timed out,"{""level"":0,""mass"":1,""thrust"":1,""servo"":1,""wind"":1,""deck"":1,""noise"":0}",null,650.0499999999565,false,0,1.0972955830765816,[],0.2308354040158588,277.1592413308986,8.089080149874782e-17,0.15675651186818015,0,null,0,0,0,false
control,2,6,5,610610,24,1,-607.2512467493524,false,0,false,-2.8697596731061705,Orbital mission timed out,"{""level"":0.4,""mass"":1.0226949788820694,""thrust"":1.0169597470262557,""servo"":0.9232613077167986,""wind"":1.0598531795533879,""deck"":0.9889243339994453,""noise"":0.004}",null,650.0499999999565,false,0,0.7074056070639188,[],0.15647385159752059,187.91010303843748,5.626704675395394e-16,0.14148112141345895,0,null,0,0,0,false
control,2,7,0,714133,25,1,-477.9924555517944,false,0,false,-0.1308655352220863,Flight left the recovery corridor,"{""level"":0,""mass"":1,""thrust"":1,""servo"":1,""wind"":1,""deck"":1,""noise"":0}",null,81.20000000000012,false,0,12022.224920843963,"[{""name"":""Launch"",""time"":1.4500000000000006,""altitude"":4.223553418024283},{""name"":""Space"",""time"":32.45000000000012,""altitude"":810.5863128028885}]",0.13529348814355419,362.352185772265,2.6188043060109332e-17,200.00000000000003,0,null,0,0,0,false
control,2,7,1,569046,26,1,-478.8370984446106,false,0,false,-0.0831592810359778,Flight left the recovery corridor,"{""level"":0.4,""mass"":1.0078205084017242,""thrust"":1.0229867276800537,""servo"":1.1170466611096472,""wind"":0.8347192984911334,""deck"":0.9298693114481018,""noise"":0.004}",null,76.2000000000001,false,0,12094.578114154192,"[{""name"":""Launch"",""time"":1.3500000000000005,""altitude"":4.148864416800832},{""name"":""Space"",""time"":29.4500000000001,""altitude"":803.6782826700646}]",0.20760488487728795,449.1258618527455,3.320553409704731e-18,200,0,null,0,0,0,false
control,2,7,2,579437,24,1,-478.53948320280415,false,0,false,-0.0995594473518034,Flight left the recovery corridor,"{""level"":0,""mass"":1,""thrust"":1,""servo"":1,""wind"":1,""deck"":1,""noise"":0}",null,80.80000000000013,false,0,11994.684133071596,"[{""name"":""Launch"",""time"":1.4500000000000006,""altitude"":4.20094440916378},{""name"":""Space"",""time"":32.300000000000125,""altitude"":804.5961864653024}]",0.13529348647495432,362.3521837699452,2.6308769066350284e-17,200.00000000000003,0,null,0,0,0,false
control,2,7,3,589828,25,1,-480.774698865197,false,0,false,-0.13890576150131984,Flight left the recovery corridor,"{""level"":0.4,""mass"":1.008987657975143,""thrust"":0.9746573988387026,""servo"":1.1938851225845255,""wind"":1.1238364144730137,""deck"":1.0541332943729074,""noise"":0.004}",null,85.80000000000014,false,0,12048.055738125597,"[{""name"":""Launch"",""time"":1.5000000000000007,""altitude"":4.184139600578675},{""name"":""Space"",""time"":34.80000000000014,""altitude"":809.1917892755023}]",0.1352664990132428,362.3197988158914,2.7765487304642046e-17,200.00000000000003,0,null,0,0,0,false
control,2,7,4,600219,26,1,-479.1560240124871,false,0,false,-0.1236499787929428,Flight left the recovery corridor,"{""level"":0,""mass"":1,""thrust"":1,""servo"":1,""wind"":1,""deck"":1,""noise"":0}",null,77.0500000000001,false,0,12064.223114754954,"[{""name"":""Launch"",""time"":1.4000000000000006,""altitude"":4.228887765830272},{""name"":""Space"",""time"":30.050000000000104,""altitude"":806.7184421855883}]",0.20768398931550333,449.220787178604,3.3712898329841705e-18,200,0,null,0,0,0,false
control,2,7,5,610610,24,1,-480.31377537878524,false,0,false,-0.1643743266991611,Flight left the recovery corridor,"{""level"":0.4,""mass"":1.0226949788820694,""thrust"":1.0169597470262557,""servo"":0.9232613077167986,""wind"":1.0598531795533879,""deck"":0.9889243339994453,""noise"":0.004}",null,80.70000000000013,false,0,12003.989876868407,"[{""name"":""Launch"",""time"":1.4500000000000006,""altitude"":4.055058210997032},{""name"":""Space"",""time"":32.700000000000124,""altitude"":804.2252889702386}]",0.13533082024059537,362.3969842887144,2.6617844555453588e-17,200.00000000000003,0,null,0,0,0,false
control,2,8,0,714133,25,1,-615.4022042247464,false,0,false,-0.5830866869674897,Returned before completing an orbit,"{""level"":0,""mass"":1,""thrust"":1,""servo"":1,""wind"":1,""deck"":1,""noise"":0}","{""error"":19581.05755959381,""speed"":41.64977545964743,""lateral"":97.80433595252498,""tilt"":0.2644755548696236}",120.19999999999531,false,0,210.59981647309792,"[{""name"":""Launch"",""time"":1.850000000000001,""altitude"":4.172288652944303}]",0.807910922432667,1011.61307021382,0.027086739581309586,74.62405079219108,0,173.6484728055384,0.9999999999999432,0,0.9078894812949321,false
control,2,8,1,569046,26,1,-615.7741693934614,false,0,false,-0.5704927946201674,Returned before completing an orbit,"{""level"":0.4,""mass"":1.0078205084017242,""thrust"":1.0229867276800537,""servo"":1.1170466611096472,""wind"":0.8347192984911334,""deck"":0.9298693114481018,""noise"":0.004}","{""error"":19575.394630502848,""speed"":39.661007697369605,""lateral"":100.1348702370411,""tilt"":0.2679567987507434}",118.6999999999954,false,0,213.8540013936599,"[{""name"":""Launch"",""time"":1.6500000000000008,""altitude"":4.014496255683268}]",0.7846980568172728,972.1882398083931,0.020194352106396408,54.78379415534139,0,208.67948469428575,0.5999999999999659,0,0.9130411006903362,false
control,2,8,2,579437,24,1,-615.745831528183,false,0,false,-0.5604353626077466,Returned before completing an orbit,"{""level"":0,""mass"":1,""thrust"":1,""servo"":1,""wind"":1,""deck"":1,""noise"":0}","{""error"":19903.053861112316,""speed"":43.114281976300646,""lateral"":97.27923151520878,""tilt"":0.29135585023991045}",121.69999999999523,false,0,229.5933865157791,"[{""name"":""Launch"",""time"":1.800000000000001,""altitude"":4.109603997004816}]",0.8061667622229922,1013.3187919707465,0.02395479304585027,74.66442895817615,0,177.76250757809976,0.7999999999999545,0,0.9084944864085441,false
control,2,8,3,589828,25,1,-615.1516511924143,false,0,false,-0.5704750800450354,Returned before completing an orbit,"{""level"":0.4,""mass"":1.008987657975143,""thrust"":0.9746573988387026,""servo"":1.1938851225845255,""wind"":1.1238364144730137,""deck"":1.0541332943729074,""noise"":0.004}","{""error"":19033.28918536109,""speed"":41.17897529221802,""lateral"":98.53258754114191,""tilt"":0.27985035704081185}",120.5499999999953,false,0,212.3929208618455,"[{""name"":""Launch"",""time"":2.0500000000000007,""altitude"":4.091010435519538}]",0.7939681434002798,995.2403562527048,0.022308543948583115,69.24883691066884,0,196.36754150640627,0.19999999999998863,0,0.9112305208097656,false
control,2,8,4,600219,26,1,-615.7666230093655,false,0,false,-0.5902404808402003,Returned before completing an orbit,"{""level"":0,""mass"":1,""thrust"":1,""servo"":1,""wind"":1,""deck"":1,""noise"":0}","{""error"":19184.377112366867,""speed"":39.50124952199003,""lateral"":97.94934301955107,""tilt"":0.2957687729061576}",117.44999999999547,false,0,197.4419965274315,"[{""name"":""Launch"",""time"":1.7000000000000008,""altitude"":4.102132262353095}]",0.7879086114603735,973.696333256367,0.02143165435635107,53.923984731540074,0,197.0536169652396,0.8999999999999488,0,0.9113314142595941,false
control,2,8,5,610610,24,1,-615.6754975082351,false,0,false,-0.5631610713483932,Returned before completing an orbit,"{""level"":0.4,""mass"":1.0226949788820694,""thrust"":1.0169597470262557,""servo"":0.9232613077167986,""wind"":1.0598531795533879,""deck"":0.9889243339994453,""noise"":0.004}","{""error"":19976.774565259217,""speed"":43.40129809083311,""lateral"":98.64467997014292,""tilt"":0.2570556094625201}",122.74999999999517,false,0,241.40142529710272,"[{""name"":""Launch"",""time"":1.850000000000001,""altitude"":4.147524140499021}]",0.7916357417178003,998.2431751207808,0.022380198314904915,75.13652303730643,0,171.54498818234424,0.7999999999999545,0,0.907580145320933,false
control,2,9,0,714133,25,1,-604.7213965552477,false,0,false,-0.28908958471404245,Returned before completing an orbit,"{""level"":0,""mass"":1,""thrust"":1,""servo"":1,""wind"":1,""deck"":1,""noise"":0}","{""error"":5554.5256673054655,""speed"":0.2754250716906981,""lateral"":134.21472783135098,""tilt"":0.961258139165131}",54.74999999999903,false,0,37.44163280457459,"[{""name"":""Launch"",""time"":2.849999999999998,""altitude"":4.0161794821095}]",0.17676245796687184,219.60327612116112,9.23873596226606e-15,7.488326560926004,0,null,0,0,0,false
control,2,9,1,569046,26,1,-419.0638571399769,false,0,false,-0.08179918024613834,Returned before completing an orbit,"{""level"":0.4,""mass"":1.0078205084017242,""thrust"":1.0229867276800537,""servo"":1.1170466611096472,""wind"":0.8347192984911334,""deck"":0.9298693114481018,""noise"":0.004}","{""error"":1493.9447175762327,""speed"":0.1823231370379501,""lateral"":123.3390797156522,""tilt"":0.9773422307930857}",21.40000000000017,false,0,28.821818367101883,"[{""name"":""Launch"",""time"":2.4499999999999993,""altitude"":4.0353294783371005}]",0.2436608003950451,296.51036309792585,4.2051916187505343e-16,4.117402623872202,0,null,0,0,0,false
control,2,9,2,579437,24,1,-607.5600428303017,false,0,false,-0.3734553086241982,Returned before completing an orbit,"{""level"":0,""mass"":1,""thrust"":1,""servo"":1,""wind"":1,""deck"":1,""noise"":0}","{""error"":7536.93959684164,""speed"":4.1923019097712215,""lateral"":140.72290875030407,""tilt"":1.0493795319917054}",69.79999999999818,false,0,41.59074118183433,"[{""name"":""Launch"",""time"":2.9499999999999975,""altitude"":4.019000594698305}]",0.1785988440997356,222.63676115604954,1.07740589423612e-14,8.318148236379795,0,null,0,0,0,false
control,2,9,3,589828,25,1,-610.9161001720115,false,0,false,-0.500077381252336,Returned before completing an orbit,"{""level"":0.4,""mass"":1.008987657975143,""thrust"":0.9746573988387026,""servo"":1.1938851225845255,""wind"":1.1238364144730137,""deck"":1.0541332943729074,""noise"":0.004}","{""error"":9998.52897520832,""speed"":3.3525892871201948,""lateral"":139.59923106009865,""tilt"":1.00797620413844}",90.599999999997,false,0,43.791495297608975,"[{""name"":""Launch"",""time"":3.899999999999994,""altitude"":4.007454041835599}]",0.17903418391526588,223.59931975784085,1.1175639727634304e-14,8.758299059535206,0,null,0,0,0,false
control,2,9,4,600219,26,1,-421.1506182785826,false,0,false,-0.08319157526169359,Returned before completing an orbit,"{""level"":0,""mass"":1,""thrust"":1,""servo"":1,""wind"":1,""deck"":1,""noise"":0}","{""error"":1473.560711292068,""speed"":2.30772286014118,""lateral"":124.81865319463391,""tilt"":1.0151283631872556}",21.50000000000017,false,0,28.139372557701172,"[{""name"":""Launch"",""time"":2.6999999999999984,""altitude"":4.064628344379244}]",0.24140121504714102,293.7013684219551,3.9585415959948635e-16,4.019910365386356,0,null,0,0,0,false
control,2,9,5,610610,24,1,-602.0582166548749,false,0,false,-0.17738423787126714,Returned before completing an orbit,"{""level"":0.4,""mass"":1.0226949788820694,""thrust"":1.0169597470262557,""servo"":0.9232613077167986,""wind"":1.0598531795533879,""deck"":0.9889243339994453,""noise"":0.004}","{""error"":3470.648388338657,""speed"":1.8336807669979425,""lateral"":132.14037732852915,""tilt"":0.9693120059476328}",38.34999999999996,false,0,33.14948312590758,"[{""name"":""Launch"",""time"":3.149999999999997,""altitude"":4.057295659066579}]",0.17374474216334954,215.12358722120095,6.304151537525853e-15,6.62989662518908,0,null,0,0,0,false
control,2,10,0,714133,25,1,-615.150083575356,false,0,false,-1.4119132905053124,Returned before completing an orbit,"{""level"":0,""mass"":1,""thrust"":1,""servo"":1,""wind"":1,""deck"":1,""noise"":0}","{""error"":22534.808062263983,""speed"":28.07702607642328,""lateral"":160.65992307440092,""tilt"":0.30191772434138364}",102.09999999999874,false,0,368.52252969009993,"[{""name"":""Launch"",""time"":1.1500000000000004,""altitude"":4.066992212186497}]",0.7963599672983853,1029.3364666960824,0.012087322620607514,88.209293082749,0,315.62161006482347,0.25,0,0.9287678838330623,false
control,2,10,1,569046,26,1,-617.1396915127762,false,0,false,-1.3488356264899726,Returned before completing an orbit,"{""level"":0.4,""mass"":1.0078205084017242,""thrust"":1.0229867276800537,""servo"":1.1170466611096472,""wind"":0.8347192984911334,""deck"":0.9298693114481018,""noise"":0.004}","{""error"":23126.42768212083,""speed"":54.15769697851052,""lateral"":92.11664560986249,""tilt"":0.10941048057633225}",116.49999999999794,false,0,347.7797016639025,"[{""name"":""Launch"",""time"":1.1000000000000003,""altitude"":4.022174123885057}]",0.8108325740772852,1022.6819034161568,0.010586303301465644,62.38637848517341,0,335.09919368619194,0.25,0,0.9316322343656165,false
control,2,10,2,579437,24,1,-488.06578891928376,false,0,false,-1.5724640793162523,Flight left the recovery corridor,"{""level"":0,""mass"":1,""thrust"":1,""servo"":1,""wind"":1,""deck"":1,""noise"":0}",null,118.05000000000015,false,0,12062.012753559018,"[{""name"":""Launch"",""time"":1.1500000000000004,""altitude"":4.125739522409813},{""name"":""Space"",""time"":66.55000000000015,""altitude"":804.0730930350238}]",0.7101899351970622,1052.2279222364746,0.00046384764696685566,200.55661717636022,0,null,0,0,0,false
control,2,10,3,589828,25,1,-488.733861519822,false,0,false,-1.1693389749827765,Flight left the recovery corridor,"{""level"":0.4,""mass"":1.008987657975143,""thrust"":0.9746573988387026,""servo"":1.1938851225845255,""wind"":1.1238364144730137,""deck"":1.0541332943729074,""noise"":0.004}",null,132.4499999999988,false,0,12082.034392766684,"[{""name"":""Launch"",""time"":1.2000000000000004,""altitude"":4.0936451250708075},{""name"":""Space"",""time"":98.19999999999881,""altitude"":809.230698336638}]",0.7350290348656636,1082.0348418387962,0.0019153039984250765,202.2983647981101,0,null,0,0,0,false
control,2,10,4,600219,26,1,-652.1082725780956,false,0,false,-0.38563121613870954,Returned before completing an orbit,"{""level"":0,""mass"":1,""thrust"":1,""servo"":1,""wind"":1,""deck"":1,""noise"":0}","{""error"":58091.30331237776,""speed"":40.323054292334355,""lateral"":110.29243164099752,""tilt"":0.1418213789420141}",481.10000000000025,false,0,9249.53326974672,"[{""name"":""Launch"",""time"":1.1500000000000004,""altitude"":4.276604282806474},{""name"":""Space"",""time"":115.39999999999836,""altitude"":807.0642785492378}]",0.7489798953772597,1098.7758744527118,0.008843316871357945,210.61198024562952,0,null,0,0,0,false
control,2,10,5,610610,24,1,-616.6908463524215,false,0,false,-1.035571891603329,Returned before completing an orbit,"{""level"":0.4,""mass"":1.0226949788820694,""thrust"":1.0169597470262557,""servo"":0.9232613077167986,""wind"":1.0598531795533879,""deck"":0.9889243339994453,""noise"":0.004}","{""error"":21281.133340673936,""speed"":45.846450396075,""lateral"":103.83275725904163,""tilt"":0.1130776088737}",120.9499999999975,false,0,330.0492199323033,"[{""name"":""Launch"",""time"":1.1500000000000004,""altitude"":4.035908528492801}]",0.7983582826769249,1024.0397831987705,0.013347327866434366,82.02663742618189,0,317.1742478699589,0.25,0,0.9289962129220528,false
control,2,11,0,714133,25,1,-479.64822599141115,false,0,false,-0.2022861240432512,Flight left the recovery corridor,"{""level"":0,""mass"":1,""thrust"":1,""servo"":1,""wind"":1,""deck"":1,""noise"":0}",null,66.55000000000001,false,0,12012.443793805616,"[{""name"":""Launch"",""time"":1.1000000000000003,""altitude"":4.2306127664089},{""name"":""Space"",""time"":19.800000000000004,""altitude"":803.3340597160181}]",0.14499444936212666,373.99333923455197,1.447323994879861e-17,200.00000000000003,0,null,0,0,0,false
control,2,11,1,569046,26,1,-477.91929139648005,false,0,false,-0.26132146180859617,Flight left the recovery corridor,"{""level"":0.4,""mass"":1.0078205084017242,""thrust"":1.0229867276800537,""servo"":1.1170466611096472,""wind"":0.8347192984911334,""deck"":0.9298693114481018,""noise"":0.004}",null,62.599999999999994,false,0,12080.093288722685,"[{""name"":""Launch"",""time"":1.0500000000000003,""altitude"":4.203189592519035},{""name"":""Space"",""time"":18.849999999999998,""altitude"":808.8637725110616}]",0.2075903406248401,449.1084087498081,1.833549364236023e-18,200,0,null,0,0,0,false
control,2,11,2,579437,24,1,-479.61339957527855,false,0,false,-0.19781168501171592,Flight left the recovery corridor,"{""level"":0,""mass"":1,""thrust"":1,""servo"":1,""wind"":1,""deck"":1,""noise"":0}",null,66.85000000000001,false,0,12091.414769032885,"[{""name"":""Launch"",""time"":1.1000000000000003,""altitude"":4.206795314926476},{""name"":""Space"",""time"":20.100000000000005,""altitude"":816.1977908549159}]",0.1454358134241998,374.52297610903975,1.4526490454141158e-17,200.00000000000003,0,null,0,0,0,false
control,2,11,3,589828,25,1,-478.95276938297184,false,0,false,-0.2783319831100978,Flight left the recovery corridor,"{""level"":0.4,""mass"":1.008987657975143,""thrust"":0.9746573988387026,""servo"":1.1938851225845255,""wind"":1.1238364144730137,""deck"":1.0541332943729074,""noise"":0.004}",null,65.9,false,0,12056.977996003468,"[{""name"":""Launch"",""time"":1.1000000000000003,""altitude"":4.259669168062141},{""name"":""Space"",""time"":20.15000000000001,""altitude"":810.0420001507046}]",0.13630084528031172,363.56101433637406,1.5010970264513894e-17,200.00000000000003,0,null,0,0,0,false
control,2,11,4,600219,26,1,-479.33804497334125,false,0,false,-0.26081780188361636,Flight left the recovery corridor,"{""level"":0,""mass"":1,""thrust"":1,""servo"":1,""wind"":1,""deck"":1,""noise"":0}",null,64.3,false,0,12061.091914441546,"[{""name"":""Launch"",""time"":1.1000000000000003,""altitude"":4.282437449365419},{""name"":""Space"",""time"":19.05,""altitude"":809.5512389640762}]",0.20768399592484718,449.2207951098166,1.919175954345513e-18,200,0,null,0,0,0,false
control,2,11,5,610610,24,1,-479.28579254294823,false,0,false,-0.2613111191468383,Flight left the recovery corridor,"{""level"":0.4,""mass"":1.0226949788820694,""thrust"":1.0169597470262557,""servo"":0.9232613077167986,""wind"":1.0598531795533879,""deck"":0.9889243339994453,""noise"":0.004}",null,67.65,false,0,12043.013412106617,"[{""name"":""Launch"",""time"":1.1500000000000004,""altitude"":4.409013471169887},{""name"":""Space"",""time"":20.150000000000006,""altitude"":802.3281773386481}]",0.14966279647145966,379.5953557657516,1.4907687788658598e-17,200.00000000000003,0,null,0,0,0,false
control,3,0,0,714133,26,1,-476.01287104966724,false,0,false,-0.4115120116383338,Flight left the recovery corridor,"{""level"":0,""mass"":1,""thrust"":1,""servo"":1,""wind"":1,""deck"":1,""noise"":0}",null,48.19999999999998,false,0,12097.188247605976,"[{""name"":""Launch"",""time"":1.0500000000000003,""altitude"":4.3798359296627645},{""name"":""Space"",""time"":15.949999999999982,""altitude"":811.8607619527156}]",0.20768402981066736,449.2208357728008,1.6428409770104095e-18,200,0,null,0,0,0,false
control,3,0,1,584473,24,1,-476.7486419359904,false,0,false,-0.39617041376407375,Flight left the recovery corridor,"{""level"":0.4,""mass"":1.0123965861732382,""thrust"":0.990949915316868,""servo"":1.0282920281207044,""wind"":1.0082934134596004,""deck"":0.8579490613429118,""noise"":0.004}",null,48.999999999999986,false,0,12006.20884835687,"[{""name"":""Launch"",""time"":1.0500000000000003,""altitude"":4.179712868457845},{""name"":""Space"",""time"":16.249999999999986,""altitude"":822.931251202796}]",0.13529054770456916,362.34865724548297,1.2807414465196041e-17,200.00000000000003,0,null,0,0,0,false
control,3,0,2,594864,25,1,-476.5711076120633,false,0,false,-0.2892735551284792,Flight left the recovery corridor,"{""level"":0,""mass"":1,""thrust"":1,""servo"":1,""wind"":1,""deck"":1,""noise"":0}",null,48.79999999999998,false,0,12035.982232103363,"[{""name"":""Launch"",""time"":1.0500000000000003,""altitude"":4.288778761743933},{""name"":""Space"",""time"":16.049999999999983,""altitude"":812.3035866145573}]",0.13529351470872356,362.3522176504683,1.243794983555864e-17,200.00000000000003,0,null,0,0,0,false
control,3,0,3,605255,26,1,-475.7628052575013,false,0,false,-0.30305338666275783,Flight left the recovery corridor,"{""level"":0.4,""mass"":0.9751983228506517,""thrust"":0.9670899006549541,""servo"":0.9215901047489898,""wind"":1.1172324308261492,""deck"":1.0147672166710695,""noise"":0.004}",null,48.94999999999998,false,0,12091.065595751477,"[{""name"":""Launch"",""time"":1.0500000000000003,""altitude"":4.106373410239065},{""name"":""Space"",""time"":15.949999999999982,""altitude"":809.5375218726103}]",0.20774427626707354,449.29313152048826,1.695600198694662e-18,200,0,null,0,0,0,false
control,3,0,4,615646,24,1,-475.7306670051237,false,0,false,-0.38920335963035047,Flight left the recovery corridor,"{""level"":0,""mass"":1,""thrust"":1,""servo"":1,""wind"":1,""deck"":1,""noise"":0}",null,48.59999999999998,false,0,12141.290280117906,"[{""name"":""Launch"",""time"":1.0500000000000003,""altitude"":4.308434281974719},{""name"":""Space"",""time"":15.849999999999984,""altitude"":821.4356749007379}]",0.13529351293714237,362.35221552457085,1.239145073223697e-17,200.00000000000003,0,null,0,0,0,false
control,3,0,5,626037,25,1,-477.470761185752,false,0,false,-0.32237081513929056,Flight left the recovery corridor,"{""level"":0.4,""mass"":1.025088755698434,""thrust"":0.9952510595113163,""servo"":0.8821019609759517,""wind"":1.0626529041168111,""deck"":1.0370582238461685,""noise"":0.004}",null,50.34999999999999,false,0,12100.121605410313,"[{""name"":""Launch"",""time"":1.1000000000000003,""altitude"":4.223576415080808},{""name"":""Space"",""time"":16.599999999999987,""altitude"":814.7712283660808}]",0.13818561620229014,365.8227394427482,1.3425209633159287e-17,200.00000000000003,0,null,0,0,0,false
control,3,1,0,714133,26,1,-482.562531274634,false,0,false,-0.0174874308768987,Flight left the recovery corridor,"{""level"":0,""mass"":1,""thrust"":1,""servo"":1,""wind"":1,""deck"":1,""noise"":0}",null,165.84999999999656,false,0,12045.57457886092,"[{""name"":""Launch"",""time"":1.7000000000000008,""altitude"":4.186748091315179},{""name"":""Space"",""time"":118.34999999999656,""altitude"":801.5846964985778}]",0.7883753435859109,1146.050412303093,0.053344166966109406,264.0130003593313,0,236.72239027695105,1.7499999999999005,0,0.9171650573936693,false
control,3,1,1,584473,24,1,-481.48772898214537,false,0,false,-0.07105109790184937,Flight left the recovery corridor,"{""level"":0.4,""mass"":1.0123965861732382,""thrust"":0.990949915316868,""servo"":1.0282920281207044,""wind"":1.0082934134596004,""deck"":0.8579490613429118,""noise"":0.004}",null,157.849999999997,false,0,12047.709686306755,"[{""name"":""Launch"",""time"":1.800000000000001,""altitude"":4.070153547291328},{""name"":""Space"",""time"":110.349999999997,""altitude"":811.2720115756813}]",0.8138083133547387,1176.5699760256864,0.045499034137749195,254.59884096529902,0,241.04594625290156,1.299999999999926,0,0.9178008744489561,false
control,3,1,2,594864,25,1,-480.97627954523796,false,0,false,-0.0686721832853915,Flight left the recovery corridor,"{""level"":0,""mass"":1,""thrust"":1,""servo"":1,""wind"":1,""deck"":1,""noise"":0}",null,154.09999999999718,false,0,11994.863528257863,"[{""name"":""Launch"",""time"":1.7500000000000009,""altitude"":4.024771275204124},{""name"":""Space"",""time"":106.84999999999718,""altitude"":801.5517851158046}]",0.8086260762557866,1170.351291506944,0.048760518449135114,258.5126221389621,0,235.76898813518892,1.599999999999909,0,0.9170248511963514,false
control,3,1,3,605255,26,1,-485.27740330976013,false,0,false,-0.007592830801606793,Flight left the recovery corridor,"{""level"":0.4,""mass"":0.9751983228506517,""thrust"":0.9670899006549541,""servo"":0.9215901047489898,""wind"":1.1172324308261492,""deck"":1.0147672166710695,""noise"":0.004}",null,171.34999999999638,false,0,12033.808909409914,"[{""name"":""Launch"",""time"":1.7000000000000008,""altitude"":4.018394390611668},{""name"":""Space"",""time"":122.8499999999964,""altitude"":816.2642422639267}]",0.7869456232596077,1144.3347479115291,0.05743520306938323,268.92224368325986,0,239.58657883326305,2.299999999999912,0,0.917586261593127,false
control,3,1,4,615646,24,1,-483.70353666020577,false,0,false,-0.04113986199197789,Flight left the recovery corridor,"{""level"":0,""mass"":1,""thrust"":1,""servo"":1,""wind"":1,""deck"":1,""noise"":0}",null,154.14999999999714,false,0,12008.601614937394,"[{""name"":""Launch"",""time"":1.7500000000000009,""altitude"":4.16126340092886},{""name"":""Space"",""time"":106.64999999999714,""altitude"":816.3334401808662}]",0.8138930675728293,1176.6716810873952,0.05182883947068014,262.1946073648162,0,227.0936899802382,1.899999999999892,0,0.9157490720559174,false
control,3,1,5,626037,25,1,-482.2754857798485,false,0,false,-0.06948144814821754,Flight left the recovery corridor,"{""level"":0.4,""mass"":1.025088755698434,""thrust"":0.9952510595113163,""servo"":0.8821019609759517,""wind"":1.0626529041168111,""deck"":1.0370582238461685,""noise"":0.004}",null,161.84999999999695,false,0,12067.799478641624,"[{""name"":""Launch"",""time"":1.850000000000001,""altitude"":4.123260536862954},{""name"":""Space"",""time"":111.59999999999697,""altitude"":803.244273635157}]",0.7964224851564072,1155.7069821876887,0.052505808290532446,263.0069699486389,0,234.8107391823214,1.7499999999999432,0,0.9168839322326944,false
control,3,2,0,714133,26,1,-475.5005633695523,false,0,false,-0.3563652702175316,Flight left the recovery corridor,"{""level"":0,""mass"":1,""thrust"":1,""servo"":1,""wind"":1,""deck"":1,""noise"":0}",null,46.19999999999998,false,0,12023.343916623624,"[{""name"":""Launch"",""time"":1.0500000000000003,""altitude"":4.391779031040526},{""name"":""Space"",""time"":15.449999999999982,""altitude"":813.7728147773084}]",0.2076840899470212,449.2209079364254,1.6300659560726774e-18,200,0,null,0,0,0,false
control,3,2,1,584473,24,1,-476.5683885610102,false,0,false,-0.2766469701664974,Flight left the recovery corridor,"{""level"":0.4,""mass"":1.0123965861732382,""thrust"":0.990949915316868,""servo"":1.0282920281207044,""wind"":1.0082934134596004,""deck"":0.8579490613429118,""noise"":0.004}",null,48.09999999999999,false,0,12151.364666035517,"[{""name"":""Launch"",""time"":1.0500000000000003,""altitude"":4.186847556515341},{""name"":""Space"",""time"":16.349999999999987,""altitude"":812.2535667256096}]",0.1352905888665546,362.34870663986555,1.2753631671792073e-17,200.00000000000003,0,null,0,0,0,false
control,3,2,2,594864,25,1,-475.3364594409109,false,0,false,-0.35595787145905944,Flight left the recovery corridor,"{""level"":0,""mass"":1,""thrust"":1,""servo"":1,""wind"":1,""deck"":1,""noise"":0}",null,47.149999999999984,false,0,12067.997045180098,"[{""name"":""Launch"",""time"":1.0500000000000003,""altitude"":4.309810670229659},{""name"":""Space"",""time"":15.899999999999984,""altitude"":815.8377224960019}]",0.13529355410268842,362.35226492322613,1.2338422165164275e-17,200.00000000000003,0,null,0,0,0,false
control,3,2,3,605255,26,1,-475.13436254677714,false,0,false,-0.278185772702759,Flight left the recovery corridor,"{""level"":0.4,""mass"":0.9751983228506517,""thrust"":0.9670899006549541,""servo"":0.9215901047489898,""wind"":1.1172324308261492,""deck"":1.0147672166710695,""noise"":0.004}",null,46.79999999999998,false,0,12088.277705706396,"[{""name"":""Launch"",""time"":1.0500000000000003,""altitude"":4.119713469438857},{""name"":""Space"",""time"":15.799999999999983,""altitude"":808.9302265934355}]",0.2077443240700372,449.29318888404464,1.6845154653219937e-18,200,0,null,0,0,0,false
control,3,2,4,615646,24,1,-475.3947122576674,false,0,false,-0.2671176820673085,Flight left the recovery corridor,"{""level"":0,""mass"":1,""thrust"":1,""servo"":1,""wind"":1,""deck"":1,""noise"":0}",null,47.149999999999984,false,0,12065.56536852706,"[{""name"":""Launch"",""time"":1.0500000000000003,""altitude"":4.315428835421727},{""name"":""Space"",""time"":15.899999999999984,""altitude"":815.0937696855822}]",0.13529355189591039,362.35226227509247,1.232630166177702e-17,200.00000000000003,0,null,0,0,0,false
control,3,2,5,626037,25,1,-475.3903422723499,false,0,false,-0.38128591889334684,Flight left the recovery corridor,"{""level"":0.4,""mass"":1.025088755698434,""thrust"":0.9952510595113163,""servo"":0.8821019609759517,""wind"":1.0626529041168111,""deck"":1.0370582238461685,""noise"":0.004}",null,48.249999999999986,false,0,12032.348095722924,"[{""name"":""Launch"",""time"":1.1000000000000003,""altitude"":4.244230962965723},{""name"":""Space"",""time"":16.49999999999999,""altitude"":818.9760479909456}]",0.135335283277799,362.4023399333588,1.3300076432089336e-17,200.00000000000003,0,null,0,0,0,false
control,3,3,0,714133,26,1,-618.0270077335355,false,0,false,-0.2748414018413115,Returned before completing an orbit,"{""level"":0,""mass"":1,""thrust"":1,""servo"":1,""wind"":1,""deck"":1,""noise"":0}","{""error"":17835.191140327457,""speed"":32.37159179913715,""lateral"":91.37766317781735,""tilt"":0.5038870510641194}",134.64999999999637,false,0,98.23110722415836,"[{""name"":""Launch"",""time"":1.850000000000001,""altitude"":4.006042123013296}]",0.2883691209534074,360.0759604618258,4.125888146342999e-14,14.033015317786422,0,null,0,0,0,false
control,3,3,1,584473,24,1,-617.8862365448165,false,0,false,-0.30448213827107456,Returned before completing an orbit,"{""level"":0.4,""mass"":1.0123965861732382,""thrust"":0.990949915316868,""servo"":1.0282920281207044,""wind"":1.0082934134596004,""deck"":0.8579490613429118,""noise"":0.004}","{""error"":17932.673221172572,""speed"":32.87259482382289,""lateral"":92.14474456393587,""tilt"":0.486118529872242}",137.449999999997,false,0,106.04616100692387,"[{""name"":""Launch"",""time"":2.000000000000001,""altitude"":4.042485786649474}]",0.22250811702996873,288.2189726373473,6.139265920097717e-13,21.209232202121484,0,null,0,0,0,false
control,3,3,2,594864,25,1,-617.9691292737222,false,0,false,-0.2562437839325952,Returned before completing an orbit,"{""level"":0,""mass"":1,""thrust"":1,""servo"":1,""wind"":1,""deck"":1,""noise"":0}","{""error"":18286.157972900037,""speed"":33.1975048524683,""lateral"":91.0616964932907,""tilt"":0.47767362063738994}",137.399999999997,false,0,105.72505012988644,"[{""name"":""Launch"",""time"":1.950000000000001,""altitude"":4.07890102647222}]",0.22008680339182085,285.2491740961623,5.318890812747726e-13,21.145010026615555,0,null,0,0,0,false
control,3,3,3,605255,26,1,-618.0806224892102,false,0,false,-0.27885004908929906,Returned before completing an orbit,"{""level"":0.4,""mass"":0.9751983228506517,""thrust"":0.9670899006549541,""servo"":0.9215901047489898,""wind"":1.1172324308261492,""deck"":1.0147672166710695,""noise"":0.004}","{""error"":17688.72049619382,""speed"":32.65843983942134,""lateral"":89.92301323582713,""tilt"":0.5247457232912275}",134.59999999999636,false,0,98.82592270298927,"[{""name"":""Launch"",""time"":1.950000000000001,""altitude"":4.188714995076644}]",0.2867768206307953,358.25017371452424,3.529338455822122e-14,14.117988957612248,0,null,0,0,0,false
control,3,3,4,615646,24,1,-618.1597756232544,false,0,false,-0.2568131407659227,Returned before completing an orbit,"{""level"":0,""mass"":1,""thrust"":1,""servo"":1,""wind"":1,""deck"":1,""noise"":0}","{""error"":18320.45795557393,""speed"":33.698746572214645,""lateral"":91.85841581089208,""tilt"":0.4823771315442147}",137.54999999999703,false,0,109.88944285982818,"[{""name"":""Launch"",""time"":1.950000000000001,""altitude"":4.134883258739519}]",0.22215554697735893,288.56454494479635,5.206403837708158e-13,21.977888572590405,0,null,0,0,0,false
control,3,3,5,626037,25,1,-618.0152703586543,false,0,false,-0.31120139975057465,Returned before completing an orbit,"{""level"":0.4,""mass"":1.025088755698434,""thrust"":0.9952510595113163,""servo"":0.8821019609759517,""wind"":1.0626529041168111,""deck"":1.0370582238461685,""noise"":0.004}","{""error"":17786.207232789413,""speed"":32.35872486465046,""lateral"":92.48796691464023,""tilt"":0.468061782882747}",137.0499999999969,false,0,100.07918112518696,"[{""name"":""Launch"",""time"":2.0500000000000007,""altitude"":4.013486594362428}]",0.2162678799894031,279.5372922123211,3.6844123688162585e-13,20.01583622547952,0,null,0,0,0,false
control,3,4,0,714133,26,1,-476.2785474441841,false,0,false,-0.5675991455665882,Flight left the recovery corridor,"{""level"":0,""mass"":1,""thrust"":1,""servo"":1,""wind"":1,""deck"":1,""noise"":0}",null,43.54999999999998,false,0,12101.328999470834,"[{""name"":""Launch"",""time"":0.9500000000000003,""altitude"":4.075443623004688},{""name"":""Space"",""time"":15.299999999999983,""altitude"":802.0484795813709}]",0.2719589368084221,526.3507241701066,9.55834305138469e-16,200.00000000000114,0,null,0,0,0,false
control,3,4,1,584473,24,1,-475.54410853892216,false,0,false,-0.42783945015076286,Flight left the recovery corridor,"{""level"":0.4,""mass"":1.0123965861732382,""thrust"":0.990949915316868,""servo"":1.0282920281207044,""wind"":1.0082934134596004,""deck"":0.8579490613429118,""noise"":0.004}",null,44.64999999999998,false,0,12090.888952599113,"[{""name"":""Launch"",""time"":1.0000000000000002,""altitude"":4.501093800181639},{""name"":""Space"",""time"":15.89999999999998,""altitude"":804.4497195691915}]",0.2268118036958028,472.17416443496336,8.918765946061309e-15,200.00000000001071,0,null,0,0,0,false
control,3,4,2,594864,25,1,-476.34832162278025,false,0,false,-0.5491485525093774,Flight left the recovery corridor,"{""level"":0,""mass"":1,""thrust"":1,""servo"":1,""wind"":1,""deck"":1,""noise"":0}",null,43.499999999999986,false,0,12025.886257045535,"[{""name"":""Launch"",""time"":0.9500000000000003,""altitude"":4.073139397522867},{""name"":""Space"",""time"":15.249999999999982,""altitude"":817.6157549890229}]",0.19920511739655503,439.04614087586606,4.908147417757133e-16,200.0000000000006,0,null,0,0,0,false
control,3,4,3,605255,26,1,-475.6050517108734,false,0,false,-0.423518012715793,Flight left the recovery corridor,"{""level"":0.4,""mass"":0.9751983228506517,""thrust"":0.9670899006549541,""servo"":0.9215901047489898,""wind"":1.1172324308261492,""deck"":1.0147672166710695,""noise"":0.004}",null,44.94999999999998,false,0,12076.525764770862,"[{""name"":""Launch"",""time"":1.0000000000000002,""altitude"":4.312971795906254},{""name"":""Space"",""time"":16.44999999999998,""altitude"":801.9464084902637}]",0.35901012370745755,630.8121484489491,1.9137680713833506e-12,200.00000000229653,0,null,0,0,0,false
control,3,4,4,615646,24,1,-476.5499677294433,false,0,false,-0.4376970544984855,Flight left the recovery corridor,"{""level"":0,""mass"":1,""thrust"":1,""servo"":1,""wind"":1,""deck"":1,""noise"":0}",null,43.999999999999986,false,0,12056.71080241892,"[{""name"":""Launch"",""time"":0.9500000000000003,""altitude"":4.0743654271796395},{""name"":""Space"",""time"":15.499999999999982,""altitude"":813.9882808799001}]",0.2162720321606543,459.52643859278515,2.398279231291451e-15,200.00000000000287,0,null,0,0,0,false
control,3,4,5,626037,25,1,-476.7412032427439,false,0,false,-0.5492906337780448,Flight left the recovery corridor,"{""level"":0.4,""mass"":1.025088755698434,""thrust"":0.9952510595113163,""servo"":0.8821019609759517,""wind"":1.0626529041168111,""deck"":1.0370582238461685,""noise"":0.004}",null,44.999999999999986,false,0,12008.409135242342,"[{""name"":""Launch"",""time"":1.0000000000000002,""altitude"":4.028119754308538},{""name"":""Space"",""time"":15.999999999999982,""altitude"":809.5188157659346}]",0.2219842393140637,466.3810871768764,4.272827278109279e-15,200.00000000000512,0,null,0,0,0,false
control,3,5,0,714133,26,1,-475.7804017596162,false,0,false,-0.32241174148427515,Flight left the recovery corridor,"{""level"":0,""mass"":1,""thrust"":1,""servo"":1,""wind"":1,""deck"":1,""noise"":0}",null,41.149999999999984,false,0,12113.979454513566,"[{""name"":""Launch"",""time"":1.0000000000000002,""altitude"":4.272817076839683},{""name"":""Space"",""time"":12.899999999999983,""altitude"":810.4693627022281}]",0.20768403817023676,449.22084580428407,1.4623302611196036e-18,200,0,null,0,0,0,false
control,3,5,1,584473,24,1,-475.38142358416565,false,0,false,-0.32591507598124203,Flight left the recovery corridor,"{""level"":0.4,""mass"":1.0123965861732382,""thrust"":0.990949915316868,""servo"":1.0282920281207044,""wind"":1.0082934134596004,""deck"":0.8579490613429118,""noise"":0.004}",null,42.09999999999998,false,0,12154.85492914293,"[{""name"":""Launch"",""time"":1.0000000000000002,""altitude"":4.124633128397031},{""name"":""Space"",""time"":13.349999999999982,""altitude"":823.3022188075336}]",0.13529055333258383,362.3486639991006,1.1260701027445115e-17,200,0,null,0,0,0,false
control,3,5,2,594864,25,1,-475.0586006847935,false,0,false,-0.4005465201804106,Flight left the recovery corridor,"{""level"":0,""mass"":1,""thrust"":1,""servo"":1,""wind"":1,""deck"":1,""noise"":0}",null,41.19999999999998,false,0,12014.193804035202,"[{""name"":""Launch"",""time"":1.0000000000000002,""altitude"":4.211522426331262},{""name"":""Space"",""time"":12.949999999999982,""altitude"":814.7305199498204}]",0.13529352020267502,362.35222424321,1.0976945118009282e-17,200,0,null,0,0,0,false
control,3,5,3,605255,26,1,-476.03316940844644,false,0,false,-0.4228171369509018,Flight left the recovery corridor,"{""level"":0.4,""mass"":0.9751983228506517,""thrust"":0.9670899006549541,""servo"":0.9215901047489898,""wind"":1.1172324308261492,""deck"":1.0147672166710695,""noise"":0.004}",null,41.44999999999998,false,0,12087.721192707473,"[{""name"":""Launch"",""time"":1.0000000000000002,""altitude"":4.005647872979351},{""name"":""Space"",""time"":12.949999999999982,""altitude"":806.1517808093009}]",0.20774428352097304,449.2931402251677,1.509973699922625e-18,200,0,null,0,0,0,false
control,3,5,4,615646,24,1,-475.6729849153687,false,0,false,-0.4088867388613765,Flight left the recovery corridor,"{""level"":0,""mass"":1,""thrust"":1,""servo"":1,""wind"":1,""deck"":1,""noise"":0}",null,41.44999999999998,false,0,12161.517448406825,"[{""name"":""Launch"",""time"":1.0000000000000002,""altitude"":4.22515751565037},{""name"":""Space"",""time"":12.949999999999982,""altitude"":806.6844487083197}]",0.13529351833499403,362.3522220019928,1.0981706903976221e-17,200,0,null,0,0,0,false
control,3,5,5,626037,25,1,-474.75845449119714,false,0,false,-0.42616559285454003,Flight left the recovery corridor,"{""level"":0.4,""mass"":1.025088755698434,""thrust"":0.9952510595113163,""servo"":0.8821019609759517,""wind"":1.0626529041168111,""deck"":1.0370582238461685,""noise"":0.004}",null,42.44999999999998,false,0,12115.890483478921,"[{""name"":""Launch"",""time"":1.0500000000000003,""altitude"":4.184251192323567},{""name"":""Space"",""time"":13.449999999999982,""altitude"":817.991521445174}]",0.13533528334444453,362.4023400133334,1.1843023911082344e-17,200.00000000000003,0,null,0,0,0,false
control,3,6,0,714133,26,1,-475.67228802815265,false,0,false,-0.19682504472241055,Flight left the recovery corridor,"{""level"":0,""mass"":1,""thrust"":1,""servo"":1,""wind"":1,""deck"":1,""noise"":0}",null,49.44999999999999,false,0,12082.510490708311,"[{""name"":""Launch"",""time"":1.0500000000000003,""altitude"":4.234822950491564},{""name"":""Space"",""time"":15.449999999999989,""altitude"":804.1795437407396}]",0.20768398943577307,449.22078732292766,1.7595119156093252e-18,200,0,null,0,0,0,false
control,3,6,1,584473,24,1,-476.98855631697086,false,0,false,-0.15954594787577703,Flight left the recovery corridor,"{""level"":0.4,""mass"":1.0123965861732382,""thrust"":0.990949915316868,""servo"":1.0282920281207044,""wind"":1.0082934134596004,""deck"":0.8579490613429118,""noise"":0.004}",null,51.39999999999999,false,0,12054.994495465759,"[{""name"":""Launch"",""time"":1.1000000000000003,""altitude"":4.4141741860795705},{""name"":""Space"",""time"":16.399999999999995,""altitude"":820.0147168193564}]",0.1352905209018553,362.34862508222636,1.3948115915051152e-17,200.00000000000003,0,null,0,0,0,false
control,3,6,2,594864,25,1,-474.5179621761821,false,0,false,-0.20597844116105699,Flight left the recovery corridor,"{""level"":0,""mass"":1,""thrust"":1,""servo"":1,""wind"":1,""deck"":1,""noise"":0}",null,50.69999999999999,false,0,12123.717392011322,"[{""name"":""Launch"",""time"":1.0500000000000003,""altitude"":4.126017399333479},{""name"":""Space"",""time"":15.949999999999992,""altitude"":807.191141713313}]",0.13529348808382913,362.352185700595,1.340635058811281e-17,200.00000000000003,0,null,0,0,0,false
control,3,6,3,605255,26,1,-474.44346752541435,false,0,false,-0.1921706456217116,Flight left the recovery corridor,"{""level"":0.4,""mass"":0.9751983228506517,""thrust"":0.9670899006549541,""servo"":0.9215901047489898,""wind"":1.1172324308261492,""deck"":1.0147672166710695,""noise"":0.004}",null,49.79999999999999,false,0,12005.007793334431,"[{""name"":""Launch"",""time"":1.1000000000000003,""altitude"":4.402646014744638},{""name"":""Space"",""time"":15.79999999999999,""altitude"":822.8217850323342}]",0.20774424306638772,449.2930916796653,1.824461030348719e-18,200,0,null,0,0,0,false
control,3,6,4,615646,24,1,-475.95059940707966,false,0,false,-0.20020432049383294,Flight left the recovery corridor,"{""level"":0,""mass"":1,""thrust"":1,""servo"":1,""wind"":1,""deck"":1,""noise"":0}",null,50.69999999999999,false,0,12120.493861146553,"[{""name"":""Launch"",""time"":1.0500000000000003,""altitude"":4.111838894944357},{""name"":""Space"",""time"":15.949999999999992,""altitude"":804.7294658041553}]",0.13529348701323907,362.3521844158869,1.3494357140743744e-17,200.00000000000003,0,null,0,0,0,false
control,3,6,5,626037,25,1,-474.6366488690759,false,0,false,-0.19859317312713767,Flight left the recovery corridor,"{""level"":0.4,""mass"":1.025088755698434,""thrust"":0.9952510595113163,""servo"":0.8821019609759517,""wind"":1.0626529041168111,""deck"":1.0370582238461685,""noise"":0.004}",null,52,false,0,12078.387371915136,"[{""name"":""Launch"",""time"":1.1000000000000003,""altitude"":4.078465303408294},{""name"":""Space"",""time"":16.499999999999996,""altitude"":805.950586164767}]",0.13533528364341085,362.402340372093,1.4375874640854124e-17,200.00000000000003,0,null,0,0,0,false
control,3,7,0,714133,26,1,-476.70411619589254,false,0,false,-0.3679838380195635,Flight left the recovery corridor,"{""level"":0,""mass"":1,""thrust"":1,""servo"":1,""wind"":1,""deck"":1,""noise"":0}",null,48.24999999999998,false,0,12072.440453836702,"[{""name"":""Launch"",""time"":1.0500000000000003,""altitude"":4.417754760618843},{""name"":""Space"",""time"":15.249999999999979,""altitude"":808.7190833329039}]",0.20768400805702186,449.2208096684262,1.6151333145479992e-18,200,0,null,0,0,0,false
control,3,7,1,584473,24,1,-476.4224630567477,false,0,false,-0.3577460682538622,Flight left the recovery corridor,"{""level"":0.4,""mass"":1.0123965861732382,""thrust"":0.990949915316868,""servo"":1.0282920281207044,""wind"":1.0082934134596004,""deck"":0.8579490613429118,""noise"":0.004}",null,49.34999999999998,false,0,12074.98400537121,"[{""name"":""Launch"",""time"":1.0500000000000003,""altitude"":4.191222146182877},{""name"":""Space"",""time"":16.099999999999984,""altitude"":820.2971447533304}]",0.13529053284149362,362.3486394097923,1.2645306158874852e-17,200.00000000000003,0,null,0,0,0,false
control,3,7,2,594864,25,1,-476.91216516528834,false,0,false,-0.36884743069575715,Flight left the recovery corridor,"{""level"":0,""mass"":1,""thrust"":1,""servo"":1,""wind"":1,""deck"":1,""noise"":0}",null,48.89999999999998,false,0,12079.686376081749,"[{""name"":""Launch"",""time"":1.0500000000000003,""altitude"":4.320449488334299},{""name"":""Space"",""time"":15.64999999999998,""altitude"":807.88097804943}]",0.13529350043761662,362.35220052513995,1.228035800590959e-17,200.00000000000003,0,null,0,0,0,false
control,3,7,3,605255,26,1,-476.05758648950416,false,0,false,-0.3651293155420472,Flight left the recovery corridor,"{""level"":0.4,""mass"":0.9751983228506517,""thrust"":0.9670899006549541,""servo"":0.9215901047489898,""wind"":1.1172324308261492,""deck"":1.0147672166710695,""noise"":0.004}",null,49.09999999999998,false,0,12096.32122292136,"[{""name"":""Launch"",""time"":1.0500000000000003,""altitude"":4.1523652802606605},{""name"":""Space"",""time"":15.59999999999998,""altitude"":819.3415834653563}]",0.2077442596666797,449.29311160001566,1.6687816570799062e-18,200,0,null,0,0,0,false
control,3,7,4,615646,24,1,-476.82474447965853,false,0,false,-0.4440126291871001,Flight left the recovery corridor,"{""level"":0,""mass"":1,""thrust"":1,""servo"":1,""wind"":1,""deck"":1,""noise"":0}",null,48.39999999999998,false,0,12038.327541374942,"[{""name"":""Launch"",""time"":1.0500000000000003,""altitude"":4.319157355798255},{""name"":""Space"",""time"":15.64999999999998,""altitude"":808.1659303940432}]",0.13529349887664457,362.3521986519735,1.2272262379425099e-17,200.00000000000003,0,null,0,0,0,false
control,3,7,5,626037,25,1,-477.33489935604484,false,0,false,-0.46193012423102525,Flight left the recovery corridor,"{""level"":0.4,""mass"":1.025088755698434,""thrust"":0.9952510595113163,""servo"":0.8821019609759517,""wind"":1.0626529041168111,""deck"":1.0370582238461685,""noise"":0.004}",null,49.94999999999999,false,0,12029.650585091289,"[{""name"":""Launch"",""time"":1.1000000000000003,""altitude"":4.253277311867226},{""name"":""Space"",""time"":15.949999999999985,""altitude"":817.8571978578374}]",0.13533528342715384,362.4023401125846,1.3239276018222568e-17,200.00000000000003,0,null,0,0,0,false
control,3,8,0,714133,26,1,-594.4095208396996,false,0,false,-0.736050068090794,Orbital mission timed out,"{""level"":0,""mass"":1,""thrust"":1,""servo"":1,""wind"":1,""deck"":1,""noise"":0}",null,650.0499999999565,false,0,0,[],0.21431833169586784,257.18199803504143,1.0133841618343233e-17,1.216060994201188e-14,0,null,0,0,0,false
control,3,8,1,584473,24,1,-597.8672870004729,false,0,false,-0.8109508386577357,Orbital mission timed out,"{""level"":0.4,""mass"":1.0123965861732382,""thrust"":0.990949915316868,""servo"":1.0282920281207044,""wind"":1.0082934134596004,""deck"":0.8579490613429118,""noise"":0.004}",null,650.0499999999565,false,0,0,[],0.14133930268466205,169.60716322159445,7.471864150652634e-17,8.966236980783161e-14,0,null,0,0,0,false
control,3,8,2,594864,25,1,-596.8545295951739,false,0,false,-0.8161518780004244,Orbital mission timed out,"{""level"":0,""mass"":1,""thrust"":1,""servo"":1,""wind"":1,""deck"":1,""noise"":0}",null,650.0499999999565,false,0,0,[],0.14154020429227293,169.8482451507275,7.680014675408914e-17,9.216017610490697e-14,0,null,0,0,0,false
control,3,8,3,605255,26,1,-594.9274738330414,false,0,false,-0.7729445695960273,Orbital mission timed out,"{""level"":0.4,""mass"":0.9751983228506517,""thrust"":0.9670899006549541,""servo"":0.9215901047489898,""wind"":1.1172324308261492,""deck"":1.0147672166710695,""noise"":0.004}",null,650.0499999999565,false,0,0,[],0.21429845719378499,257.158148632542,1.006878885900004e-17,1.2082546630800047e-14,0,null,0,0,0,false
control,3,8,4,615646,24,1,-597.9510849132037,false,0,false,-0.850050745539501,Orbital mission timed out,"{""level"":0,""mass"":1,""thrust"":1,""servo"":1,""wind"":1,""deck"":1,""noise"":0}",null,650.0499999999565,false,0,0,[],0.14137397339692762,169.64876807631313,7.501396374324077e-17,9.001675649188892e-14,0,null,0,0,0,false
control,3,8,5,626037,25,1,-596.2391186878829,false,0,false,-0.9129293095642231,Orbital mission timed out,"{""level"":0.4,""mass"":1.025088755698434,""thrust"":0.9952510595113163,""servo"":0.8821019609759517,""wind"":1.0626529041168111,""deck"":1.0370582238461685,""noise"":0.004}",null,650.0499999999565,false,0,0,[],0.1414367792435016,169.72413509220192,7.492846658180595e-17,8.991415989816715e-14,0,null,0,0,0,false
control,3,9,0,714133,26,1,-481.4431184661875,false,0,false,-0.05820267565618318,Flight left the recovery corridor,"{""level"":0,""mass"":1,""thrust"":1,""servo"":1,""wind"":1,""deck"":1,""noise"":0}",null,149.24999999999727,false,0,12062.52941450788,"[{""name"":""Launch"",""time"":2.2,""altitude"":4.160339189392095},{""name"":""Space"",""time"":104.74999999999729,""altitude"":814.5315562520174}]",0.797494391416051,1156.9932696992614,0.041463874474072106,249.75664936888654,0,237.29195483843887,1.1499999999999346,0,0.9172488168880057,false
control,3,9,1,584473,24,1,-481.88652535204636,false,0,false,-0.1334680675964329,Flight left the recovery corridor,"{""level"":0.4,""mass"":1.0123965861732382,""thrust"":0.990949915316868,""servo"":1.0282920281207044,""wind"":1.0082934134596004,""deck"":0.8579490613429118,""noise"":0.004}",null,137.94999999999783,false,0,12080.928162583017,"[{""name"":""Launch"",""time"":2.3999999999999995,""altitude"":4.048880976124234},{""name"":""Space"",""time"":93.69999999999784,""altitude"":803.2917601434274}]",0.8074376718040105,1168.9252061648126,0.047438094690349125,256.925713628419,0,229.54174109072756,1.599999999999909,0,0.9161090795721658,false
control,3,9,2,594864,25,1,-482.428032990688,false,0,false,-0.049798346988106076,Flight left the recovery corridor,"{""level"":0,""mass"":1,""thrust"":1,""servo"":1,""wind"":1,""deck"":1,""noise"":0}",null,137.29999999999797,false,0,12065.14043942139,"[{""name"":""Launch"",""time"":2.3499999999999996,""altitude"":4.074224687792862},{""name"":""Space"",""time"":92.79999999999797,""altitude"":808.4921135879229}]",0.7990488785157306,1158.8586542188768,0.04556025539618932,254.67230647542718,0,234.3223101800695,1.4499999999999176,0,0.9168121044382456,false
control,3,9,3,605255,26,1,-479.0152990883454,false,0,false,-0.009395056817942731,Flight left the recovery corridor,"{""level"":0.4,""mass"":0.9751983228506517,""thrust"":0.9670899006549541,""servo"":0.9215901047489898,""wind"":1.1172324308261492,""deck"":1.0147672166710695,""noise"":0.004}",null,151.19999999999732,false,0,12074.764702686933,"[{""name"":""Launch"",""time"":2.25,""altitude"":4.048275019240636},{""name"":""Space"",""time"":104.69999999999732,""altitude"":805.9273697857384}]",0.7919640289569707,1150.3568347483647,0.050244174461922836,260.2930093543074,0,235.8882338893718,1.6999999999999034,0,0.9170423873366723,false
control,3,9,4,615646,24,1,-481.66200434096083,false,0,false,-0.1263521532344938,Flight left the recovery corridor,"{""level"":0,""mass"":1,""thrust"":1,""servo"":1,""wind"":1,""deck"":1,""noise"":0}",null,138.74999999999784,false,0,12090.851735071055,"[{""name"":""Launch"",""time"":2.3,""altitude"":4.08658540258979},{""name"":""Space"",""time"":94.24999999999784,""altitude"":812.2147168100654}]",0.7982764153652154,1157.9316984382585,0.0519867188387803,262.38406260653636,0,211.03917267537145,3.3499999999998096,0,0.9133881136287311,false
control,3,9,5,626037,25,1,-479.75151567687624,false,0,false,-0.0337733390662494,Flight left the recovery corridor,"{""level"":0.4,""mass"":1.025088755698434,""thrust"":0.9952510595113163,""servo"":0.8821019609759517,""wind"":1.0626529041168111,""deck"":1.0370582238461685,""noise"":0.004}",null,146.14999999999768,false,0,12024.569200900181,"[{""name"":""Launch"",""time"":2.499999999999999,""altitude"":4.000429559248635},{""name"":""Space"",""time"":99.39999999999768,""altitude"":811.0222179040057}]",0.7925640019900031,1151.0768023880037,0.04988373688793254,259.86048426551906,0,238.72058039864987,1.7499999999999574,0,0.9174589088821544,false
control,3,10,0,714133,26,1,-600.7096649652299,false,0,false,-0.0111040696124543,Returned before completing an orbit,"{""level"":0,""mass"":1,""thrust"":1,""servo"":1,""wind"":1,""deck"":1,""noise"":0}","{""error"":1195.4618445963495,""speed"":38.12682812270109,""lateral"":151.67016224848894,""tilt"":1.0392527606412947}",18.200000000000124,false,0,187.27946729720756,"[{""name"":""Launch"",""time"":1.2000000000000004,""altitude"":4.384579482827281}]",0.23232022055103557,305.5384742751295,9.145008250115112e-17,26.754209613886903,0,null,0,0,0,false
control,3,10,1,584473,24,1,-600.8125566928221,false,0,false,-0.01631363631116595,Returned before completing an orbit,"{""level"":0.4,""mass"":1.0123965861732382,""thrust"":0.990949915316868,""servo"":1.0282920281207044,""wind"":1.0082934134596004,""deck"":0.8579490613429118,""noise"":0.004}","{""error"":1317.3631061855199,""speed"":27.710794037235033,""lateral"":149.13916231563357,""tilt"":0.8578905381224844}",19.600000000000144,false,0,178.46657217310533,"[{""name"":""Launch"",""time"":1.2000000000000004,""altitude"":4.06112847199366}]",0.16619652434240692,235.12914364550937,8.510078438725236e-16,35.69331443462209,0,null,0,0,0,false
control,3,10,2,594864,25,1,-600.652660062081,false,0,false,-0.01921334192049879,Returned before completing an orbit,"{""level"":0,""mass"":1,""thrust"":1,""servo"":1,""wind"":1,""deck"":1,""noise"":0}","{""error"":1284.4272301074761,""speed"":32.32503242375409,""lateral"":151.98749850628943,""tilt"":0.9033279788910724}",19.150000000000137,false,0,188.00917737958218,"[{""name"":""Launch"",""time"":1.2000000000000004,""altitude"":4.246951007272676}]",0.16534605764771293,236.01710465317194,7.834111810458922e-16,37.60183547591737,0,null,0,0,0,false
control,3,10,3,605255,26,1,-600.7466373876441,false,0,false,-0.01502426114585402,Returned before completing an orbit,"{""level"":0.4,""mass"":0.9751983228506517,""thrust"":0.9670899006549541,""servo"":0.9215901047489898,""wind"":1.1172324308261492,""deck"":1.0147672166710695,""noise"":0.004}","{""error"":1201.5984035333959,""speed"":36.71147215989321,""lateral"":150.32004236625107,""tilt"":1.004853310892749}",18.350000000000126,false,0,186.32665791894075,"[{""name"":""Launch"",""time"":1.2000000000000004,""altitude"":4.224135960959533}]",0.23216099196359408,305.21128434473303,9.265694621127967e-17,26.618093988420217,0,null,0,0,0,false
control,3,10,4,615646,24,1,-600.7722693023577,false,0,false,-0.01690103066045657,Returned before completing an orbit,"{""level"":0,""mass"":1,""thrust"":1,""servo"":1,""wind"":1,""deck"":1,""noise"":0}","{""error"":1294.7257040789705,""speed"":31.536142722174493,""lateral"":151.39473663366778,""tilt"":0.9182462644873952}",19.25000000000014,false,0,185.60720460183975,"[{""name"":""Launch"",""time"":1.2000000000000004,""altitude"":4.220733785479389}]",0.16599716102596407,236.31803415152484,8.382855078442654e-16,37.121440920368954,0,null,0,0,0,false
control,3,10,5,626037,25,1,-600.8099775843737,false,0,false,-0.013440916595480199,Returned before completing an orbit,"{""level"":0.4,""mass"":1.025088755698434,""thrust"":0.9952510595113163,""servo"":0.8821019609759517,""wind"":1.0626529041168111,""deck"":1.0370582238461685,""noise"":0.004}","{""error"":1326.5074208733884,""speed"":25.847801918312378,""lateral"":148.16834962441692,""tilt"":0.8248241459053159}",19.750000000000146,false,0,176.94572706231426,"[{""name"":""Launch"",""time"":1.2500000000000004,""altitude"":4.254130304333696}]",0.16612652511659184,234.74097555237307,8.200219505096373e-16,35.38914541246383,0,null,0,0,0,false
control,3,11,0,714133,26,1,-476.20297631688186,false,0,false,-0.3096468544906309,Flight left the recovery corridor,"{""level"":0,""mass"":1,""thrust"":1,""servo"":1,""wind"":1,""deck"":1,""noise"":0}",null,50.1,false,0,12025.351532477976,"[{""name"":""Launch"",""time"":1.1000000000000003,""altitude"":4.250038321659684},{""name"":""Space"",""time"":17.85,""altitude"":820.7610107222764}]",0.20768402957509105,449.22083549010927,2.020421624253721e-18,200,0,null,0,0,0,false
control,3,11,1,584473,24,1,-477.2267632889309,false,0,false,-0.31064517091957583,Flight left the recovery corridor,"{""level"":0.4,""mass"":1.0123965861732382,""thrust"":0.990949915316868,""servo"":1.0282920281207044,""wind"":1.0082934134596004,""deck"":0.8579490613429118,""noise"":0.004}",null,51.85000000000001,false,0,12020.7296508062,"[{""name"":""Launch"",""time"":1.1000000000000003,""altitude"":4.014006139984144},{""name"":""Space"",""time"":18.60000000000001,""altitude"":808.251931520215}]",0.138021363229537,365.6256358754444,1.5802710267535256e-17,200.00000000000003,0,null,0,0,0,false
control,3,11,2,594864,25,1,-475.4430106307308,false,0,false,-0.2346648770526766,Flight left the recovery corridor,"{""level"":0,""mass"":1,""thrust"":1,""servo"":1,""wind"":1,""deck"":1,""noise"":0}",null,51.10000000000001,false,0,12081.517059382422,"[{""name"":""Launch"",""time"":1.1000000000000003,""altitude"":4.1115931822448},{""name"":""Space"",""time"":18.100000000000005,""altitude"":823.7038962745659}]",0.13529351454913102,362.3522174589572,1.5442617580286924e-17,200.00000000000003,0,null,0,0,0,false
control,3,11,3,605255,26,1,-477.15118368969064,false,0,false,-0.2580763633702668,Flight left the recovery corridor,"{""level"":0.4,""mass"":0.9751983228506517,""thrust"":0.9670899006549541,""servo"":0.9215901047489898,""wind"":1.1172324308261492,""deck"":1.0147672166710695,""noise"":0.004}",null,50.7,false,0,12062.27559585663,"[{""name"":""Launch"",""time"":1.1000000000000003,""altitude"":4.002326689232664},{""name"":""Space"",""time"":17.950000000000003,""altitude"":818.8742761351375}]",0.2077442760703262,449.2931312843914,2.072374546008995e-18,200,0,null,0,0,0,false
control,3,11,4,615646,24,1,-477.17308414580833,false,0,false,-0.31686505944551785,Flight left the recovery corridor,"{""level"":0,""mass"":1,""thrust"":1,""servo"":1,""wind"":1,""deck"":1,""noise"":0}",null,51.050000000000004,false,0,12062.706157432767,"[{""name"":""Launch"",""time"":1.1000000000000003,""altitude"":4.1506917072603375},{""name"":""Space"",""time"":17.800000000000004,""altitude"":800.0251133725832}]",0.13529351278928525,362.3522153471423,1.5267551626978205e-17,200.00000000000003,0,null,0,0,0,false
control,3,11,5,626037,25,1,-476.5926085621364,false,0,false,-0.3221582648411752,Flight left the recovery corridor,"{""level"":0.4,""mass"":1.025088755698434,""thrust"":0.9952510595113163,""servo"":0.8821019609759517,""wind"":1.0626529041168111,""deck"":1.0370582238461685,""noise"":0.004}",null,52.500000000000014,false,0,12125.786302950924,"[{""name"":""Launch"",""time"":1.1500000000000004,""altitude"":4.047662084853979},{""name"":""Space"",""time"":18.50000000000001,""altitude"":806.0777095408373}]",0.13533528337552775,362.40234005063326,1.666088464993561e-17,200.00000000000003,0,null,0,0,0,false
control,4,0,0,714133,24,1,-478.68461485684804,false,0,false,-0.27467048208432887,Flight left the recovery corridor,"{""level"":0,""mass"":1,""thrust"":1,""servo"":1,""wind"":1,""deck"":1,""noise"":0}",null,78.30000000000013,false,0,12065.842148998705,"[{""name"":""Launch"",""time"":1.4000000000000006,""altitude"":4.2103022112860025},{""name"":""Space"",""time"":34.30000000000012,""altitude"":811.0955926693637}]",0.17539280026808524,410.47136032170226,1.1283127887636052e-16,200.00000000000014,0,null,0,0,0,false
control,4,0,1,599900,25,1,-477.75390166859626,false,0,false,-0.20351168793861152,Flight left the recovery corridor,"{""level"":0.4,""mass"":1.0159092865474317,""thrust"":0.9720936932782933,""servo"":0.9635634618107671,""wind"":1.0428350290641748,""deck"":0.9733258060268977,""noise"":0.004}",null,81.45000000000014,false,0,12099.720273147776,"[{""name"":""Launch"",""time"":1.4500000000000006,""altitude"":4.028298200548717},{""name"":""Space"",""time"":37.700000000000145,""altitude"":812.7775448773102}]",0.2027609911878717,443.313189425446,2.5142549235926864e-15,200.000000000003,0,null,0,0,0,false
control,4,0,2,610291,26,1,-480.33668416025205,false,0,false,-0.2870388358227111,Flight left the recovery corridor,"{""level"":0,""mass"":1,""thrust"":1,""servo"":1,""wind"":1,""deck"":1,""noise"":0}",null,75.8000000000001,false,0,11992.05390190839,"[{""name"":""Launch"",""time"":1.3500000000000005,""altitude"":4.148772337238919},{""name"":""Space"",""time"":32.550000000000104,""altitude"":815.4749165677488}]",0.2427525170586894,491.30302047042727,5.61609722775963e-17,200.00000000000006,0,null,0,0,0,false
control,4,0,3,620682,24,1,-481.32871033190446,false,0,false,-0.28359509682748296,Flight left the recovery corridor,"{""level"":0.4,""mass"":1.0249772481929473,""thrust"":0.9648022504031921,""servo"":0.8721900477096804,""wind"":1.1007241071881264,""deck"":0.9955778308544985,""noise"":0.004}",null,83.10000000000015,false,0,11996.255625577362,"[{""name"":""Launch"",""time"":1.5000000000000007,""altitude"":4.101826895038078},{""name"":""Space"",""time"":38.60000000000015,""altitude"":803.7168586576153}]",0.20965571996876683,451.58686396252017,5.71696121897424e-15,200.00000000000685,0,null,0,0,0,false
control,4,0,4,631073,25,1,-478.51619848373355,false,0,false,-0.2854676002588665,Flight left the recovery corridor,"{""level"":0,""mass"":1,""thrust"":1,""servo"":1,""wind"":1,""deck"":1,""noise"":0}",null,78.50000000000011,false,0,12054.960421526483,"[{""name"":""Launch"",""time"":1.4000000000000006,""altitude"":4.129811808962199},{""name"":""Space"",""time"":34.000000000000114,""altitude"":800.9284919559552}]",0.17228028486899818,406.73634184279786,7.901696304401928e-17,200.00000000000009,0,null,0,0,0,false
control,4,0,5,641464,26,1,-478.99448366503333,false,0,false,-0.2772289733738098,Flight left the recovery corridor,"{""level"":0.4,""mass"":1.0000215748575443,""thrust"":0.9953700784806693,""servo"":1.0742618595996196,""wind"":1.0433899879407975,""deck"":1.0173419123779455,""noise"":0.004}",null,75.7000000000001,false,0,12041.761574970787,"[{""name"":""Launch"",""time"":1.3500000000000005,""altitude"":4.129101592359762},{""name"":""Space"",""time"":32.9500000000001,""altitude"":813.1701975185941}]",0.2459042085515852,495.08505026190227,8.83698460649077e-17,200.0000000000001,0,null,0,0,0,false
control,4,1,0,714133,24,1,-483.70353666020577,false,0,false,-0.04113986199197789,Flight left the recovery corridor,"{""level"":0,""mass"":1,""thrust"":1,""servo"":1,""wind"":1,""deck"":1,""noise"":0}",null,154.14999999999714,false,0,12008.601614937394,"[{""name"":""Launch"",""time"":1.7500000000000009,""altitude"":4.16126340092886},{""name"":""Space"",""time"":106.64999999999714,""altitude"":816.3334401808662}]",0.8138930675728293,1176.6716810873952,0.05182883947068014,262.1946073648162,0,227.0936899802382,1.899999999999892,0,0.9157490720559174,false
control,4,1,1,599900,25,1,-485.116798311055,false,0,false,-0.0278484664410497,Flight left the recovery corridor,"{""level"":0.4,""mass"":1.0159092865474317,""thrust"":0.9720936932782933,""servo"":0.9635634618107671,""wind"":1.0428350290641748,""deck"":0.9733258060268977,""noise"":0.004}",null,166.0999999999966,false,0,12077.450739278449,"[{""name"":""Launch"",""time"":1.900000000000001,""altitude"":4.174552073021502},{""name"":""Space"",""time"":116.09999999999663,""altitude"":805.0614199478797}]",0.8091224928663008,1170.9469914395609,0.05723829015105553,268.68594818126667,0,230.5847465867164,3.149999999999821,0,0.9162624627333407,false
control,4,1,2,610291,26,1,-488.14160369824947,false,0,false,0.0384332188422791,Flight left the recovery corridor,"{""level"":0,""mass"":1,""thrust"":1,""servo"":1,""wind"":1,""deck"":1,""noise"":0}",null,171.29999999999634,false,0,12034.61103749469,"[{""name"":""Launch"",""time"":1.7000000000000008,""altitude"":4.1883293536360515},{""name"":""Space"",""time"":123.54999999999634,""altitude"":812.4644588649136}]",0.7974643207770505,1156.9571849324607,0.0483509976161971,258.02119713943654,0,243.29075716506304,1.4499999999999176,0,0.9181309937007446,false
control,4,1,3,620682,24,1,-483.69307684582964,false,0,false,-0.06221386376813062,Flight left the recovery corridor,"{""level"":0.4,""mass"":1.0249772481929473,""thrust"":0.9648022504031921,""servo"":0.8721900477096804,""wind"":1.1007241071881264,""deck"":0.9955778308544985,""noise"":0.004}",null,166.49999999999676,false,0,12013.201576824493,"[{""name"":""Launch"",""time"":1.950000000000001,""altitude"":4.030924746377433},{""name"":""Space"",""time"":115.74999999999675,""altitude"":807.7633739490068}]",0.8085537608362001,1170.2645130034402,0.05523989243828909,266.2878709259469,0,239.33608518657275,1.899999999999892,0,0.917549424292143,false
control,4,1,4,631073,25,1,-484.0647089642534,false,0,false,-0.04142199255978035,Flight left the recovery corridor,"{""level"":0,""mass"":1,""thrust"":1,""servo"":1,""wind"":1,""deck"":1,""noise"":0}",null,155.3499999999971,false,0,12002.583596580555,"[{""name"":""Launch"",""time"":1.7500000000000009,""altitude"":4.102560884211913},{""name"":""Space"",""time"":108.0999999999971,""altitude"":816.5591212584618}]",0.8074558801494408,1168.9470561793291,0.051727541153751826,262.0730493845022,0,232.87230684706628,1.8499999999998948,0,0.9165988686539803,false
control,4,1,5,641464,26,1,-488.0713703113357,false,0,false,0.052498315788860585,Flight left the recovery corridor,"{""level"":0.4,""mass"":1.0000215748575443,""thrust"":0.9953700784806693,""servo"":1.0742618595996196,""wind"":1.0433899879407975,""deck"":1.0173419123779455,""noise"":0.004}",null,170.99999999999628,false,0,12066.433673591855,"[{""name"":""Launch"",""time"":1.7000000000000008,""altitude"":4.145657396568733},{""name"":""Space"",""time"":123.49999999999628,""altitude"":806.7676036713858}]",0.7906248574876993,1148.7498289852392,0.05650889349007825,267.8106721880939,0,238.37430106278316,2.3499999999998664,0,0.9174079854504092,false
control,4,2,0,714133,24,1,-477.7619389661018,false,0,false,-0.49514937040147916,Flight left the recovery corridor,"{""level"":0,""mass"":1,""thrust"":1,""servo"":1,""wind"":1,""deck"":1,""noise"":0}",null,78.34999999999994,false,0,12135.96917647304,"[{""name"":""Launch"",""time"":1.6500000000000008,""altitude"":4.159151219789484},{""name"":""Space"",""time"":50.099999999999945,""altitude"":822.3264756508098}]",0.7671638102451706,1120.5965722942046,0.008824702753575001,210.58964330429,0,null,0,0,0,false
control,4,2,1,599900,25,1,-478.2332731114088,false,0,false,-0.36552830092896643,Flight left the recovery corridor,"{""level"":0.4,""mass"":1.0159092865474317,""thrust"":0.9720936932782933,""servo"":0.9635634618107671,""wind"":1.0428350290641748,""deck"":0.9733258060268977,""noise"":0.004}",null,82.29999999999981,false,0,12036.938406716163,"[{""name"":""Launch"",""time"":1.800000000000001,""altitude"":4.19401879199866},{""name"":""Space"",""time"":53.04999999999982,""altitude"":824.6735970560791}]",0.7685072350847071,1122.2086821016485,0.007990107008784728,209.58812841054169,0,null,0,0,0,false
control,4,2,2,610291,26,1,-479.54995949614045,false,0,false,-0.4114196233280738,Flight left the recovery corridor,"{""level"":0,""mass"":1,""thrust"":1,""servo"":1,""wind"":1,""deck"":1,""noise"":0}",null,82.44999999999973,false,0,12018.488784914525,"[{""name"":""Launch"",""time"":1.6000000000000008,""altitude"":4.088363116432221},{""name"":""Space"",""time"":54.69999999999974,""altitude"":809.8441580384044}]",0.7707754888793334,1124.9305866552002,0.01576780251134229,218.92136301361074,0,null,0,0,0,false
control,4,2,3,620682,24,1,-479.7315935508965,false,0,false,-0.508909861999901,Flight left the recovery corridor,"{""level"":0.4,""mass"":1.0249772481929473,""thrust"":0.9648022504031921,""servo"":0.8721900477096804,""wind"":1.1007241071881264,""deck"":0.9955778308544985,""noise"":0.004}",null,84.59999999999977,false,0,12082.433018828,"[{""name"":""Launch"",""time"":1.850000000000001,""altitude"":4.134271045988038},{""name"":""Space"",""time"":55.349999999999774,""altitude"":816.0059020145754}]",0.7532236192338021,1103.8683430805627,0.0063808055372922045,207.65696664475064,0,null,0,0,0,false
control,4,2,4,631073,25,1,-478.78094153639245,false,0,false,-0.3952307342797333,Flight left the recovery corridor,"{""level"":0,""mass"":1,""thrust"":1,""servo"":1,""wind"":1,""deck"":1,""noise"":0}",null,79.49999999999991,false,0,12086.049447971742,"[{""name"":""Launch"",""time"":1.7000000000000008,""altitude"":4.120367459104049},{""name"":""Space"",""time"":51.49999999999992,""altitude"":813.7479291231051}]",0.7700432146765752,1124.0518576118902,0.009185210937835713,211.02225312540287,0,null,0,0,0,false
control,4,2,5,641464,26,1,-479.31575622228,false,0,false,-0.5006041413049155,Flight left the recovery corridor,"{""level"":0.4,""mass"":1.0000215748575443,""thrust"":0.9953700784806693,""servo"":1.0742618595996196,""wind"":1.0433899879407975,""deck"":1.0173419123779455,""noise"":0.004}",null,81.5499999999997,false,0,12051.683913959352,"[{""name"":""Launch"",""time"":1.5500000000000007,""altitude"":4.0017647373928895},{""name"":""Space"",""time"":54.049999999999706,""altitude"":807.7945678928055}]",0.7721947998548542,1126.633759825825,0.017241125918181627,220.68935110181795,0,null,0,0,0,false
control,4,3,0,714133,24,1,-613.2726481556596,false,0,false,0.05212430577431388,Returned before completing an orbit,"{""level"":0,""mass"":1,""thrust"":1,""servo"":1,""wind"":1,""deck"":1,""noise"":0}","{""error"":25598.82309143464,""speed"":42.31577628189873,""lateral"":98.30177995377926,""tilt"":0.2832463817416953}",160.3500000000022,false,0,227.12521528669902,"[{""name"":""Launch"",""time"":1.7500000000000009,""altitude"":4.083180075765048}]",0.35412338709403873,470.3731075701863,7.062930437407883e-09,45.42505153285633,0,null,0,0,0,false
control,4,3,1,599900,25,1,-612.3033510780182,false,0,false,0.05415452233517435,Returned before completing an orbit,"{""level"":0.4,""mass"":1.0159092865474317,""thrust"":0.9720936932782933,""servo"":0.9635634618107671,""wind"":1.0428350290641748,""deck"":0.9733258060268977,""noise"":0.004}","{""error"":24116.142655906857,""speed"":41.715939261606096,""lateral"":96.78218632980226,""tilt"":0.28144055044830674}",157.90000000000165,false,0,211.58820309578863,"[{""name"":""Launch"",""time"":1.900000000000001,""altitude"":4.045963260546431}]",0.3163044732399693,421.88300850712085,7.706251986558716e-10,42.31764154390797,0,null,0,0,0,false
control,4,3,2,610291,26,1,-612.6569650933214,false,0,false,0.06967985165772585,Returned before completing an orbit,"{""level"":0,""mass"":1,""thrust"":1,""servo"":1,""wind"":1,""deck"":1,""noise"":0}","{""error"":24112.34933325607,""speed"":40.84295615618876,""lateral"":96.30779987509649,""tilt"":0.31071676313834706}",154.25000000000082,false,0,200.93674723649937,"[{""name"":""Launch"",""time"":1.7000000000000008,""altitude"":4.211932856627781}]",0.386090029356935,492.01328483353615,1.4539545763229274e-10,28.705249779688746,0,null,0,0,0,false
control,4,3,3,620682,24,1,-611.3422799673401,false,0,false,0.022375662955388186,Returned before completing an orbit,"{""level"":0.4,""mass"":1.0249772481929473,""thrust"":0.9648022504031921,""servo"":0.8721900477096804,""wind"":1.1007241071881264,""deck"":0.9955778308544985,""noise"":0.004}","{""error"":23531.205184080376,""speed"":41.79115575135536,""lateral"":96.4442660030934,""tilt"":0.30411602576900065}",157.05000000000146,false,0,208.35579899432824,"[{""name"":""Launch"",""time"":1.950000000000001,""altitude"":4.002119888922161}]",0.29684266362140427,397.8823561445507,2.176890273504872e-10,41.671160060092475,0,null,0,0,0,false
control,4,3,4,631073,25,1,-614.3758622303948,false,0,false,0.09534471076057648,Returned before completing an orbit,"{""level"":0,""mass"":1,""thrust"":1,""servo"":1,""wind"":1,""deck"":1,""noise"":0}","{""error"":25987.89364520382,""speed"":42.23005792253683,""lateral"":98.48361413440561,""tilt"":0.3042147348082729}",160.95000000000235,false,0,231.51976448150177,"[{""name"":""Launch"",""time"":1.7500000000000009,""altitude"":4.0397132019413}]",0.39829971730249525,524.2636136592946,8.396291442680212e-08,46.304053651797666,0,null,0,0,0,false
control,4,3,5,641464,26,1,-612.7732590074357,false,0,false,0.08091412756410861,Returned before completing an orbit,"{""level"":0.4,""mass"":1.0000215748575443,""thrust"":0.9953700784806693,""servo"":1.0742618595996196,""wind"":1.0433899879407975,""deck"":1.0173419123779455,""noise"":0.004}","{""error"":24099.30448855264,""speed"":41.06387541668348,""lateral"":96.93319688722981,""tilt"":0.33359556272661584}",154.1500000000008,false,0,202.74945966820076,"[{""name"":""Launch"",""time"":1.7000000000000008,""altitude"":4.115345388237058}]",0.39381034816387217,501.5366263206753,2.730414453830297e-10,28.96420885167841,0,null,0,0,0,false
control,4,4,0,714133,24,1,-600.7100260472926,false,0,false,-3.9772605836639867,Orbital mission timed out,"{""level"":0,""mass"":1,""thrust"":1,""servo"":1,""wind"":1,""deck"":1,""noise"":0}",null,650.0499999999565,false,0,0,[],0.13761824652086757,165.14189582504108,4.384320301023962e-17,5.261184361228754e-14,0,null,0,0,0,false
control,4,4,1,599900,25,1,-602.5231201644099,false,0,false,-3.8748614897058413,Orbital mission timed out,"{""level"":0.4,""mass"":1.0159092865474317,""thrust"":0.9720936932782933,""servo"":0.9635634618107671,""wind"":1.0428350290641748,""deck"":0.9733258060268977,""noise"":0.004}",null,650.0499999999565,false,0,0,[],0.13751422939957367,165.0170752794884,4.314681217512866e-17,5.1776174610154396e-14,0,null,0,0,0,false
control,4,4,2,610291,26,1,-601.8713857039405,false,0,false,-3.7440590268120615,Orbital mission timed out,"{""level"":0,""mass"":1,""thrust"":1,""servo"":1,""wind"":1,""deck"":1,""noise"":0}",null,650.0499999999565,false,0,0,[],0.21057223402306158,252.68668082767388,6.1873095039833826e-18,7.424771404780059e-15,0,null,0,0,0,false
control,4,4,3,620682,24,1,-600.4907174888223,false,0,false,-3.821470049043208,Orbital mission timed out,"{""level"":0.4,""mass"":1.0249772481929473,""thrust"":0.9648022504031921,""servo"":0.8721900477096804,""wind"":1.1007241071881264,""deck"":0.9955778308544985,""noise"":0.004}",null,650.0499999999565,false,0,0,[],0.13748551575695872,164.98261890835047,4.3011904119125235e-17,5.161428494295028e-14,0,null,0,0,0,false
control,4,4,4,631073,25,1,-602.3366482742707,false,0,false,-3.8726761251216764,Orbital mission timed out,"{""level"":0,""mass"":1,""thrust"":1,""servo"":1,""wind"":1,""deck"":1,""noise"":0}",null,650.0499999999565,false,0,0,[],0.13780316889965058,165.3638026795807,4.49853851455316e-17,5.3982462174637925e-14,0,null,0,0,0,false
control,4,4,5,641464,26,1,-600.7834381786413,false,0,false,-3.782435613386817,Orbital mission timed out,"{""level"":0.4,""mass"":1.0000215748575443,""thrust"":0.9953700784806693,""servo"":1.0742618595996196,""wind"":1.0433899879407975,""deck"":1.0173419123779455,""noise"":0.004}",null,650.0499999999565,false,0,0,[],0.2106419636919841,252.77035643038093,6.247422501656484e-18,7.49690700198778e-15,0,null,0,0,0,false
control,4,5,0,714133,24,1,-480.36557829103873,false,0,false,-0.2257167772532068,Flight left the recovery corridor,"{""level"":0,""mass"":1,""thrust"":1,""servo"":1,""wind"":1,""deck"":1,""noise"":0}",null,102.20000000000029,false,0,12002.039845727173,"[{""name"":""Launch"",""time"":1.6500000000000008,""altitude"":4.094830127041526},{""name"":""Space"",""time"":51.95000000000029,""altitude"":801.8003234737452}]",0.24476822970018539,493.72187564022244,2.0816147841101735e-13,200.0000000002498,0,null,0,0,0,false
control,4,5,1,599900,25,1,-480.49949164078265,false,0,false,-0.21066676202786386,Flight left the recovery corridor,"{""level"":0.4,""mass"":1.0159092865474317,""thrust"":0.9720936932782933,""servo"":0.9635634618107671,""wind"":1.0428350290641748,""deck"":0.9733258060268977,""noise"":0.004}",null,105.2000000000003,false,0,12056.620683359615,"[{""name"":""Launch"",""time"":1.800000000000001,""altitude"":4.1193650665519215},{""name"":""Space"",""time"":55.700000000000294,""altitude"":808.525379840548}]",0.2730355025575472,527.6426030690566,1.920730811993851e-12,200.0000000023049,0,null,0,0,0,false
control,4,5,2,610291,26,1,-481.70721543661097,false,0,false,-0.19475481330368674,Flight left the recovery corridor,"{""level"":0,""mass"":1,""thrust"":1,""servo"":1,""wind"":1,""deck"":1,""noise"":0}",null,99.05000000000027,false,0,12054.857621723475,"[{""name"":""Launch"",""time"":1.6000000000000008,""altitude"":4.071874918178132},{""name"":""Space"",""time"":49.80000000000027,""altitude"":804.7409030044183}]",0.33137107985638703,597.6452958276644,5.781557754916292e-13,200.00000000069377,0,null,0,0,0,false
control,4,5,3,620682,24,1,-480.66203157831575,false,0,false,-0.16859887581040406,Flight left the recovery corridor,"{""level"":0.4,""mass"":1.0249772481929473,""thrust"":0.9648022504031921,""servo"":0.8721900477096804,""wind"":1.1007241071881264,""deck"":0.9955778308544985,""noise"":0.004}",null,106.70000000000024,false,0,12029.741805541298,"[{""name"":""Launch"",""time"":1.850000000000001,""altitude"":4.119862100397945},{""name"":""Space"",""time"":57.20000000000025,""altitude"":809.4460624635035}]",0.2979678873251451,557.5614647901741,1.2872075238797004e-11,200.0000000154465,0,null,0,0,0,false
control,4,5,4,631073,25,1,-480.46073615703455,false,0,false,-0.217075279182187,Flight left the recovery corridor,"{""level"":0,""mass"":1,""thrust"":1,""servo"":1,""wind"":1,""deck"":1,""noise"":0}",null,101.60000000000028,false,0,12007.808747107585,"[{""name"":""Launch"",""time"":1.7000000000000008,""altitude"":4.235182596746208},{""name"":""Space"",""time"":52.350000000000286,""altitude"":806.8191911123752}]",0.2561541151985303,507.3849382382364,4.832802527654052e-13,200.00000000057994,0,null,0,0,0,false
control,4,5,5,641464,26,1,-482.70797745400193,false,0,false,-0.1604296292765042,Flight left the recovery corridor,"{""level"":0.4,""mass"":1.0000215748575443,""thrust"":0.9953700784806693,""servo"":1.0742618595996196,""wind"":1.0433899879407975,""deck"":1.0173419123779455,""noise"":0.004}",null,98.70000000000027,false,0,12019.874236606542,"[{""name"":""Launch"",""time"":1.6000000000000008,""altitude"":4.091704360459783},{""name"":""Space"",""time"":49.95000000000027,""altitude"":801.4944777902351}]",0.3234457493442965,588.1348992131558,2.8594712871186285e-13,200.00000000034314,0,null,0,0,0,false
control,4,6,0,714133,24,1,-601.3121121894017,false,0,false,-3.656643956813426,Orbital mission timed out,"{""level"":0,""mass"":1,""thrust"":1,""servo"":1,""wind"":1,""deck"":1,""noise"":0}",null,650.0499999999565,false,0,0,[],0.1372187881797862,164.66254581574344,4.138340826071408e-17,4.96600899128569e-14,0,null,0,0,0,false
control,4,6,1,599900,25,1,-602.404988506398,false,0,false,-3.6726957447935686,Orbital mission timed out,"{""level"":0.4,""mass"":1.0159092865474317,""thrust"":0.9720936932782933,""servo"":0.9635634618107671,""wind"":1.0428350290641748,""deck"":0.9733258060268977,""noise"":0.004}",null,650.0499999999565,false,0,0,[],0.1371116480909156,164.53397770909874,4.069115012047969e-17,4.882938014457563e-14,0,null,0,0,0,false
control,4,6,2,610291,26,1,-601.7668902804742,false,0,false,-3.5849281404790077,Orbital mission timed out,"{""level"":0,""mass"":1,""thrust"":1,""servo"":1,""wind"":1,""deck"":1,""noise"":0}",null,650.0499999999565,false,0,0,[],0.21003813486241737,252.04576183490084,5.76912252004653e-18,6.922947024055835e-15,0,null,0,0,0,false
control,4,6,3,620682,24,1,-600.9502567631928,false,0,false,-3.6165463765340102,Orbital mission timed out,"{""level"":0.4,""mass"":1.0249772481929473,""thrust"":0.9648022504031921,""servo"":0.8721900477096804,""wind"":1.1007241071881264,""deck"":0.9955778308544985,""noise"":0.004}",null,650.0499999999565,false,0,0,[],0.13711055764331107,164.53266917197328,4.073210077733024e-17,4.8878520932796287e-14,0,null,0,0,0,false
control,4,6,4,631073,25,1,-602.1181999523324,false,0,false,-3.692873595783389,Orbital mission timed out,"{""level"":0,""mass"":1,""thrust"":1,""servo"":1,""wind"":1,""deck"":1,""noise"":0}",null,650.0499999999565,false,0,0,[],0.13723402720635006,164.68083264762006,4.1430282223737294e-17,4.9716338668484756e-14,0,null,0,0,0,false
control,4,6,5,641464,26,1,-601.6510517361797,false,0,false,-3.5970376586454313,Orbital mission timed out,"{""level"":0.4,""mass"":1.0000215748575443,""thrust"":0.9953700784806693,""servo"":1.0742618595996196,""wind"":1.0433899879407975,""deck"":1.0173419123779455,""noise"":0.004}",null,650.0499999999565,false,0,0,[],0.21007417246815474,252.08900696178569,5.79684761648389e-18,6.956217139780668e-15,0,null,0,0,0,false
control,4,7,0,714133,24,1,-481.4197460053499,false,0,false,-0.27586093744521895,Flight left the recovery corridor,"{""level"":0,""mass"":1,""thrust"":1,""servo"":1,""wind"":1,""deck"":1,""noise"":0}",null,85.70000000000016,false,0,12111.221859351726,"[{""name"":""Launch"",""time"":1.5000000000000007,""altitude"":4.268882733629782},{""name"":""Space"",""time"":37.95000000000015,""altitude"":802.6843472303516}]",0.1628582944162969,395.42995329955625,4.868119413808484e-17,200.00000000000006,0,null,0,0,0,false
control,4,7,1,599900,25,1,-478.9843413552947,false,0,false,-0.19189410575133742,Flight left the recovery corridor,"{""level"":0.4,""mass"":1.0159092865474317,""thrust"":0.9720936932782933,""servo"":0.9635634618107671,""wind"":1.0428350290641748,""deck"":0.9733258060268977,""noise"":0.004}",null,88.65000000000018,false,0,12036.147171428987,"[{""name"":""Launch"",""time"":1.5500000000000007,""altitude"":4.006378656469545},{""name"":""Space"",""time"":41.650000000000176,""altitude"":805.0817036386225}]",0.18638604882282875,423.66325858739447,5.321570313542371e-16,200.00000000000063,0,null,0,0,0,false
control,4,7,2,610291,26,1,-478.79752117196887,false,0,false,-0.25002229372040113,Flight left the recovery corridor,"{""level"":0,""mass"":1,""thrust"":1,""servo"":1,""wind"":1,""deck"":1,""noise"":0}",null,82.20000000000013,false,0,12021.37207829645,"[{""name"":""Launch"",""time"":1.4500000000000006,""altitude"":4.21133449428093},{""name"":""Space"",""time"":36.45000000000013,""altitude"":806.27356699604}]",0.23828119904285483,485.9374388514258,4.586427411090188e-17,200.00000000000006,0,null,0,0,0,false
control,4,7,3,620682,24,1,-481.73876442299377,false,0,false,-0.20539871538151258,Flight left the recovery corridor,"{""level"":0.4,""mass"":1.0249772481929473,""thrust"":0.9648022504031921,""servo"":0.8721900477096804,""wind"":1.1007241071881264,""deck"":0.9955778308544985,""noise"":0.004}",null,90.45000000000019,false,0,12105.305406230918,"[{""name"":""Launch"",""time"":1.6500000000000008,""altitude"":4.244834681913174},{""name"":""Space"",""time"":43.20000000000019,""altitude"":808.0164305699108}]",0.19573868069456127,434.8864168334735,1.3172132936078735e-15,200.0000000000016,0,null,0,0,0,false
control,4,7,4,631073,25,1,-479.4340642206847,false,0,false,-0.27383271981083257,Flight left the recovery corridor,"{""level"":0,""mass"":1,""thrust"":1,""servo"":1,""wind"":1,""deck"":1,""noise"":0}",null,85.55000000000015,false,0,12099.686195938319,"[{""name"":""Launch"",""time"":1.5000000000000007,""altitude"":4.189023166827278},{""name"":""Space"",""time"":38.05000000000015,""altitude"":806.6218774842291}]",0.16459313625350486,397.5117635042058,5.333654584346798e-17,200.00000000000006,0,null,0,0,0,false
control,4,7,5,641464,26,1,-481.3681607227064,false,0,false,-0.19789923364363052,Flight left the recovery corridor,"{""level"":0.4,""mass"":1.0000215748575443,""thrust"":0.9953700784806693,""servo"":1.0742618595996196,""wind"":1.0433899879407975,""deck"":1.0173419123779455,""noise"":0.004}",null,82.30000000000014,false,0,12073.120351918164,"[{""name"":""Launch"",""time"":1.4500000000000006,""altitude"":4.25480439070771},{""name"":""Space"",""time"":36.55000000000014,""altitude"":808.4254661551084}]",0.2361100214104419,483.3320256925303,3.168698791161464e-17,200.00000000000003,0,null,0,0,0,false
control,4,8,0,714133,24,1,-477.2057954598992,false,0,false,-0.11792942771340442,Flight left the recovery corridor,"{""level"":0,""mass"":1,""thrust"":1,""servo"":1,""wind"":1,""deck"":1,""noise"":0}",null,73.40000000000005,false,0,12015.459597204557,"[{""name"":""Launch"",""time"":1.2000000000000004,""altitude"":4.377959071591471},{""name"":""Space"",""time"":23.900000000000045,""altitude"":809.973655894649}]",0.13533528329046898,362.40233994856277,1.7800664585022585e-17,200.00000000000003,0,null,0,0,0,false
control,4,8,1,599900,25,1,-480.6079943460093,false,0,false,-0.1782397743415608,Flight left the recovery corridor,"{""level"":0.4,""mass"":1.0159092865474317,""thrust"":0.9720936932782933,""servo"":0.9635634618107671,""wind"":1.0428350290641748,""deck"":0.9733258060268977,""noise"":0.004}",null,77.50000000000006,false,0,12024.032345706626,"[{""name"":""Launch"",""time"":1.2500000000000004,""altitude"":4.33950481355515},{""name"":""Space"",""time"":25.500000000000057,""altitude"":801.5731738016044}]",0.13533528333660627,362.4023400039275,1.9164513790666236e-17,200.00000000000003,0,null,0,0,0,false
control,4,8,2,610291,26,1,-477.1361346117924,false,0,false,-0.11839011911394848,Flight left the recovery corridor,"{""level"":0,""mass"":1,""thrust"":1,""servo"":1,""wind"":1,""deck"":1,""noise"":0}",null,70.80000000000004,false,0,12062.18351491222,"[{""name"":""Launch"",""time"":1.1500000000000004,""altitude"":4.138003056555496},{""name"":""Space"",""time"":22.550000000000036,""altitude"":802.7393687548149}]",0.20774818825107025,449.2978259012843,2.3189213905019617e-18,200,0,null,0,0,0,false
control,4,8,3,620682,24,1,-481.58833984741784,false,0,false,-0.13589129489476445,Flight left the recovery corridor,"{""level"":0.4,""mass"":1.0249772481929473,""thrust"":0.9648022504031921,""servo"":0.8721900477096804,""wind"":1.1007241071881264,""deck"":0.9955778308544985,""noise"":0.004}",null,80.85000000000007,false,0,12031.051190582773,"[{""name"":""Launch"",""time"":1.2500000000000004,""altitude"":4.1183054902281135},{""name"":""Space"",""time"":26.350000000000062,""altitude"":800.1164862524583}]",0.13533528327431643,362.40233992917973,1.98636356377449e-17,200.00000000000003,0,null,0,0,0,false
control,4,8,4,631073,25,1,-478.6629767087143,false,0,false,-0.13081964584374456,Flight left the recovery corridor,"{""level"":0,""mass"":1,""thrust"":1,""servo"":1,""wind"":1,""deck"":1,""noise"":0}",null,73.60000000000005,false,0,12030.165273395964,"[{""name"":""Launch"",""time"":1.1500000000000004,""altitude"":4.021338683278266},{""name"":""Space"",""time"":23.850000000000044,""altitude"":811.4369297082817}]",0.1353352858037225,362.40234296446704,1.764676881240281e-17,200.00000000000003,0,null,0,0,0,false
control,4,8,5,641464,26,1,-477.96741469933016,false,0,false,-0.11523363562390411,Flight left the recovery corridor,"{""level"":0.4,""mass"":1.0000215748575443,""thrust"":0.9953700784806693,""servo"":1.0742618595996196,""wind"":1.0433899879407975,""deck"":1.0173419123779455,""noise"":0.004}",null,71.20000000000005,false,0,12070.43864798151,"[{""name"":""Launch"",""time"":1.1500000000000004,""altitude"":4.109076320224716},{""name"":""Space"",""time"":22.95000000000004,""altitude"":803.4234179467031}]",0.2077481886093573,449.29782633122875,2.3501399309786833e-18,200,0,null,0,0,0,false
control,4,9,0,714133,24,1,-480.61782239591935,false,0,false,-0.07437847029645511,Flight left the recovery corridor,"{""level"":0,""mass"":1,""thrust"":1,""servo"":1,""wind"":1,""deck"":1,""noise"":0}",null,118.69999999999905,false,0,12064.837251935998,"[{""name"":""Launch"",""time"":1.950000000000001,""altitude"":4.091175628970786},{""name"":""Space"",""time"":73.94999999999905,""altitude"":808.3592369535279}]",0.7248059568948773,1069.7671482738529,0.00479050623644193,205.74860748373032,0,null,0,0,0,false
control,4,9,1,599900,25,1,-482.44860836703947,false,0,false,-0.17539979784376805,Flight left the recovery corridor,"{""level"":0.4,""mass"":1.0159092865474317,""thrust"":0.9720936932782933,""servo"":0.9635634618107671,""wind"":1.0428350290641748,""deck"":0.9733258060268977,""noise"":0.004}",null,126.74999999999864,false,0,12083.909828884847,"[{""name"":""Launch"",""time"":2.1500000000000004,""altitude"":4.0464575493606585},{""name"":""Space"",""time"":80.24999999999864,""altitude"":809.748371775515}]",0.612188681545062,934.6264178540744,9.14231748172248e-05,200.10970780978067,0,null,0,0,0,false
control,4,9,2,610291,26,1,-479.43834303214027,false,0,false,-0.08709286274685002,Flight left the recovery corridor,"{""level"":0,""mass"":1,""thrust"":1,""servo"":1,""wind"":1,""deck"":1,""noise"":0}",null,123.69999999999862,false,0,12058.578487214581,"[{""name"":""Launch"",""time"":1.850000000000001,""altitude"":4.0426799418327395},{""name"":""Space"",""time"":79.69999999999862,""altitude"":801.414747828784}]",0.7585936445289141,1110.3123734346968,0.01723558867178589,220.68270640614307,0,null,0,0,0,false
control,4,9,3,620682,24,1,-484.765408025727,false,0,false,-0.17183696516979133,Flight left the recovery corridor,"{""level"":0.4,""mass"":1.0249772481929473,""thrust"":0.9648022504031921,""servo"":0.8721900477096804,""wind"":1.1007241071881264,""deck"":0.9955778308544985,""noise"":0.004}",null,129.09999999999866,false,0,11999.254258970817,"[{""name"":""Launch"",""time"":2.25,""altitude"":4.018315194272171},{""name"":""Space"",""time"":81.59999999999866,""altitude"":808.6646403021689}]",0.6479244703039897,977.5093643647876,0.00023423934482989396,200.28108721379587,0,null,0,0,0,false
control,4,9,4,631073,25,1,-480.1156648912017,false,0,false,-0.14557543080141894,Flight left the recovery corridor,"{""level"":0,""mass"":1,""thrust"":1,""servo"":1,""wind"":1,""deck"":1,""noise"":0}",null,120.34999999999889,false,0,12043.655258256047,"[{""name"":""Launch"",""time"":2.000000000000001,""altitude"":4.128239172920027},{""name"":""Space"",""time"":75.34999999999889,""altitude"":800.2529774615062}]",0.7052044117780587,1046.2452941336705,0.0027928372804917477,203.3514047365901,0,null,0,0,0,false
control,4,9,5,641464,26,1,-482.5166441683514,false,0,false,-0.12675019963954456,Flight left the recovery corridor,"{""level"":0.4,""mass"":1.0000215748575443,""thrust"":0.9953700784806693,""servo"":1.0742618595996196,""wind"":1.0433899879407975,""deck"":1.0173419123779455,""noise"":0.004}",null,121.59999999999874,false,0,12075.109639884216,"[{""name"":""Launch"",""time"":1.900000000000001,""altitude"":4.164068295498934},{""name"":""Space"",""time"":78.34999999999874,""altitude"":813.8892646894427}]",0.7507571329420664,1100.9085595304796,0.012533789312649252,215.0405471751791,0,null,0,0,0,false
control,4,10,0,714133,24,1,-478.57179824153724,false,0,false,-0.4044464805393434,Flight left the recovery corridor,"{""level"":0,""mass"":1,""thrust"":1,""servo"":1,""wind"":1,""deck"":1,""noise"":0}",null,67.10000000000011,false,0,12102.502117904462,"[{""name"":""Launch"",""time"":1.3500000000000005,""altitude"":4.084273817364226},{""name"":""Space"",""time"":28.600000000000104,""altitude"":802.3250774507932}]",0.18153906009479986,417.84687211375984,1.408096249054863e-16,200.00000000000017,0,null,0,0,0,false
control,4,10,1,599900,25,1,-479.3395082965024,false,0,false,-0.5216779546663742,Flight left the recovery corridor,"{""level"":0.4,""mass"":1.0159092865474317,""thrust"":0.9720936932782933,""servo"":0.9635634618107671,""wind"":1.0428350290641748,""deck"":0.9733258060268977,""noise"":0.004}",null,68.95000000000012,false,0,12022.536805578347,"[{""name"":""Launch"",""time"":1.4500000000000006,""altitude"":4.222936523648205},{""name"":""Space"",""time"":29.95000000000012,""altitude"":803.6759423967284}]",0.17657771442589537,411.8932573110744,7.836947913475977e-17,200.00000000000009,0,null,0,0,0,false
control,4,10,2,610291,26,1,-477.8118728321835,false,0,false,-0.4875924659796435,Flight left the recovery corridor,"{""level"":0,""mass"":1,""thrust"":1,""servo"":1,""wind"":1,""deck"":1,""noise"":0}",null,64.8500000000001,false,0,12037.48870702729,"[{""name"":""Launch"",""time"":1.3500000000000005,""altitude"":4.273207029691671},{""name"":""Space"",""time"":27.850000000000094,""altitude"":810.19931601763}]",0.26204554780266825,514.4546573632019,4.885173759855029e-16,200.0000000000006,0,null,0,0,0,false
control,4,10,3,620682,24,1,-477.806081662384,false,0,false,-0.40662178655374576,Flight left the recovery corridor,"{""level"":0.4,""mass"":1.0249772481929473,""thrust"":0.9648022504031921,""servo"":0.8721900477096804,""wind"":1.1007241071881264,""deck"":0.9955778308544985,""noise"":0.004}",null,71.85000000000014,false,0,12060.813287625582,"[{""name"":""Launch"",""time"":1.5000000000000007,""altitude"":4.22617393448664},{""name"":""Space"",""time"":31.60000000000013,""altitude"":805.0661281691557}]",0.21734178813360638,460.81014576032766,5.470343996344155e-15,200.00000000000657,0,null,0,0,0,false
control,4,10,4,631073,25,1,-476.2289248499968,false,0,false,-0.4597564204860479,Flight left the recovery corridor,"{""level"":0,""mass"":1,""thrust"":1,""servo"":1,""wind"":1,""deck"":1,""noise"":0}",null,66.50000000000011,false,0,12061.49615107247,"[{""name"":""Launch"",""time"":1.3500000000000005,""altitude"":4.034951985437246},{""name"":""Space"",""time"":29.000000000000107,""altitude"":816.9924729867474}]",0.17755261757428775,413.0631410891453,7.962277033067095e-17,200.00000000000009,0,null,0,0,0,false
control,4,10,5,641464,26,1,-477.4003806815027,false,0,false,-0.4810307829699195,Flight left the recovery corridor,"{""level"":0.4,""mass"":1.0000215748575443,""thrust"":0.9953700784806693,""servo"":1.0742618595996196,""wind"":1.0433899879407975,""deck"":1.0173419123779455,""noise"":0.004}",null,64.5000000000001,false,0,12132.137678092275,"[{""name"":""Launch"",""time"":1.3500000000000005,""altitude"":4.2557570953880255},{""name"":""Space"",""time"":27.500000000000096,""altitude"":807.793140712727}]",0.24229140366077445,490.74968439292934,3.666255041923233e-17,200.00000000000006,0,null,0,0,0,false
control,4,11,0,714133,24,1,-477.92412132067386,false,0,false,-0.31467051720621825,Flight left the recovery corridor,"{""level"":0,""mass"":1,""thrust"":1,""servo"":1,""wind"":1,""deck"":1,""noise"":0}",null,57.00000000000002,false,0,12044.796675338792,"[{""name"":""Launch"",""time"":1.1500000000000004,""altitude"":4.160250339364916},{""name"":""Space"",""time"":20.25000000000002,""altitude"":813.4589839273514}]",0.1352956609216913,362.35479310602955,1.6878136707900564e-17,200.00000000000003,0,null,0,0,0,false
control,4,11,1,599900,25,1,-475.97011918570007,false,0,false,-0.23236419250388987,Flight left the recovery corridor,"{""level"":0.4,""mass"":1.0159092865474317,""thrust"":0.9720936932782933,""servo"":0.9635634618107671,""wind"":1.0428350290641748,""deck"":0.9733258060268977,""noise"":0.004}",null,59.400000000000034,false,0,12074.720229201414,"[{""name"":""Launch"",""time"":1.2000000000000004,""altitude"":4.093267421881549},{""name"":""Space"",""time"":21.40000000000003,""altitude"":817.5079642098442}]",0.13532904366647905,362.3948523997749,1.8290107012814425e-17,200.00000000000003,0,null,0,0,0,false
control,4,11,2,610291,26,1,-477.79065490486755,false,0,false,-0.30752059486146116,Flight left the recovery corridor,"{""level"":0,""mass"":1,""thrust"":1,""servo"":1,""wind"":1,""deck"":1,""noise"":0}",null,55.65000000000002,false,0,12022.100794984324,"[{""name"":""Launch"",""time"":1.1500000000000004,""altitude"":4.329985882429568},{""name"":""Space"",""time"":19.400000000000016,""altitude"":814.9440938403646}]",0.2076873301895489,449.2247962274587,2.190834630863525e-18,200,0,null,0,0,0,false
control,4,11,3,620682,24,1,-476.3487299386723,false,0,false,-0.3247916879347569,Flight left the recovery corridor,"{""level"":0.4,""mass"":1.0249772481929473,""thrust"":0.9648022504031921,""servo"":0.8721900477096804,""wind"":1.1007241071881264,""deck"":0.9955778308544985,""noise"":0.004}",null,60.45000000000003,false,0,12054.411991425495,"[{""name"":""Launch"",""time"":1.2500000000000004,""altitude"":4.1557829379626146},{""name"":""Space"",""time"":21.950000000000035,""altitude"":804.9465244351337}]",0.13533528327418512,362.4023399290221,1.8913610056397875e-17,200.00000000000003,0,null,0,0,0,false
control,4,11,4,631073,25,1,-477.7580697676605,false,0,false,-0.3098954083874254,Flight left the recovery corridor,"{""level"":0,""mass"":1,""thrust"":1,""servo"":1,""wind"":1,""deck"":1,""noise"":0}",null,57.00000000000002,false,0,12035.365530508854,"[{""name"":""Launch"",""time"":1.1500000000000004,""altitude"":4.123763944995687},{""name"":""Space"",""time"":20.25000000000002,""altitude"":808.4567671848267}]",0.1352956651414655,362.3547981697586,1.7023474388271728e-17,200.00000000000003,0,null,0,0,0,false
control,4,11,5,641464,26,1,-477.480648852006,false,0,false,-0.22823460318608685,Flight left the recovery corridor,"{""level"":0.4,""mass"":1.0000215748575443,""thrust"":0.9953700784806693,""servo"":1.0742618595996196,""wind"":1.0433899879407975,""deck"":1.0173419123779455,""noise"":0.004}",null,55.65000000000002,false,0,12061.516494165628,"[{""name"":""Launch"",""time"":1.1500000000000004,""altitude"":4.3369849938849185},{""name"":""Space"",""time"":19.650000000000016,""altitude"":820.1114243319846}]",0.20769056573114977,449.2286788773797,2.17823676372053e-18,200,0,null,0,0,0,false
conditional_periapsis,1,0,0,714133,24,1,-483.70353666020577,false,0,false,-0.04113986199197789,Flight left the recovery corridor,"{""level"":0,""mass"":1,""thrust"":1,""servo"":1,""wind"":1,""deck"":1,""noise"":0}",null,154.14999999999714,false,0,12008.601614937394,"[{""name"":""Launch"",""time"":1.7500000000000009,""altitude"":4.16126340092886},{""name"":""Space"",""time"":106.64999999999714,""altitude"":816.3334401808662}]",0.8138930675728293,1176.6716810873952,0.05182883947068014,262.1946073648162,0,227.0936899802382,1.899999999999892,0,0.9157490720559174,false
conditional_periapsis,1,0,1,553619,25,1,-484.1077956287261,false,0,false,-0.06333359644570644,Flight left the recovery corridor,"{""level"":0.4,""mass"":1.083884693447206,""thrust"":1.016267903124684,""servo"":1.2656766754682975,""wind"":0.8935277738499552,""deck"":1.0097203840138167,""noise"":0.004}",null,167.04999999999654,false,0,12070.75487988779,"[{""name"":""Launch"",""time"":1.950000000000001,""altitude"":4.181085905816465},{""name"":""Space"",""time"":119.29999999999656,""altitude"":816.4227098106346}]",0.7911404498030159,1149.368539763619,0.04009544904400348,248.11453885280417,0,null,0,0,0,false
conditional_periapsis,1,0,2,564010,26,1,-488.2668979968462,false,0,false,0.06405102908096022,Flight left the recovery corridor,"{""level"":0,""mass"":1,""thrust"":1,""servo"":1,""wind"":1,""deck"":1,""noise"":0}",null,167.5499999999965,false,0,12029.483302200044,"[{""name"":""Launch"",""time"":1.7000000000000008,""altitude"":4.099285333482667},{""name"":""Space"",""time"":119.7999999999965,""altitude"":806.1792474700214}]",0.7877951646482192,1145.354197577863,0.05413125480254511,264.95750576305414,0,235.88385042007576,2.0499999999998835,0,0.9170417427088347,false
conditional_periapsis,1,0,3,574401,24,1,-479.5997572086278,false,0,false,-0.0013219468369234243,Flight left the recovery corridor,"{""level"":0.4,""mass"":0.9880963761575715,""thrust"":0.9758886126282802,""servo"":1.0354448425912663,""wind"":1.0759237686473,""deck"":1.0029663443630197,""noise"":0.004}",null,155.64999999999714,false,0,12036.75734421915,"[{""name"":""Launch"",""time"":1.800000000000001,""altitude"":4.19070933548139},{""name"":""Space"",""time"":108.14999999999715,""altitude"":804.80165305304}]",0.8104482697836413,1172.5379237403695,0.046589908456971744,255.9078901483661,0,238.22034909041122,1.3999999999999204,0,0.9173853454544723,false
conditional_periapsis,1,0,4,584792,25,1,-480.9275728424748,false,0,false,-0.0664441172171605,Flight left the recovery corridor,"{""level"":0,""mass"":1,""thrust"":1,""servo"":1,""wind"":1,""deck"":1,""noise"":0}",null,153.8999999999972,false,0,12038.392134875676,"[{""name"":""Launch"",""time"":1.7500000000000009,""altitude"":4.174968038052775},{""name"":""Space"",""time"":106.1499999999972,""altitude"":802.1537914040715}]",0.797182590314116,1156.619108376939,0.046973469036135695,256.3681628433628,0,226.71947824060953,0.75,0,0.9156940409177367,false
conditional_periapsis,1,0,5,595183,26,1,-487.5004728738158,false,0,false,0.0435454461957369,Flight left the recovery corridor,"{""level"":0.4,""mass"":0.9232269751103548,""thrust"":1.0010613402122572,""servo"":0.9288705509315058,""wind"":0.8966846210417573,""deck"":0.9705989637064307,""noise"":0.004}",null,157.249999999997,false,0,12034.030138922517,"[{""name"":""Launch"",""time"":1.5000000000000007,""altitude"":4.068541736435927},{""name"":""Space"",""time"":110.24999999999699,""altitude"":802.7373496941386}]",0.7962060612511067,1155.447273501328,0.043915786472485195,252.69894376698224,0,227.09068802717866,1.3999999999999204,0,0.9157486305922321,false
conditional_periapsis,1,1,0,714133,24,1,-622.3974762120513,false,0,false,-0.3748455554819584,Returned before completing an orbit,"{""level"":0,""mass"":1,""thrust"":1,""servo"":1,""wind"":1,""deck"":1,""noise"":0}","{""error"":17605.314094708505,""speed"":18.251554994297983,""lateral"":61.790318862032706,""tilt"":0.3516694951821505}",181.65000000000705,false,0,66.45898424957865,"[{""name"":""Launch"",""time"":3.1999999999999966,""altitude"":4.046950394618765}]",0.17292281468381554,220.79917447049436,4.637524824263066e-15,13.291796849921296,0,null,0,0,0,false
conditional_periapsis,1,1,1,553619,25,1,-622.4681100326803,false,0,false,-0.39226142439281597,Returned before completing an orbit,"{""level"":0.4,""mass"":1.083884693447206,""thrust"":1.016267903124684,""servo"":1.2656766754682975,""wind"":0.8935277738499552,""deck"":1.0097203840138167,""noise"":0.004}","{""error"":15936.810487100733,""speed"":19.318567021374374,""lateral"":60.996954761181755,""tilt"":0.3449429439247071}",178.55000000000635,false,0,57.9571621378923,"[{""name"":""Launch"",""time"":5.4999999999999885,""altitude"":4.025919199544969}]",0.16597269277436846,210.75866375682062,1.9091533950026597e-15,11.59143242758075,0,null,0,0,0,false
conditional_periapsis,1,1,2,564010,26,1,-622.4636269417117,false,0,false,-0.3514128481589374,Returned before completing an orbit,"{""level"":0,""mass"":1,""thrust"":1,""servo"":1,""wind"":1,""deck"":1,""noise"":0}","{""error"":17444.547472299266,""speed"":19.079881056848826,""lateral"":66.35476023889304,""tilt"":0.42609903008545286}",177.70000000000616,false,0,61.50023492289756,"[{""name"":""Launch"",""time"":3.049999999999997,""altitude"":4.08878287812186}]",0.2461415279256606,304.15558135692095,5.219462218619065e-16,8.785747846128851,0,null,0,0,0,false
conditional_periapsis,1,1,3,574401,24,1,-623.1882998366349,false,0,false,-0.41517062028159923,Returned before completing an orbit,"{""level"":0.4,""mass"":0.9880963761575715,""thrust"":0.9758886126282802,""servo"":1.0354448425912663,""wind"":1.0759237686473,""deck"":1.0029663443630197,""noise"":0.004}","{""error"":17253.879951051258,""speed"":18.18407579611043,""lateral"":61.161598675096165,""tilt"":0.3454778780968245}",181.400000000007,false,0,67.10789483241682,"[{""name"":""Launch"",""time"":3.4999999999999956,""altitude"":4.008967375864282}]",0.17240140088534103,220.3032600288926,4.32936090519887e-15,13.421578966488559,0,null,0,0,0,false
conditional_periapsis,1,1,4,584792,25,1,-623.3517580212292,false,0,false,-0.40318704572156466,Returned before completing an orbit,"{""level"":0,""mass"":1,""thrust"":1,""servo"":1,""wind"":1,""deck"":1,""noise"":0}","{""error"":17540.717433338592,""speed"":18.604501646027106,""lateral"":60.75364005858762,""tilt"":0.33300567298984085}",182.10000000000716,false,0,64.04804427543255,"[{""name"":""Launch"",""time"":3.1999999999999966,""altitude"":4.017093979035675}]",0.17345657210161639,220.95749537702616,4.558935906741599e-15,12.809608855091982,0,null,0,0,0,false
conditional_periapsis,1,1,5,595183,26,1,-623.6612682218631,false,0,false,-0.34636102681940306,Returned before completing an orbit,"{""level"":0.4,""mass"":0.9232269751103548,""thrust"":1.0010613402122572,""servo"":0.9288705509315058,""wind"":0.8966846210417573,""deck"":0.9705989637064307,""noise"":0.004}","{""error"":19352.465290368447,""speed"":19.322187217076543,""lateral"":67.35060867581791,""tilt"":0.4118548212144058}",181.05000000000692,false,0,71.84737814493104,"[{""name"":""Launch"",""time"":2.25,""altitude"":4.004199224406058}]",0.2560825046541332,317.56291674852145,1.6298150454453627e-15,10.263911163563533,0,null,0,0,0,false
conditional_periapsis,1,2,0,714133,24,1,-605.3117813434673,false,0,false,-0.08889317210441823,Returned before completing an orbit,"{""level"":0,""mass"":1,""thrust"":1,""servo"":1,""wind"":1,""deck"":1,""noise"":0}","{""error"":813.8564754811888,""speed"":51.92175149245426,""lateral"":167.235641821899,""tilt"":1.811809517634797}",63.45,false,0,368.67002299862924,"[{""name"":""Launch"",""time"":3.949999999999994,""altitude"":4.092960931046305}]",0.17733965329108936,286.54158854903307,4.456756177849898e-16,73.73400459972639,0,null,0,0,0,false
conditional_periapsis,1,2,1,553619,25,1,-488.7374914372597,false,0,false,-0.9569075355570713,Flight left the recovery corridor,"{""level"":0.4,""mass"":1.083884693447206,""thrust"":1.016267903124684,""servo"":1.2656766754682975,""wind"":0.8935277738499552,""deck"":1.0097203840138167,""noise"":0.004}",null,132.3500000000003,false,0,12031.280041987036,"[{""name"":""Launch"",""time"":5.599999999999988,""altitude"":4.122497985431856},{""name"":""Space"",""time"":72.3500000000003,""altitude"":803.8154470904416}]",0.3521623050341218,622.5947660409462,1.6378238317836644e-10,200.00000019653885,0,null,0,0,0,false
conditional_periapsis,1,2,2,564010,26,1,-481.5346198985303,false,0,false,-0.5750509717791237,Flight left the recovery corridor,"{""level"":0,""mass"":1,""thrust"":1,""servo"":1,""wind"":1,""deck"":1,""noise"":0}",null,98.10000000000028,false,0,12006.475014022351,"[{""name"":""Launch"",""time"":3.349999999999996,""altitude"":4.014720114983454},{""name"":""Space"",""time"":60.60000000000028,""altitude"":803.2733633815335}]",0.23623233783819575,483.4788054058349,1.1702075188113646e-16,200.00000000000014,0,null,0,0,0,false
conditional_periapsis,1,2,3,574401,24,1,-605.700143037643,false,0,false,-0.13556950335084977,Returned before completing an orbit,"{""level"":0.4,""mass"":0.9880963761575715,""thrust"":0.9758886126282802,""servo"":1.0354448425912663,""wind"":1.0759237686473,""deck"":1.0029663443630197,""noise"":0.004}","{""error"":1441.4382974869625,""speed"":32.75421517379231,""lateral"":171.5308529889635,""tilt"":1.8469929172812383}",68.0999999999998,false,0,363.32853392963636,"[{""name"":""Launch"",""time"":4.3499999999999925,""altitude"":4.081454232177979}]",0.22676019784478507,344.7779441996694,3.573953818364366e-13,72.66570678635614,0,null,0,0,0,false
conditional_periapsis,1,2,4,584792,25,1,-482.39256692997446,false,0,false,-0.6446772699359665,Flight left the recovery corridor,"{""level"":0,""mass"":1,""thrust"":1,""servo"":1,""wind"":1,""deck"":1,""noise"":0}",null,97.3000000000003,false,0,12088.553063178062,"[{""name"":""Launch"",""time"":3.349999999999996,""altitude"":4.093731310050062},{""name"":""Space"",""time"":62.050000000000296,""altitude"":803.7368012286319}]",0.1681818745952694,401.81824951432327,1.3445235429627773e-15,200.00000000000162,0,null,0,0,0,false
conditional_periapsis,1,2,5,595183,26,1,-478.0855938486209,false,0,false,-0.47987572929849964,Flight left the recovery corridor,"{""level"":0.4,""mass"":0.9232269751103548,""thrust"":1.0010613402122572,""servo"":0.9288705509315058,""wind"":0.8966846210417573,""deck"":0.9705989637064307,""noise"":0.004}",null,88.40000000000023,false,0,12030.615554353717,"[{""name"":""Launch"",""time"":2.3999999999999995,""altitude"":4.011413490958676},{""name"":""Space"",""time"":39.40000000000023,""altitude"":807.9403578797517}]",0.23221787237343416,478.661446848121,1.0593626346943856e-16,200.0000000000001,0,null,0,0,0,false
conditional_periapsis,1,3,0,714133,24,1,-600.6057692530906,false,0,false,-0.017595933017757654,Returned before completing an orbit,"{""level"":0,""mass"":1,""thrust"":1,""servo"":1,""wind"":1,""deck"":1,""noise"":0}","{""error"":1191.06033754979,""speed"":32.1738259877,""lateral"":149.97500472038956,""tilt"":1.2826967359718842}",17.000000000000107,false,0,122.88273895130095,"[{""name"":""Launch"",""time"":1.2000000000000004,""altitude"":4.062028072924171}]",0.16385800074403464,221.20614868310176,1.1327050434897596e-15,24.57654779026155,0,null,0,0,0,false
conditional_periapsis,1,3,1,553619,25,1,-600.6672335524935,false,0,false,-0.025066961330896333,Returned before completing an orbit,"{""level"":0.4,""mass"":1.083884693447206,""thrust"":1.016267903124684,""servo"":1.2656766754682975,""wind"":0.8935277738499552,""deck"":1.0097203840138167,""noise"":0.004}","{""error"":1208.0697088021748,""speed"":24.899038198750713,""lateral"":142.51656247418936,""tilt"":1.1691821680289523}",17.750000000000117,false,0,109.28718846864413,"[{""name"":""Launch"",""time"":1.3000000000000005,""altitude"":4.2908302997320895}]",0.16267590160743367,217.06851962264923,9.323403302038746e-16,21.857437693729945,0,null,0,0,0,false
conditional_periapsis,1,3,2,564010,26,1,-600.7240489667028,false,0,false,-0.010160758598909565,Returned before completing an orbit,"{""level"":0,""mass"":1,""thrust"":1,""servo"":1,""wind"":1,""deck"":1,""noise"":0}","{""error"":1134.6631076957933,""speed"":33.98730164708193,""lateral"":149.18394411544855,""tilt"":1.3437708800112527}",16.200000000000095,false,0,120.24409163422422,"[{""name"":""Launch"",""time"":1.2000000000000004,""altitude"":4.217175600880877}]",0.2333026903439001,297.14095578899787,1.3078994957022058e-16,17.1777273763179,0,null,0,0,0,false
conditional_periapsis,1,3,3,574401,24,1,-600.680754026382,false,0,false,-0.01589143922155295,Returned before completing an orbit,"{""level"":0.4,""mass"":0.9880963761575715,""thrust"":0.9758886126282802,""servo"":1.0354448425912663,""wind"":1.0759237686473,""deck"":1.0029663443630197,""noise"":0.004}","{""error"":1194.2610222775384,""speed"":30.130584800015413,""lateral"":148.75621206768827,""tilt"":1.2393465769819834}",17.100000000000108,false,0,121.2078008617726,"[{""name"":""Launch"",""time"":1.2500000000000004,""altitude"":4.3414119661322985}]",0.16355298084874886,220.50513719085316,1.0456093482469747e-15,24.241560172355776,0,null,0,0,0,false
conditional_periapsis,1,3,4,584792,25,1,-600.7687815164263,false,0,false,-0.019808829146831155,Returned before completing an orbit,"{""level"":0,""mass"":1,""thrust"":1,""servo"":1,""wind"":1,""deck"":1,""noise"":0}","{""error"":1186.7109897684124,""speed"":32.49112957084562,""lateral"":149.68237825130043,""tilt"":1.2823343585356002}",17.000000000000107,false,0,124.73078966482854,"[{""name"":""Launch"",""time"":1.2000000000000004,""altitude"":4.092323264245863}]",0.1647104153809861,222.59865639014905,1.1200380693378097e-15,24.94615793296705,0,null,0,0,0,false
conditional_periapsis,1,3,5,595183,26,1,-600.7283394420843,false,0,false,-0.017303128752679628,Returned before completing an orbit,"{""level"":0.4,""mass"":0.9232269751103548,""thrust"":1.0010613402122572,""servo"":0.9288705509315058,""wind"":0.8966846210417573,""deck"":0.9705989637064307,""noise"":0.004}","{""error"":1150.3881989942106,""speed"":41.33400862341459,""lateral"":156.66406702826654,""tilt"":1.4346243933546219}",15.650000000000087,false,0,133.2112954721589,"[{""name"":""Launch"",""time"":1.1000000000000003,""altitude"":4.065454416620657}]",0.23691419973246153,303.3272247464051,1.920327267740799e-16,19.0301850674515,0,null,0,0,0,false
conditional_periapsis,1,4,0,714133,24,1,-588.9050766870417,false,0,false,-3.158712164190697,Flight left the recovery corridor,"{""level"":0,""mass"":1,""thrust"":1,""servo"":1,""wind"":1,""deck"":1,""noise"":0}",null,565.0000000000339,false,0,0,[],0.13969814264511732,167.6377711741408,5.9110163352203e-17,7.09321960226436e-14,0,null,0,0,0,false
conditional_periapsis,1,4,1,553619,25,1,-588.901657592254,false,0,false,-3.223473548213586,Flight left the recovery corridor,"{""level"":0.4,""mass"":1.083884693447206,""thrust"":1.016267903124684,""servo"":1.2656766754682975,""wind"":0.8935277738499552,""deck"":1.0097203840138167,""noise"":0.004}",null,568.1000000000311,false,0,0,[],0.13957656534172447,167.49187841006938,5.807812058791839e-17,6.969374470550207e-14,0,null,0,0,0,false
conditional_periapsis,1,4,2,564010,26,1,-594.0450442316331,false,0,false,-3.113948286471598,Flight left the recovery corridor,"{""level"":0,""mass"":1,""thrust"":1,""servo"":1,""wind"":1,""deck"":1,""noise"":0}",null,588.5000000000125,false,0,0,[],0.2123909465920601,254.86913591047212,7.865189925092602e-18,9.438227910111123e-15,0,null,0,0,0,false
conditional_periapsis,1,4,3,574401,24,1,-589.8408123341804,false,0,false,-3.165159625882647,Flight left the recovery corridor,"{""level"":0.4,""mass"":0.9880963761575715,""thrust"":0.9758886126282802,""servo"":1.0354448425912663,""wind"":1.0759237686473,""deck"":1.0029663443630197,""noise"":0.004}",null,568.0000000000312,false,0,0,[],0.139735654747848,167.6827856974176,5.946270815791717e-17,7.13552497895006e-14,0,null,0,0,0,false
conditional_periapsis,1,4,4,584792,25,1,-588.867523406463,false,0,false,-3.1625812632711336,Flight left the recovery corridor,"{""level"":0,""mass"":1,""thrust"":1,""servo"":1,""wind"":1,""deck"":1,""noise"":0}",null,568.3000000000309,false,0,0,[],0.1398531553439315,167.8237864127178,6.030693453748958e-17,7.236832144498749e-14,0,null,0,0,0,false
conditional_periapsis,1,4,5,595183,26,1,-593.0680182938357,false,0,false,-3.0237708054422323,Flight left the recovery corridor,"{""level"":0.4,""mass"":0.9232269751103548,""thrust"":1.0010613402122572,""servo"":0.9288705509315058,""wind"":0.8966846210417573,""deck"":0.9705989637064307,""noise"":0.004}",null,586.900000000014,false,0,0,[],0.2126211181391613,255.14534176699354,8.102516789665301e-18,9.723020147598361e-15,0,null,0,0,0,false
conditional_periapsis,1,5,0,714133,24,1,-482.5846826658043,false,0,false,-0.05512410477857318,Flight left the recovery corridor,"{""level"":0,""mass"":1,""thrust"":1,""servo"":1,""wind"":1,""deck"":1,""noise"":0}",null,124.94999999999933,false,0,12022.988123844874,"[{""name"":""Launch"",""time"":1.800000000000001,""altitude"":4.073405533584822},{""name"":""Space"",""time"":72.94999999999933,""altitude"":809.792467686482}]",0.5726561978853197,887.1874374623837,1.2935230856648125e-05,200.01552227702797,0,null,0,0,0,false
conditional_periapsis,1,5,1,553619,25,1,-484.3683207014888,false,0,false,-0.20276342177468623,Flight left the recovery corridor,"{""level"":0.4,""mass"":1.083884693447206,""thrust"":1.016267903124684,""servo"":1.2656766754682975,""wind"":0.8935277738499552,""deck"":1.0097203840138167,""noise"":0.004}",null,130.99999999999898,false,0,12015.303796949995,"[{""name"":""Launch"",""time"":2.000000000000001,""altitude"":4.112007843492744},{""name"":""Space"",""time"":78.74999999999898,""altitude"":804.62647240331}]",0.5091279491858044,810.9535390229653,1.1626794444384646e-06,200.00139521533333,0,null,0,0,0,false
conditional_periapsis,1,5,2,564010,26,1,-482.6430723773172,false,0,false,-0.09850316938369008,Flight left the recovery corridor,"{""level"":0,""mass"":1,""thrust"":1,""servo"":1,""wind"":1,""deck"":1,""noise"":0}",null,122.54999999999936,false,0,12056.340346150464,"[{""name"":""Launch"",""time"":1.7500000000000009,""altitude"":4.14450372654729},{""name"":""Space"",""time"":71.04999999999936,""altitude"":813.1528888257307}]",0.5902257078820028,908.2708494584034,7.076983327552231e-06,200.00849237999307,0,null,0,0,0,false
conditional_periapsis,1,5,3,574401,24,1,-480.6753751308896,false,0,false,-0.05981784349767586,Flight left the recovery corridor,"{""level"":0.4,""mass"":0.9880963761575715,""thrust"":0.9758886126282802,""servo"":1.0354448425912663,""wind"":1.0759237686473,""deck"":1.0029663443630197,""noise"":0.004}",null,125.74999999999929,false,0,12075.454009695799,"[{""name"":""Launch"",""time"":1.850000000000001,""altitude"":4.097176312696183},{""name"":""Space"",""time"":73.49999999999929,""altitude"":802.3931413708359}]",0.5465325801008706,855.8390961210447,5.3584645547420114e-06,200.0064301574657,0,null,0,0,0,false
conditional_periapsis,1,5,4,584792,25,1,-481.44480870242603,false,0,false,-0.1342760469650256,Flight left the recovery corridor,"{""level"":0,""mass"":1,""thrust"":1,""servo"":1,""wind"":1,""deck"":1,""noise"":0}",null,123.99999999999935,false,0,11994.581034091803,"[{""name"":""Launch"",""time"":1.7500000000000009,""altitude"":4.027465750860742},{""name"":""Space"",""time"":72.24999999999935,""altitude"":809.8497108401522}]",0.5457120288824158,854.8544346588989,4.202980867521586e-06,200.00504357704102,0,null,0,0,0,false
conditional_periapsis,1,5,5,595183,26,1,-483.32307743448484,false,0,false,-0.1070891158914815,Flight left the recovery corridor,"{""level"":0.4,""mass"":0.9232269751103548,""thrust"":1.0010613402122572,""servo"":0.9288705509315058,""wind"":0.8966846210417573,""deck"":0.9705989637064307,""noise"":0.004}",null,114.89999999999972,false,0,12081.184363304626,"[{""name"":""Launch"",""time"":1.5500000000000007,""altitude"":4.070123963025159},{""name"":""Space"",""time"":64.39999999999972,""altitude"":812.6016701325983}]",0.6124265816126795,934.9118979352154,2.1360696504966443e-05,200.02563283580596,0,null,0,0,0,false
conditional_periapsis,1,6,0,714133,24,1,-601.7551304030108,false,0,false,-22.342663435473742,Orbital mission timed out,"{""level"":0,""mass"":1,""thrust"":1,""servo"":1,""wind"":1,""deck"":1,""noise"":0}",null,650.0499999999565,false,0,1.4311915546387546,[],0.13627396709058692,163.81499881963205,3.4489061466808507e-17,0.28623831092779234,0,null,0,0,0,false
conditional_periapsis,1,6,1,553619,25,1,-601.7648171692281,false,0,false,-22.392916252275455,Orbital mission timed out,"{""level"":0.4,""mass"":1.083884693447206,""thrust"":1.016267903124684,""servo"":1.2656766754682975,""wind"":0.8935277738499552,""deck"":1.0097203840138167,""noise"":0.004}",null,650.0499999999565,false,0,0.8875849732666907,[],0.13613929598930585,163.54467218182035,3.396177575525629e-17,0.1775169946533789,0,null,0,0,0,false
conditional_periapsis,1,6,2,564010,26,1,-601.343706397981,false,0,false,-22.28110061007132,Orbital mission timed out,"{""level"":0,""mass"":1,""thrust"":1,""servo"":1,""wind"":1,""deck"":1,""noise"":0}",null,650.0499999999565,false,0,1.479920365394399,[],0.2088357512588119,250.81431870563063,4.839798691322295e-18,0.2114171950563485,0,null,0,0,0,false
conditional_periapsis,1,6,3,574401,24,1,-601.5638033463063,false,0,false,-22.319837985180303,Orbital mission timed out,"{""level"":0.4,""mass"":0.9880963761575715,""thrust"":0.9758886126282802,""servo"":1.0354448425912663,""wind"":1.0759237686473,""deck"":1.0029663443630197,""noise"":0.004}",null,650.0499999999565,false,0,1.2557662617046184,[],0.1361930002488267,163.68275355093294,3.451314115992206e-17,0.2511532523409651,0,null,0,0,0,false
conditional_periapsis,1,6,4,584792,25,1,-601.9182664727082,false,0,false,-22.28342233311843,Orbital mission timed out,"{""level"":0,""mass"":1,""thrust"":1,""servo"":1,""wind"":1,""deck"":1,""noise"":0}",null,650.0499999999565,false,0,1.2904235555403076,[],0.13625667711239942,163.76609724598737,3.466974965539998e-17,0.2580847111081031,0,null,0,0,0,false
conditional_periapsis,1,6,5,595183,26,1,-602.1538043709585,false,0,false,-22.366694736794983,Orbital mission timed out,"{""level"":0.4,""mass"":0.9232269751103548,""thrust"":1.0010613402122572,""servo"":0.9288705509315058,""wind"":0.8966846210417573,""deck"":0.9705989637064307,""noise"":0.004}",null,650.0499999999565,false,0,3.3002414168188032,[],0.20928893194734077,251.6181813963545,4.9514505136391505e-18,0.4714630595455493,0,null,0,0,0,false
conditional_periapsis,1,7,0,714133,24,1,-602.3717280679658,false,0,false,-1.0256527015438113,Orbital mission timed out,"{""level"":0,""mass"":1,""thrust"":1,""servo"":1,""wind"":1,""deck"":1,""noise"":0}",null,650.0499999999565,false,0,0,[],0.14034088337499093,168.4090600499891,6.481566151745638e-17,7.777879382094766e-14,0,null,0,0,0,false
conditional_periapsis,1,7,1,553619,25,1,-601.5459382180476,false,0,false,-0.9964402608924479,Orbital mission timed out,"{""level"":0.4,""mass"":1.083884693447206,""thrust"":1.016267903124684,""servo"":1.2656766754682975,""wind"":0.8935277738499552,""deck"":1.0097203840138167,""noise"":0.004}",null,650.0499999999565,false,0,0.0010465437225057883,[],0.14004707526774632,168.05669963004007,6.195686296598196e-17,0.00020930874457550592,0,null,0,0,0,false
conditional_periapsis,1,7,2,564010,26,1,-600.4663855950894,false,0,false,-0.9700063594242214,Orbital mission timed out,"{""level"":0,""mass"":1,""thrust"":1,""servo"":1,""wind"":1,""deck"":1,""noise"":0}",null,650.0499999999565,false,0,0,[],0.21305431523387042,255.6651782806445,8.590128510227666e-18,1.0308154212273199e-14,0,null,0,0,0,false
conditional_periapsis,1,7,3,574401,24,1,-602.3984607421676,false,0,false,-1.0105119088070411,Orbital mission timed out,"{""level"":0.4,""mass"":0.9880963761575715,""thrust"":0.9758886126282802,""servo"":1.0354448425912663,""wind"":1.0759237686473,""deck"":1.0029663443630197,""noise"":0.004}",null,650.0499999999565,false,0,0,[],0.14027080300661526,168.32496360793832,6.420774350195155e-17,7.704929220234186e-14,0,null,0,0,0,false
conditional_periapsis,1,7,4,584792,25,1,-601.4045307151245,false,0,false,-1.0405492840727573,Orbital mission timed out,"{""level"":0,""mass"":1,""thrust"":1,""servo"":1,""wind"":1,""deck"":1,""noise"":0}",null,650.0499999999565,false,0,0.002075834265351517,[],0.14051359641392452,168.61673086356248,6.642111578086484e-17,0.00041516685315000877,0,null,0,0,0,false
conditional_periapsis,1,7,5,595183,26,1,-600.480275788883,false,0,false,-0.966543891005948,Orbital mission timed out,"{""level"":0.4,""mass"":0.9232269751103548,""thrust"":1.0010613402122572,""servo"":0.9288705509315058,""wind"":0.8966846210417573,""deck"":0.9705989637064307,""noise"":0.004}",null,650.0499999999565,false,0,0.02960120121132981,[],0.21348135783038136,256.1818581394878,9.078984497280793e-18,0.004228743030200868,0,null,0,0,0,false
conditional_periapsis,1,8,0,714133,24,1,-474.6846339119634,false,0,false,-0.25662671464690495,Flight left the recovery corridor,"{""level"":0,""mass"":1,""thrust"":1,""servo"":1,""wind"":1,""deck"":1,""noise"":0}",null,45.79999999999998,false,0,12096.973876877528,"[{""name"":""Launch"",""time"":1.0500000000000003,""altitude"":4.093428822980959},{""name"":""Space"",""time"":14.549999999999983,""altitude"":816.5201566020535}]",0.1352934863370718,362.3521836044862,1.3126520640015579e-17,200.00000000000003,0,null,0,0,0,false
conditional_periapsis,1,8,1,553619,25,1,-476.6103874789116,false,0,false,-0.20672681843410168,Flight left the recovery corridor,"{""level"":0.4,""mass"":1.083884693447206,""thrust"":1.016267903124684,""servo"":1.2656766754682975,""wind"":0.8935277738499552,""deck"":1.0097203840138167,""noise"":0.004}",null,48.04999999999999,false,0,12084.79704728965,"[{""name"":""Launch"",""time"":1.1000000000000003,""altitude"":4.407586490387567},{""name"":""Space"",""time"":15.54999999999999,""altitude"":825.9226234830129}]",0.1352084508029807,362.2501409635768,1.419153963410283e-17,200.00000000000003,0,null,0,0,0,false
conditional_periapsis,1,8,2,564010,26,1,-475.9805875856169,false,0,false,-0.19147592616140485,Flight left the recovery corridor,"{""level"":0,""mass"":1,""thrust"":1,""servo"":1,""wind"":1,""deck"":1,""noise"":0}",null,45.09999999999998,false,0,12153.078785359161,"[{""name"":""Launch"",""time"":1.0500000000000003,""altitude"":4.172928598387724},{""name"":""Space"",""time"":14.09999999999998,""altitude"":801.494224270482}]",0.20768398956272957,449.2207874752755,1.7352482051596664e-18,200,0,null,0,0,0,false
conditional_periapsis,1,8,3,574401,24,1,-476.4522765725982,false,0,false,-0.2604441616456945,Flight left the recovery corridor,"{""level"":0.4,""mass"":0.9880963761575715,""thrust"":0.9758886126282802,""servo"":1.0354448425912663,""wind"":1.0759237686473,""deck"":1.0029663443630197,""noise"":0.004}",null,46.399999999999984,false,0,12139.900608839194,"[{""name"":""Launch"",""time"":1.0500000000000003,""altitude"":4.062296128669258},{""name"":""Space"",""time"":14.649999999999984,""altitude"":806.2373909070941}]",0.13528316516497965,362.3397981979756,1.3335647235268299e-17,200.00000000000003,0,null,0,0,0,false
conditional_periapsis,1,8,4,584792,25,1,-474.5524875623673,false,0,false,-0.2779848345379414,Flight left the recovery corridor,"{""level"":0,""mass"":1,""thrust"":1,""servo"":1,""wind"":1,""deck"":1,""noise"":0}",null,45.79999999999998,false,0,12097.261909397268,"[{""name"":""Launch"",""time"":1.0500000000000003,""altitude"":4.102074044851038},{""name"":""Space"",""time"":14.549999999999983,""altitude"":812.4824332984952}]",0.1352934895440284,362.3521874528341,1.3144700749729308e-17,200.00000000000003,0,null,0,0,0,false
conditional_periapsis,1,8,5,595183,26,1,-475.814444838223,false,0,false,-0.273055029247612,Flight left the recovery corridor,"{""level"":0.4,""mass"":0.9232269751103548,""thrust"":1.0010613402122572,""servo"":0.9288705509315058,""wind"":0.8966846210417573,""deck"":0.9705989637064307,""noise"":0.004}",null,42.54999999999998,false,0,12050.472940573518,"[{""name"":""Launch"",""time"":1.0000000000000002,""altitude"":4.175384149118489},{""name"":""Space"",""time"":13.299999999999981,""altitude"":822.5960109891998}]",0.20767896568430877,449.21475882117056,1.5484678670808464e-18,200,0,null,0,0,0,false
conditional_periapsis,1,9,0,714133,24,1,-601.0224408310063,false,0,false,-0.036277983021167796,Returned before completing an orbit,"{""level"":0,""mass"":1,""thrust"":1,""servo"":1,""wind"":1,""deck"":1,""noise"":0}","{""error"":2240.897885137733,""speed"":41.661112724417585,""lateral"":185.35467169254153,""tilt"":1.310135943994468}",24.35000000000021,false,0,249.50387850359755,"[{""name"":""Launch"",""time"":1.2000000000000004,""altitude"":4.228112161981828}]",0.27969988018835906,385.5406319267504,5.31571776667526e-12,49.90077570709837,0,null,0,0,0,false
conditional_periapsis,1,9,1,553619,25,1,-601.0864487145983,false,0,false,-0.035110716080287756,Returned before completing an orbit,"{""level"":0.4,""mass"":1.083884693447206,""thrust"":1.016267903124684,""servo"":1.2656766754682975,""wind"":0.8935277738499552,""deck"":1.0097203840138167,""noise"":0.004}","{""error"":2185.4309854377593,""speed"":31.695211859516387,""lateral"":173.1419313021288,""tilt"":1.1652123535733419}",25.10000000000022,false,0,220.89405938498018,"[{""name"":""Launch"",""time"":1.2500000000000004,""altitude"":4.3304705742598095}]",0.23834938068756842,330.1980687020781,4.315640133739781e-13,44.178811877513915,0,null,0,0,0,false
conditional_periapsis,1,9,2,564010,26,1,-601.0809960922134,false,0,false,-0.02590259299126064,Returned before completing an orbit,"{""level"":0,""mass"":1,""thrust"":1,""servo"":1,""wind"":1,""deck"":1,""noise"":0}","{""error"":2133.253181488386,""speed"":43.33150674928044,""lateral"":184.0549110380242,""tilt"":1.3426312123626398}",23.200000000000195,false,0,241.84868301116137,"[{""name"":""Launch"",""time"":1.1500000000000004,""altitude"":4.014008428998844}]",0.3099750186514518,406.51983424047944,2.234670586084388e-13,34.5498118590055,0,null,0,0,0,false
conditional_periapsis,1,9,3,574401,24,1,-600.973694299111,false,0,false,-0.03356618877463436,Returned before completing an orbit,"{""level"":0.4,""mass"":0.9880963761575715,""thrust"":0.9758886126282802,""servo"":1.0354448425912663,""wind"":1.0759237686473,""deck"":1.0029663443630197,""noise"":0.004}","{""error"":2229.7777256775144,""speed"":39.618313556723244,""lateral"":183.04866217300616,""tilt"":1.2877105464383272}",24.500000000000213,false,0,241.36715999994541,"[{""name"":""Launch"",""time"":1.2000000000000004,""altitude"":4.204613352101013}]",0.26917679795504584,371.2855895460441,3.0459601886935297e-12,48.27343200364423,0,null,0,0,0,false
conditional_periapsis,1,9,4,584792,25,1,-601.0068005568138,false,0,false,-0.03919780261601405,Returned before completing an orbit,"{""level"":0,""mass"":1,""thrust"":1,""servo"":1,""wind"":1,""deck"":1,""noise"":0}","{""error"":2233.182450946768,""speed"":39.50984585939152,""lateral"":184.10887728818037,""tilt"":1.2852854137558452}",24.35000000000021,false,0,243.43797011264118,"[{""name"":""Launch"",""time"":1.2000000000000004,""altitude"":4.257989456726671}]",0.27600222828666876,379.89026796653076,4.6526234703873634e-12,48.687594028111384,0,null,0,0,0,false
conditional_periapsis,1,9,5,595183,26,1,-601.817043013575,false,0,false,-0.13825752514631937,Returned before completing an orbit,"{""level"":0.4,""mass"":0.9232269751103548,""thrust"":1.0010613402122572,""servo"":0.9288705509315058,""wind"":0.8966846210417573,""deck"":0.9705989637064307,""noise"":0.004}","{""error"":3984.9576903867005,""speed"":57.03442760653379,""lateral"":214.83751507226773,""tilt"":1.6736275821043587}",29.25000000000012,false,0,287.7467286388147,"[{""name"":""Launch"",""time"":1.1000000000000003,""altitude"":4.149368138526171}]",0.7184634018877697,903.2627577851543,0.003850498447314346,45.72727365660789,0,null,0,0,0,false
conditional_periapsis,1,10,0,714133,24,1,-619.7352180118764,false,0,false,-0.23432569306241216,Returned before completing an orbit,"{""level"":0,""mass"":1,""thrust"":1,""servo"":1,""wind"":1,""deck"":1,""noise"":0}","{""error"":1145.220236272054,""speed"":32.6804279615765,""lateral"":83.19642707707106,""tilt"":0.3716738741418411}",207.20000000001286,false,0,126.89189370320068,"[{""name"":""Launch"",""time"":109.14999999999594,""altitude"":4.014379176651794}]",0.2060827766409402,272.6777107097684,2.111102236902007e-13,25.378378740893467,0,null,0,0,0,false
conditional_periapsis,1,10,1,553619,25,1,-624.615864442719,false,0,false,-0.29706513603347773,Returned before completing an orbit,"{""level"":0.4,""mass"":1.083884693447206,""thrust"":1.016267903124684,""servo"":1.2656766754682975,""wind"":0.8935277738499552,""deck"":1.0097203840138167,""noise"":0.004}","{""error"":7062.489000767514,""speed"":30.7123483899663,""lateral"":102.54527945332374,""tilt"":0.5694577868446585}",208.45000000001315,false,0,138.32956643446866,"[{""name"":""Launch"",""time"":145.19999999999877,""altitude"":4.0067267817221115}]",0.20478000888533057,273.40192394929045,9.037079469515316e-14,27.66591328700218,0,null,0,0,0,false
conditional_periapsis,1,10,2,564010,26,1,-613.7053252848856,false,0,false,-0.17942502810428523,Returned before completing an orbit,"{""level"":0,""mass"":1,""thrust"":1,""servo"":1,""wind"":1,""deck"":1,""noise"":0}","{""error"":224.31185090109372,""speed"":29.628617782101035,""lateral"":91.48278537297647,""tilt"":0.20234173911274828}",202.60000000001182,false,0,121.55270433115732,"[{""name"":""Launch"",""time"":102.19999999999634,""altitude"":4.012599286548104}]",0.27321393377448877,345.2213925766947,1.987805039252639e-14,17.364672047332043,0,null,0,0,0,false
conditional_periapsis,1,10,3,574401,24,1,-620.1403555479687,false,0,false,-0.2356672593546765,Returned before completing an orbit,"{""level"":0.4,""mass"":0.9880963761575715,""thrust"":0.9758886126282802,""servo"":1.0354448425912663,""wind"":1.0759237686473,""deck"":1.0029663443630197,""noise"":0.004}","{""error"":1495.1406767882195,""speed"":32.447809905842796,""lateral"":81.27892956744188,""tilt"":0.3719676974882842}",206.9500000000128,false,0,126.91249468478671,"[{""name"":""Launch"",""time"":112.44999999999575,""altitude"":4.014123902760424}]",0.20496386401250152,271.33913575195913,1.9204414024776606e-13,25.382498937187798,0,null,0,0,0,false
conditional_periapsis,1,10,4,584792,25,1,-621.9183722098505,false,0,false,-0.24551956593038557,Returned before completing an orbit,"{""level"":0,""mass"":1,""thrust"":1,""servo"":1,""wind"":1,""deck"":1,""noise"":0}","{""error"":1958.9022622510063,""speed"":33.63020574275233,""lateral"":79.94245534154868,""tilt"":0.33495127454304857}",207.850000000013,false,0,132.18383179639468,"[{""name"":""Launch"",""time"":114.24999999999565,""altitude"":4.006066588956708}]",0.20925657784783863,277.5446597766853,2.3083516438541794e-13,26.436766359555936,0,null,0,0,0,false
conditional_periapsis,1,10,5,595183,26,1,-610.40327290247,false,0,false,-0.10094220999699327,Returned before completing an orbit,"{""level"":0.4,""mass"":0.9232269751103548,""thrust"":1.0010613402122572,""servo"":0.9288705509315058,""wind"":0.8966846210417573,""deck"":0.9705989637064307,""noise"":0.004}","{""error"":6625.857295497403,""speed"":31.54941761812784,""lateral"":96.7717485867305,""tilt"":0.1648710188506157}",208.80000000001323,false,0,165.22297766215323,"[{""name"":""Launch"",""time"":74.39999999999792,""altitude"":4.038624896626697}]",0.3329358787373692,423.1263370080078,5.1160539687880716e-12,23.603282529304007,0,null,0,0,0,false
conditional_periapsis,1,11,0,714133,24,1,-490.2413431944121,false,0,false,0.04120771498498845,Flight left the recovery corridor,"{""level"":0,""mass"":1,""thrust"":1,""servo"":1,""wind"":1,""deck"":1,""noise"":0}",null,188.49999999999764,false,0,11996.480279242704,"[{""name"":""Launch"",""time"":1.7500000000000009,""altitude"":4.034832071673229},{""name"":""Space"",""time"":112.99999999999764,""altitude"":803.7285825731223}]",0.6869493601472038,1024.3392321766446,0.001670948152226547,202.00513778267185,0,null,0,0,0,false
conditional_periapsis,1,11,1,553619,25,1,-491.49989316418197,false,0,false,0.05076475978073519,Flight left the recovery corridor,"{""level"":0.4,""mass"":1.083884693447206,""thrust"":1.016267903124684,""servo"":1.2656766754682975,""wind"":0.8935277738499552,""deck"":1.0097203840138167,""noise"":0.004}",null,206.64999999999688,false,0,12039.539405499212,"[{""name"":""Launch"",""time"":1.950000000000001,""altitude"":4.159520834810335},{""name"":""Space"",""time"":129.14999999999688,""altitude"":802.5540979773539}]",0.6652670103071892,998.320412368627,0.0005860475603850047,200.703257072462,0,null,0,0,0,false
conditional_periapsis,1,11,2,564010,26,1,-494.4242025051964,false,0,false,0.1136748375427689,Flight left the recovery corridor,"{""level"":0,""mass"":1,""thrust"":1,""servo"":1,""wind"":1,""deck"":1,""noise"":0}",null,197.9499999999972,false,0,12027.556512792678,"[{""name"":""Launch"",""time"":1.7000000000000008,""altitude"":4.096164937670309},{""name"":""Space"",""time"":121.4499999999972,""altitude"":800.4302671398232}]",0.7052550802333634,1046.306096280036,0.0019998245173054063,202.3997894207665,0,null,0,0,0,false
conditional_periapsis,1,11,3,574401,24,1,-491.01955452041,false,0,false,0.040298502227253306,Flight left the recovery corridor,"{""level"":0.4,""mass"":0.9880963761575715,""thrust"":0.9758886126282802,""servo"":1.0354448425912663,""wind"":1.0759237686473,""deck"":1.0029663443630197,""noise"":0.004}",null,195.3999999999973,false,0,11997.582629402601,"[{""name"":""Launch"",""time"":1.800000000000001,""altitude"":4.138692637816293},{""name"":""Space"",""time"":118.89999999999732,""altitude"":803.3979195337777}]",0.6809001467800446,1017.0801761360535,0.00090751828375201,201.08902194050242,0,null,0,0,0,false
conditional_periapsis,1,11,4,584792,25,1,-493.33224770335926,false,0,false,0.06305338257629138,Flight left the recovery corridor,"{""level"":0,""mass"":1,""thrust"":1,""servo"":1,""wind"":1,""deck"":1,""noise"":0}",null,192.49999999999744,false,0,12009.30495448474,"[{""name"":""Launch"",""time"":1.7500000000000009,""altitude"":4.1251598317897376},{""name"":""Space"",""time"":116.49999999999746,""altitude"":804.5075614848453}]",0.6955550354070306,1034.6660424884367,0.0012978067636246601,201.55736811634958,0,null,0,0,0,false
conditional_periapsis,1,11,5,595183,26,1,-493.5203390381176,false,0,false,0.13188059218986503,Flight left the recovery corridor,"{""level"":0.4,""mass"":0.9232269751103548,""thrust"":1.0010613402122572,""servo"":0.9288705509315058,""wind"":0.8966846210417573,""deck"":0.9705989637064307,""noise"":0.004}",null,187.84999999999758,false,0,12000.49530074709,"[{""name"":""Launch"",""time"":1.5500000000000007,""altitude"":4.210980488453092},{""name"":""Space"",""time"":112.59999999999756,""altitude"":801.1934093278625}]",0.7510513578194496,1101.2616293833396,0.022936556489405693,227.52386778728683,0,null,0,0,0,false
conditional_periapsis,2,0,0,714133,25,1,-478.3946845577968,false,0,false,-0.27260747383997835,Flight left the recovery corridor,"{""level"":0,""mass"":1,""thrust"":1,""servo"":1,""wind"":1,""deck"":1,""noise"":0}",null,74.4500000000001,false,0,12113.334196905558,"[{""name"":""Launch"",""time"":1.3000000000000005,""altitude"":4.0752288107383965},{""name"":""Space"",""time"":31.200000000000095,""altitude"":800.9088963785376}]",0.1621436794898794,394.57241538785524,3.160016994729075e-17,200.00000000000003,0,null,0,0,0,false
conditional_periapsis,2,0,1,569046,26,1,-478.7660482736545,false,0,false,-0.2636710878561464,Flight left the recovery corridor,"{""level"":0.4,""mass"":1.0078205084017242,""thrust"":1.0229867276800537,""servo"":1.1170466611096472,""wind"":0.8347192984911334,""deck"":0.9298693114481018,""noise"":0.004}",null,70.45000000000007,false,0,12002.553122578933,"[{""name"":""Launch"",""time"":1.2500000000000004,""altitude"":4.24063625488224},{""name"":""Space"",""time"":28.950000000000077,""altitude"":816.0746020479097}]",0.2159166206966959,459.0999448360351,3.3136411780806985e-18,200,0,null,0,0,0,false
conditional_periapsis,2,0,2,579437,24,1,-478.17116725028075,false,0,false,-0.18419282467147022,Flight left the recovery corridor,"{""level"":0,""mass"":1,""thrust"":1,""servo"":1,""wind"":1,""deck"":1,""noise"":0}",null,74.0000000000001,false,0,12024.246419818757,"[{""name"":""Launch"",""time"":1.3000000000000005,""altitude"":4.107983069131599},{""name"":""Space"",""time"":31.500000000000096,""altitude"":814.9036211467143}]",0.16843904139663518,402.1268496759622,5.666146770855953e-17,200.00000000000006,0,null,0,0,0,false
conditional_periapsis,2,0,3,589828,25,1,-478.66466911569734,false,0,false,-0.2667863988700083,Flight left the recovery corridor,"{""level"":0.4,""mass"":1.008987657975143,""thrust"":0.9746573988387026,""servo"":1.1938851225845255,""wind"":1.1238364144730137,""deck"":1.0541332943729074,""noise"":0.004}",null,76.35000000000011,false,0,11993.188984632865,"[{""name"":""Launch"",""time"":1.3500000000000005,""altitude"":4.227072789091592},{""name"":""Space"",""time"":32.60000000000011,""altitude"":803.4084393199565}]",0.1604476964063264,392.53723568759165,3.75401072995722e-17,200.00000000000006,0,null,0,0,0,false
conditional_periapsis,2,0,4,600219,26,1,-479.65197462607483,false,0,false,-0.25785684842797213,Flight left the recovery corridor,"{""level"":0,""mass"":1,""thrust"":1,""servo"":1,""wind"":1,""deck"":1,""noise"":0}",null,71.80000000000008,false,0,12110.547707260517,"[{""name"":""Launch"",""time"":1.3000000000000005,""altitude"":4.321473112769215},{""name"":""Space"",""time"":29.550000000000082,""altitude"":809.1081995732433}]",0.22301254747205632,467.6150569664676,6.258530389340357e-18,200,0,null,0,0,0,false
conditional_periapsis,2,0,5,610610,24,1,-480.38526256936865,false,0,false,-0.27113215701073495,Flight left the recovery corridor,"{""level"":0.4,""mass"":1.0226949788820694,""thrust"":1.0169597470262557,""servo"":0.9232613077167986,""wind"":1.0598531795533879,""deck"":0.9889243339994453,""noise"":0.004}",null,74.6000000000001,false,0,12012.516410002667,"[{""name"":""Launch"",""time"":1.3500000000000005,""altitude"":4.254132110795728},{""name"":""Space"",""time"":31.350000000000097,""altitude"":808.3126329906847}]",0.1651670011967043,398.2004014360451,3.744074160207622e-17,200.00000000000006,0,null,0,0,0,false
conditional_periapsis,2,1,0,714133,25,1,-482.1776331161823,false,0,false,-0.0687206312422959,Flight left the recovery corridor,"{""level"":0,""mass"":1,""thrust"":1,""servo"":1,""wind"":1,""deck"":1,""noise"":0}",null,157.29999999999703,false,0,12012.310923575937,"[{""name"":""Launch"",""time"":1.7500000000000009,""altitude"":4.041242036748423},{""name"":""Space"",""time"":109.79999999999703,""altitude"":810.0195568569759}]",0.8087517221832802,1170.5020666199362,0.04633013445362951,255.5961613443554,0,240.33164577158914,1.3999999999999204,0,0.9176958302605278,false
conditional_periapsis,2,1,1,569046,26,1,-483.0809309191049,false,0,false,-0.02587372787160124,Flight left the recovery corridor,"{""level"":0.4,""mass"":1.0078205084017242,""thrust"":1.0229867276800537,""servo"":1.1170466611096472,""wind"":0.8347192984911334,""deck"":0.9298693114481018,""noise"":0.004}",null,164.8999999999965,false,0,12047.81844814685,"[{""name"":""Launch"",""time"":1.6500000000000008,""altitude"":4.162390218389554},{""name"":""Space"",""time"":118.89999999999651,""altitude"":803.4558838285783}]",0.7878735020256437,1145.4482024307724,0.04735788614390862,256.8294633726903,0,253.43098313326846,1.25,0,0.9196222034019512,false
conditional_periapsis,2,1,2,579437,24,1,-483.70353666020577,false,0,false,-0.04113986199197789,Flight left the recovery corridor,"{""level"":0,""mass"":1,""thrust"":1,""servo"":1,""wind"":1,""deck"":1,""noise"":0}",null,154.14999999999714,false,0,12008.601614937394,"[{""name"":""Launch"",""time"":1.7500000000000009,""altitude"":4.16126340092886},{""name"":""Space"",""time"":106.64999999999714,""altitude"":816.3334401808662}]",0.8138930675728293,1176.6716810873952,0.05182883947068014,262.1946073648162,0,227.0936899802382,1.899999999999892,0,0.9157490720559174,false
conditional_periapsis,2,1,3,589828,25,1,-484.1396452770432,false,0,false,-0.03171122470285733,Flight left the recovery corridor,"{""level"":0.4,""mass"":1.008987657975143,""thrust"":0.9746573988387026,""servo"":1.1938851225845255,""wind"":1.1238364144730137,""deck"":1.0541332943729074,""noise"":0.004}",null,160.8999999999968,false,0,12067.187133833238,"[{""name"":""Launch"",""time"":1.850000000000001,""altitude"":4.09683036607607},{""name"":""Space"",""time"":113.89999999999678,""altitude"":806.9335813099082}]",0.8096526498397077,1171.5831798076492,0.055104014618609615,266.1248175423315,0,236.37575647646463,2.0499999999998835,0,0.9171140818347742,false
conditional_periapsis,2,1,4,600219,26,1,-486.8894178608294,false,0,false,0.04934925108043903,Flight left the recovery corridor,"{""level"":0,""mass"":1,""thrust"":1,""servo"":1,""wind"":1,""deck"":1,""noise"":0}",null,167.94999999999646,false,0,12027.928072774976,"[{""name"":""Launch"",""time"":1.7000000000000008,""altitude"":4.164541949042038},{""name"":""Space"",""time"":120.19999999999648,""altitude"":810.549077437641}]",0.7956715378292065,1154.805845395048,0.053025907022347864,263.6310884268174,0,235.0482228604742,1.899999999999892,0,0.916918856303011,false
conditional_periapsis,2,1,5,610610,24,1,-483.05365396931046,false,0,false,0.012933915894867198,Flight left the recovery corridor,"{""level"":0.4,""mass"":1.0226949788820694,""thrust"":1.0169597470262557,""servo"":0.9232613077167986,""wind"":1.0598531795533879,""deck"":0.9889243339994453,""noise"":0.004}",null,157.29999999999717,false,0,12062.761419018852,"[{""name"":""Launch"",""time"":1.7500000000000009,""altitude"":4.009998547078247},{""name"":""Space"",""time"":108.29999999999715,""altitude"":802.6142051602153}]",0.8073930367538974,1168.8716441046768,0.044686255933684395,253.62350712042127,0,244.52450442163263,1.25,0,0.9183124271208283,false
conditional_periapsis,2,2,0,714133,25,1,-474.5981991409507,false,0,false,-0.441498025530505,Flight left the recovery corridor,"{""level"":0,""mass"":1,""thrust"":1,""servo"":1,""wind"":1,""deck"":1,""noise"":0}",null,39.04999999999998,false,0,12068.292504838546,"[{""name"":""Launch"",""time"":0.9500000000000003,""altitude"":4.113892139487964},{""name"":""Space"",""time"":12.299999999999985,""altitude"":832.230450004646}]",0.13529352365158745,362.352228381905,9.72662750733581e-18,200,0,null,0,0,0,false
conditional_periapsis,2,2,1,569046,26,1,-475.2763561883324,false,0,false,-0.45883046635582314,Flight left the recovery corridor,"{""level"":0.4,""mass"":1.0078205084017242,""thrust"":1.0229867276800537,""servo"":1.1170466611096472,""wind"":0.8347192984911334,""deck"":0.9298693114481018,""noise"":0.004}",null,38.69999999999999,false,0,12161.2250058404,"[{""name"":""Launch"",""time"":0.9500000000000003,""altitude"":4.5203461858077265},{""name"":""Space"",""time"":11.949999999999985,""altitude"":804.6058985073813}]",0.2075904000008715,449.1084800010458,1.2496844068227898e-18,200,0,null,0,0,0,false
conditional_periapsis,2,2,2,579437,24,1,-475.6783543965069,false,0,false,-0.4851400642179075,Flight left the recovery corridor,"{""level"":0,""mass"":1,""thrust"":1,""servo"":1,""wind"":1,""deck"":1,""noise"":0}",null,39.04999999999998,false,0,12012.721026217883,"[{""name"":""Launch"",""time"":0.9500000000000003,""altitude"":4.114252390320356},{""name"":""Space"",""time"":12.299999999999985,""altitude"":822.2493688126453}]",0.13529352120785357,362.3522254494243,9.722540172951847e-18,200,0,null,0,0,0,false
conditional_periapsis,2,2,3,589828,25,1,-475.5228174894857,false,0,false,-0.4856677881982351,Flight left the recovery corridor,"{""level"":0.4,""mass"":1.008987657975143,""thrust"":0.9746573988387026,""servo"":1.1938851225845255,""wind"":1.1238364144730137,""deck"":1.0541332943729074,""noise"":0.004}",null,39.94999999999999,false,0,12034.016245006398,"[{""name"":""Launch"",""time"":0.9500000000000003,""altitude"":4.243768221627633},{""name"":""Space"",""time"":12.699999999999985,""altitude"":828.415005523646}]",0.13522373338005486,362.26848005606587,9.839501372114499e-18,200,0,null,0,0,0,false
conditional_periapsis,2,2,4,600219,26,1,-475.108972406679,false,0,false,-0.4628744772785645,Flight left the recovery corridor,"{""level"":0,""mass"":1,""thrust"":1,""servo"":1,""wind"":1,""deck"":1,""noise"":0}",null,39.09999999999998,false,0,12084.356245314542,"[{""name"":""Launch"",""time"":0.9500000000000003,""altitude"":4.119338978888935},{""name"":""Space"",""time"":12.349999999999984,""altitude"":828.3315279752799}]",0.20768404176436134,449.22085011723357,1.315670370696533e-18,200,0,null,0,0,0,false
conditional_periapsis,2,2,5,610610,24,1,-475.7542678736962,false,0,false,-0.4270208050605451,Flight left the recovery corridor,"{""level"":0.4,""mass"":1.0226949788820694,""thrust"":1.0169597470262557,""servo"":0.9232613077167986,""wind"":1.0598531795533879,""deck"":0.9889243339994453,""noise"":0.004}",null,39.59999999999998,false,0,12169.794566375083,"[{""name"":""Launch"",""time"":1.0000000000000002,""altitude"":4.3944974414506355},{""name"":""Space"",""time"":12.349999999999984,""altitude"":819.4017922772963}]",0.13533084985070343,362.3970198208441,1.0016855113833816e-17,200,0,null,0,0,0,false
conditional_periapsis,2,3,0,714133,25,1,-615.3545446556376,false,0,false,-0.15921154526042497,Returned before completing an orbit,"{""level"":0,""mass"":1,""thrust"":1,""servo"":1,""wind"":1,""deck"":1,""noise"":0}","{""error"":20573.652695746616,""speed"":37.247492941288556,""lateral"":97.60919762587861,""tilt"":0.10405077457339026}",135.49999999999656,false,0,164.60034343135175,"[{""name"":""Launch"",""time"":1.850000000000001,""altitude"":4.0831357922211}]",0.39945590026470223,512.267149003913,4.462060518138074e-08,32.92012223099657,0,null,0,0,0,false
conditional_periapsis,2,3,1,569046,26,1,-616.5148373790707,false,0,false,-0.19271621605549488,Returned before completing an orbit,"{""level"":0.4,""mass"":1.0078205084017242,""thrust"":1.0229867276800537,""servo"":1.1170466611096472,""wind"":0.8347192984911334,""deck"":0.9298693114481018,""noise"":0.004}","{""error"":20134.191080348173,""speed"":34.28580617266918,""lateral"":98.44776836199472,""tilt"":0.10858787812862788}",131.79999999999572,false,0,158.1145695866042,"[{""name"":""Launch"",""time"":1.7000000000000008,""altitude"":4.10255008470441}]",0.45130178741180993,564.149940549401,1.5855506231417585e-08,22.58781468183665,0,null,0,0,0,false
conditional_periapsis,2,3,2,579437,24,1,-615.7196781381789,false,0,false,-0.15152090298523868,Returned before completing an orbit,"{""level"":0,""mass"":1,""thrust"":1,""servo"":1,""wind"":1,""deck"":1,""noise"":0}","{""error"":20599.845266936034,""speed"":37.21636440470028,""lateral"":96.50559293487018,""tilt"":0.10334411334537771}",134.94999999999644,false,0,157.83215947878148,"[{""name"":""Launch"",""time"":1.850000000000001,""altitude"":4.160491488503631}]",0.37330296273506447,479.5299871778337,1.961200697222368e-08,31.566455430164662,0,null,0,0,0,false
conditional_periapsis,2,3,3,589828,25,1,-615.4958232872732,false,0,false,-0.15935082271381157,Returned before completing an orbit,"{""level"":0.4,""mass"":1.008987657975143,""thrust"":0.9746573988387026,""servo"":1.1938851225845255,""wind"":1.1238364144730137,""deck"":1.0541332943729074,""noise"":0.004}","{""error"":19900.535164648485,""speed"":37.95468979382545,""lateral"":97.5233668568443,""tilt"":0.11776630944929585}",135.94999999999666,false,0,167.76129483707982,"[{""name"":""Launch"",""time"":2.000000000000001,""altitude"":4.056160933430073}]",0.34217269335117684,444.15949098882817,3.5132923214759532e-09,33.552263183366755,0,null,0,0,0,false
conditional_periapsis,2,3,4,600219,26,1,-615.5097871521028,false,0,false,-0.15540478450045817,Returned before completing an orbit,"{""level"":0,""mass"":1,""thrust"":1,""servo"":1,""wind"":1,""deck"":1,""noise"":0}","{""error"":19935.24147914611,""speed"":35.497573016924676,""lateral"":96.11964208289415,""tilt"":0.14313343634403322}",131.84999999999573,false,0,146.96996280447075,"[{""name"":""Launch"",""time"":1.7500000000000009,""altitude"":4.095366093773418}]",0.4171118041287183,521.5298739265293,1.317533073632812e-09,20.99571055310694,0,null,0,0,0,false
conditional_periapsis,2,3,5,610610,24,1,-615.3533994414996,false,0,false,-0.14369179284307473,Returned before completing an orbit,"{""level"":0.4,""mass"":1.0226949788820694,""thrust"":1.0169597470262557,""servo"":0.9232613077167986,""wind"":1.0598531795533879,""deck"":0.9889243339994453,""noise"":0.004}","{""error"":20524.93778575992,""speed"":38.072137829702044,""lateral"":97.14477218724724,""tilt"":0.1203868551890555}",135.84999999999664,false,0,171.06325801873697,"[{""name"":""Launch"",""time"":1.850000000000001,""altitude"":4.033130203816315}]",0.36901991575707566,477.0365505122382,1.2275794454371592e-08,34.21266633470074,0,null,0,0,0,false
conditional_periapsis,2,4,0,714133,25,1,-571.1531833415235,false,0,false,-0.4054442526484194,Orbital mission timed out,"{""level"":0,""mass"":1,""thrust"":1,""servo"":1,""wind"":1,""deck"":1,""noise"":0}",null,650.0499999999565,false,0,0,[],0.13711212234526046,164.53454681431256,4.0689637592395813e-17,4.8827565110874976e-14,0,null,0,0,0,false
conditional_periapsis,2,4,1,569046,26,1,-557.3374712760017,false,0,false,-0.2687835876605481,Orbital mission timed out,"{""level"":0.4,""mass"":1.0078205084017242,""thrust"":1.0229867276800537,""servo"":1.1170466611096472,""wind"":0.8347192984911334,""deck"":0.9298693114481018,""noise"":0.004}",null,650.0499999999565,false,0,0,[],0.20951188397844406,251.41426077413286,5.367347505816834e-18,6.4408170069802e-15,0,null,0,0,0,false
conditional_periapsis,2,4,2,579437,24,1,-576.2165572600875,false,0,false,-0.42491946471456415,Orbital mission timed out,"{""level"":0,""mass"":1,""thrust"":1,""servo"":1,""wind"":1,""deck"":1,""noise"":0}",null,650.0499999999565,false,0,0,[],0.13709696770708682,164.51636124850418,4.065050729812748e-17,4.8780608757752976e-14,0,null,0,0,0,false
conditional_periapsis,2,4,3,589828,25,1,-577.5078933745299,false,0,false,-0.4585744223290144,Orbital mission timed out,"{""level"":0.4,""mass"":1.008987657975143,""thrust"":0.9746573988387026,""servo"":1.1938851225845255,""wind"":1.1238364144730137,""deck"":1.0541332943729074,""noise"":0.004}",null,650.0499999999565,false,0,0,[],0.13707941334359505,164.49529601231407,4.049704821124928e-17,4.8596457853499136e-14,0,null,0,0,0,false
conditional_periapsis,2,4,4,600219,26,1,-559.1804363131349,false,0,false,-0.27284346247406416,Orbital mission timed out,"{""level"":0,""mass"":1,""thrust"":1,""servo"":1,""wind"":1,""deck"":1,""noise"":0}",null,650.0499999999565,false,0,0,[],0.20947765057323778,251.37318068788534,5.354912270226647e-18,6.425894724271976e-15,0,null,0,0,0,false
conditional_periapsis,2,4,5,610610,24,1,-571.9238594428267,false,0,false,-0.4044751504278492,Orbital mission timed out,"{""level"":0.4,""mass"":1.0226949788820694,""thrust"":1.0169597470262557,""servo"":0.9232613077167986,""wind"":1.0598531795533879,""deck"":0.9889243339994453,""noise"":0.004}",null,650.0499999999565,false,0,0,[],0.1370767783203986,164.49213398447833,4.05221039213564e-17,4.862652470562768e-14,0,null,0,0,0,false
conditional_periapsis,2,5,0,714133,25,1,-481.2176563415082,false,0,false,-0.21093983247685055,Flight left the recovery corridor,"{""level"":0,""mass"":1,""thrust"":1,""servo"":1,""wind"":1,""deck"":1,""noise"":0}",null,86.20000000000009,false,0,12019.425141064994,"[{""name"":""Launch"",""time"":1.1500000000000004,""altitude"":4.008580740785886},{""name"":""Space"",""time"":37.20000000000009,""altitude"":814.7859606176745}]",0.3832309019118825,659.877082294259,1.8995208518998857e-09,200.00000227942502,0,null,0,0,0,false
conditional_periapsis,2,5,1,569046,26,1,-480.8478648569332,false,0,false,-0.11237923445051477,Flight left the recovery corridor,"{""level"":0.4,""mass"":1.0078205084017242,""thrust"":1.0229867276800537,""servo"":1.1170466611096472,""wind"":0.8347192984911334,""deck"":0.9298693114481018,""noise"":0.004}",null,82.75000000000009,false,0,11994.908735501886,"[{""name"":""Launch"",""time"":1.1000000000000003,""altitude"":4.054177326829318},{""name"":""Space"",""time"":36.000000000000085,""altitude"":812.6690356709559}]",0.4508082157906168,740.9698589487401,3.123834534459533e-09,200.00000374860144,0,null,0,0,0,false
conditional_periapsis,2,5,2,579437,24,1,-480.64025122144056,false,0,false,-0.08707292964551198,Flight left the recovery corridor,"{""level"":0,""mass"":1,""thrust"":1,""servo"":1,""wind"":1,""deck"":1,""noise"":0}",null,87.35000000000011,false,0,12072.877358928763,"[{""name"":""Launch"",""time"":1.1500000000000004,""altitude"":4.007312617431948},{""name"":""Space"",""time"":38.1000000000001,""altitude"":802.4460603118196}]",0.41005040282786726,692.0604833934408,8.633172357841806e-09,200.00001035980682,0,null,0,0,0,false
conditional_periapsis,2,5,3,589828,25,1,-479.8538635737378,false,0,false,-0.08721566902861502,Flight left the recovery corridor,"{""level"":0.4,""mass"":1.008987657975143,""thrust"":0.9746573988387026,""servo"":1.1938851225845255,""wind"":1.1238364144730137,""deck"":1.0541332943729074,""noise"":0.004}",null,88.85000000000016,false,0,12073.09024835999,"[{""name"":""Launch"",""time"":1.2000000000000004,""altitude"":4.343918108604324},{""name"":""Space"",""time"":41.10000000000017,""altitude"":809.2901362839383}]",0.4133821257895762,696.0585509474915,7.370052236757483e-09,200.00000884406268,0,null,0,0,0,false
conditional_periapsis,2,5,4,600219,26,1,-480.9584644811392,false,0,false,-0.19631591818612357,Flight left the recovery corridor,"{""level"":0,""mass"":1,""thrust"":1,""servo"":1,""wind"":1,""deck"":1,""noise"":0}",null,84.5000000000001,false,0,12015.598830159646,"[{""name"":""Launch"",""time"":1.1500000000000004,""altitude"":4.100452081696703},{""name"":""Space"",""time"":37.0000000000001,""altitude"":815.9819189386048}]",0.46064993713475566,752.7799245617068,5.686241816969885e-09,200.00000682349017,0,null,0,0,0,false
conditional_periapsis,2,5,5,610610,24,1,-480.46107110828837,false,0,false,-0.17700617400430896,Flight left the recovery corridor,"{""level"":0.4,""mass"":1.0226949788820694,""thrust"":1.0169597470262557,""servo"":0.9232613077167986,""wind"":1.0598531795533879,""deck"":0.9889243339994453,""noise"":0.004}",null,88.15000000000012,false,0,12033.328247475149,"[{""name"":""Launch"",""time"":1.2000000000000004,""altitude"":4.1787961768211375},{""name"":""Space"",""time"":38.65000000000012,""altitude"":812.6042500409542}]",0.4114829387477406,693.7795264972888,9.141322795974788e-09,200.00001096958735,0,null,0,0,0,false
conditional_periapsis,2,6,0,714133,25,1,-607.0910144753203,false,0,false,-2.9099555582603367,Orbital mission timed out,"{""level"":0,""mass"":1,""thrust"":1,""servo"":1,""wind"":1,""deck"":1,""noise"":0}",null,650.0499999999565,false,0,0.6025996948129304,[],0.15636897162789226,187.7632858924333,5.609917595336624e-16,0.12051993896325926,0,null,0,0,0,false
conditional_periapsis,2,6,1,569046,26,1,-606.016070428942,false,0,false,-2.6016730129532912,Orbital mission timed out,"{""level"":0.4,""mass"":1.0078205084017242,""thrust"":1.0229867276800537,""servo"":1.1170466611096472,""wind"":0.8347192984911334,""deck"":0.9298693114481018,""noise"":0.004}",null,650.0499999999565,false,0,1.0559751637929864,[],0.2314291892710507,277.8658807200884,8.648206162486473e-17,0.15085359482767327,0,null,0,0,0,false
conditional_periapsis,2,6,2,579437,24,1,-607.4180964945084,false,0,false,-2.917952366424233,Orbital mission timed out,"{""level"":0,""mass"":1,""thrust"":1,""servo"":1,""wind"":1,""deck"":1,""noise"":0}",null,650.0499999999565,false,0,0.7553138524378067,[],0.1565736380489327,188.0394284292068,5.699597171970688e-16,0.1510627704882453,0,null,0,0,0,false
conditional_periapsis,2,6,3,589828,25,1,-607.2473843144404,false,0,false,-2.8044273906210346,Orbital mission timed out,"{""level"":0.4,""mass"":1.008987657975143,""thrust"":0.9746573988387026,""servo"":1.1938851225845255,""wind"":1.1238364144730137,""deck"":1.0541332943729074,""noise"":0.004}",null,650.0499999999565,false,0,0.22619718460080485,[],0.15580869092698946,187.0156685493075,5.230775313501548e-16,0.04523943692078866,0,null,0,0,0,false
conditional_periapsis,2,6,4,600219,26,1,-606.4936654465912,false,0,false,-2.522914315590528,Orbital mission timed out,"{""level"":0,""mass"":1,""thrust"":1,""servo"":1,""wind"":1,""deck"":1,""noise"":0}",null,650.0499999999565,false,0,1.0972955830765816,[],0.2308354040158588,277.1592413308986,8.089080149874782e-17,0.15675651186818015,0,null,0,0,0,false
conditional_periapsis,2,6,5,610610,24,1,-607.2512467493524,false,0,false,-2.8697596731061705,Orbital mission timed out,"{""level"":0.4,""mass"":1.0226949788820694,""thrust"":1.0169597470262557,""servo"":0.9232613077167986,""wind"":1.0598531795533879,""deck"":0.9889243339994453,""noise"":0.004}",null,650.0499999999565,false,0,0.7074056070639188,[],0.15647385159752059,187.91010303843748,5.626704675395394e-16,0.14148112141345895,0,null,0,0,0,false
conditional_periapsis,2,7,0,714133,25,1,-477.9924555517944,false,0,false,-0.1308655352220863,Flight left the recovery corridor,"{""level"":0,""mass"":1,""thrust"":1,""servo"":1,""wind"":1,""deck"":1,""noise"":0}",null,81.20000000000012,false,0,12022.224920843963,"[{""name"":""Launch"",""time"":1.4500000000000006,""altitude"":4.223553418024283},{""name"":""Space"",""time"":32.45000000000012,""altitude"":810.5863128028885}]",0.13529348814355419,362.352185772265,2.6188043060109332e-17,200.00000000000003,0,null,0,0,0,false
conditional_periapsis,2,7,1,569046,26,1,-478.8370984446106,false,0,false,-0.0831592810359778,Flight left the recovery corridor,"{""level"":0.4,""mass"":1.0078205084017242,""thrust"":1.0229867276800537,""servo"":1.1170466611096472,""wind"":0.8347192984911334,""deck"":0.9298693114481018,""noise"":0.004}",null,76.2000000000001,false,0,12094.578114154192,"[{""name"":""Launch"",""time"":1.3500000000000005,""altitude"":4.148864416800832},{""name"":""Space"",""time"":29.4500000000001,""altitude"":803.6782826700646}]",0.20760488487728795,449.1258618527455,3.320553409704731e-18,200,0,null,0,0,0,false
conditional_periapsis,2,7,2,579437,24,1,-478.53948320280415,false,0,false,-0.0995594473518034,Flight left the recovery corridor,"{""level"":0,""mass"":1,""thrust"":1,""servo"":1,""wind"":1,""deck"":1,""noise"":0}",null,80.80000000000013,false,0,11994.684133071596,"[{""name"":""Launch"",""time"":1.4500000000000006,""altitude"":4.20094440916378},{""name"":""Space"",""time"":32.300000000000125,""altitude"":804.5961864653024}]",0.13529348647495432,362.3521837699452,2.6308769066350284e-17,200.00000000000003,0,null,0,0,0,false
conditional_periapsis,2,7,3,589828,25,1,-480.774698865197,false,0,false,-0.13890576150131984,Flight left the recovery corridor,"{""level"":0.4,""mass"":1.008987657975143,""thrust"":0.9746573988387026,""servo"":1.1938851225845255,""wind"":1.1238364144730137,""deck"":1.0541332943729074,""noise"":0.004}",null,85.80000000000014,false,0,12048.055738125597,"[{""name"":""Launch"",""time"":1.5000000000000007,""altitude"":4.184139600578675},{""name"":""Space"",""time"":34.80000000000014,""altitude"":809.1917892755023}]",0.1352664990132428,362.3197988158914,2.7765487304642046e-17,200.00000000000003,0,null,0,0,0,false
conditional_periapsis,2,7,4,600219,26,1,-479.1560240124871,false,0,false,-0.1236499787929428,Flight left the recovery corridor,"{""level"":0,""mass"":1,""thrust"":1,""servo"":1,""wind"":1,""deck"":1,""noise"":0}",null,77.0500000000001,false,0,12064.223114754954,"[{""name"":""Launch"",""time"":1.4000000000000006,""altitude"":4.228887765830272},{""name"":""Space"",""time"":30.050000000000104,""altitude"":806.7184421855883}]",0.20768398931550333,449.220787178604,3.3712898329841705e-18,200,0,null,0,0,0,false
conditional_periapsis,2,7,5,610610,24,1,-480.31377537878524,false,0,false,-0.1643743266991611,Flight left the recovery corridor,"{""level"":0.4,""mass"":1.0226949788820694,""thrust"":1.0169597470262557,""servo"":0.9232613077167986,""wind"":1.0598531795533879,""deck"":0.9889243339994453,""noise"":0.004}",null,80.70000000000013,false,0,12003.989876868407,"[{""name"":""Launch"",""time"":1.4500000000000006,""altitude"":4.055058210997032},{""name"":""Space"",""time"":32.700000000000124,""altitude"":804.2252889702386}]",0.13533082024059537,362.3969842887144,2.6617844555453588e-17,200.00000000000003,0,null,0,0,0,false
conditional_periapsis,2,8,0,714133,25,1,-615.4022042247464,false,0,false,-0.5830866869674897,Returned before completing an orbit,"{""level"":0,""mass"":1,""thrust"":1,""servo"":1,""wind"":1,""deck"":1,""noise"":0}","{""error"":19581.05755959381,""speed"":41.64977545964743,""lateral"":97.80433595252498,""tilt"":0.2644755548696236}",120.19999999999531,false,0,210.59981647309792,"[{""name"":""Launch"",""time"":1.850000000000001,""altitude"":4.172288652944303}]",0.807910922432667,1011.61307021382,0.027086739581309586,74.62405079219108,0,173.6484728055384,0.9999999999999432,0,0.9078894812949321,false
conditional_periapsis,2,8,1,569046,26,1,-615.7741693934614,false,0,false,-0.5704927946201674,Returned before completing an orbit,"{""level"":0.4,""mass"":1.0078205084017242,""thrust"":1.0229867276800537,""servo"":1.1170466611096472,""wind"":0.8347192984911334,""deck"":0.9298693114481018,""noise"":0.004}","{""error"":19575.394630502848,""speed"":39.661007697369605,""lateral"":100.1348702370411,""tilt"":0.2679567987507434}",118.6999999999954,false,0,213.8540013936599,"[{""name"":""Launch"",""time"":1.6500000000000008,""altitude"":4.014496255683268}]",0.7846980568172728,972.1882398083931,0.020194352106396408,54.78379415534139,0,208.67948469428575,0.5999999999999659,0,0.9130411006903362,false
conditional_periapsis,2,8,2,579437,24,1,-615.745831528183,false,0,false,-0.5604353626077466,Returned before completing an orbit,"{""level"":0,""mass"":1,""thrust"":1,""servo"":1,""wind"":1,""deck"":1,""noise"":0}","{""error"":19903.053861112316,""speed"":43.114281976300646,""lateral"":97.27923151520878,""tilt"":0.29135585023991045}",121.69999999999523,false,0,229.5933865157791,"[{""name"":""Launch"",""time"":1.800000000000001,""altitude"":4.109603997004816}]",0.8061667622229922,1013.3187919707465,0.02395479304585027,74.66442895817615,0,177.76250757809976,0.7999999999999545,0,0.9084944864085441,false
conditional_periapsis,2,8,3,589828,25,1,-615.1516511924143,false,0,false,-0.5704750800450354,Returned before completing an orbit,"{""level"":0.4,""mass"":1.008987657975143,""thrust"":0.9746573988387026,""servo"":1.1938851225845255,""wind"":1.1238364144730137,""deck"":1.0541332943729074,""noise"":0.004}","{""error"":19033.28918536109,""speed"":41.17897529221802,""lateral"":98.53258754114191,""tilt"":0.27985035704081185}",120.5499999999953,false,0,212.3929208618455,"[{""name"":""Launch"",""time"":2.0500000000000007,""altitude"":4.091010435519538}]",0.7939681434002798,995.2403562527048,0.022308543948583115,69.24883691066884,0,196.36754150640627,0.19999999999998863,0,0.9112305208097656,false
conditional_periapsis,2,8,4,600219,26,1,-615.7666230093655,false,0,false,-0.5902404808402003,Returned before completing an orbit,"{""level"":0,""mass"":1,""thrust"":1,""servo"":1,""wind"":1,""deck"":1,""noise"":0}","{""error"":19184.377112366867,""speed"":39.50124952199003,""lateral"":97.94934301955107,""tilt"":0.2957687729061576}",117.44999999999547,false,0,197.4419965274315,"[{""name"":""Launch"",""time"":1.7000000000000008,""altitude"":4.102132262353095}]",0.7879086114603735,973.696333256367,0.02143165435635107,53.923984731540074,0,197.0536169652396,0.8999999999999488,0,0.9113314142595941,false
conditional_periapsis,2,8,5,610610,24,1,-615.6754975082351,false,0,false,-0.5631610713483932,Returned before completing an orbit,"{""level"":0.4,""mass"":1.0226949788820694,""thrust"":1.0169597470262557,""servo"":0.9232613077167986,""wind"":1.0598531795533879,""deck"":0.9889243339994453,""noise"":0.004}","{""error"":19976.774565259217,""speed"":43.40129809083311,""lateral"":98.64467997014292,""tilt"":0.2570556094625201}",122.74999999999517,false,0,241.40142529710272,"[{""name"":""Launch"",""time"":1.850000000000001,""altitude"":4.147524140499021}]",0.7916357417178003,998.2431751207808,0.022380198314904915,75.13652303730643,0,171.54498818234424,0.7999999999999545,0,0.907580145320933,false
conditional_periapsis,2,9,0,714133,25,1,-604.7213965552477,false,0,false,-0.28908958471404245,Returned before completing an orbit,"{""level"":0,""mass"":1,""thrust"":1,""servo"":1,""wind"":1,""deck"":1,""noise"":0}","{""error"":5554.5256673054655,""speed"":0.2754250716906981,""lateral"":134.21472783135098,""tilt"":0.961258139165131}",54.74999999999903,false,0,37.44163280457459,"[{""name"":""Launch"",""time"":2.849999999999998,""altitude"":4.0161794821095}]",0.17676245796687184,219.60327612116112,9.23873596226606e-15,7.488326560926004,0,null,0,0,0,false
conditional_periapsis,2,9,1,569046,26,1,-419.0638571399769,false,0,false,-0.08179918024613834,Returned before completing an orbit,"{""level"":0.4,""mass"":1.0078205084017242,""thrust"":1.0229867276800537,""servo"":1.1170466611096472,""wind"":0.8347192984911334,""deck"":0.9298693114481018,""noise"":0.004}","{""error"":1493.9447175762327,""speed"":0.1823231370379501,""lateral"":123.3390797156522,""tilt"":0.9773422307930857}",21.40000000000017,false,0,28.821818367101883,"[{""name"":""Launch"",""time"":2.4499999999999993,""altitude"":4.0353294783371005}]",0.2436608003950451,296.51036309792585,4.2051916187505343e-16,4.117402623872202,0,null,0,0,0,false
conditional_periapsis,2,9,2,579437,24,1,-607.5600428303017,false,0,false,-0.3734553086241982,Returned before completing an orbit,"{""level"":0,""mass"":1,""thrust"":1,""servo"":1,""wind"":1,""deck"":1,""noise"":0}","{""error"":7536.93959684164,""speed"":4.1923019097712215,""lateral"":140.72290875030407,""tilt"":1.0493795319917054}",69.79999999999818,false,0,41.59074118183433,"[{""name"":""Launch"",""time"":2.9499999999999975,""altitude"":4.019000594698305}]",0.1785988440997356,222.63676115604954,1.07740589423612e-14,8.318148236379795,0,null,0,0,0,false
conditional_periapsis,2,9,3,589828,25,1,-610.9161001720115,false,0,false,-0.500077381252336,Returned before completing an orbit,"{""level"":0.4,""mass"":1.008987657975143,""thrust"":0.9746573988387026,""servo"":1.1938851225845255,""wind"":1.1238364144730137,""deck"":1.0541332943729074,""noise"":0.004}","{""error"":9998.52897520832,""speed"":3.3525892871201948,""lateral"":139.59923106009865,""tilt"":1.00797620413844}",90.599999999997,false,0,43.791495297608975,"[{""name"":""Launch"",""time"":3.899999999999994,""altitude"":4.007454041835599}]",0.17903418391526588,223.59931975784085,1.1175639727634304e-14,8.758299059535206,0,null,0,0,0,false
conditional_periapsis,2,9,4,600219,26,1,-421.1506182785826,false,0,false,-0.08319157526169359,Returned before completing an orbit,"{""level"":0,""mass"":1,""thrust"":1,""servo"":1,""wind"":1,""deck"":1,""noise"":0}","{""error"":1473.560711292068,""speed"":2.30772286014118,""lateral"":124.81865319463391,""tilt"":1.0151283631872556}",21.50000000000017,false,0,28.139372557701172,"[{""name"":""Launch"",""time"":2.6999999999999984,""altitude"":4.064628344379244}]",0.24140121504714102,293.7013684219551,3.9585415959948635e-16,4.019910365386356,0,null,0,0,0,false
conditional_periapsis,2,9,5,610610,24,1,-602.0582166548749,false,0,false,-0.17738423787126714,Returned before completing an orbit,"{""level"":0.4,""mass"":1.0226949788820694,""thrust"":1.0169597470262557,""servo"":0.9232613077167986,""wind"":1.0598531795533879,""deck"":0.9889243339994453,""noise"":0.004}","{""error"":3470.648388338657,""speed"":1.8336807669979425,""lateral"":132.14037732852915,""tilt"":0.9693120059476328}",38.34999999999996,false,0,33.14948312590758,"[{""name"":""Launch"",""time"":3.149999999999997,""altitude"":4.057295659066579}]",0.17374474216334954,215.12358722120095,6.304151537525853e-15,6.62989662518908,0,null,0,0,0,false
conditional_periapsis,2,10,0,714133,25,1,-615.150083575356,false,0,false,-1.4119132905053124,Returned before completing an orbit,"{""level"":0,""mass"":1,""thrust"":1,""servo"":1,""wind"":1,""deck"":1,""noise"":0}","{""error"":22534.808062263983,""speed"":28.07702607642328,""lateral"":160.65992307440092,""tilt"":0.30191772434138364}",102.09999999999874,false,0,368.52252969009993,"[{""name"":""Launch"",""time"":1.1500000000000004,""altitude"":4.066992212186497}]",0.7963599672983853,1029.3364666960824,0.012087322620607514,88.209293082749,0,315.62161006482347,0.25,0,0.9287678838330623,false
conditional_periapsis,2,10,1,569046,26,1,-617.1396915127762,false,0,false,-1.3488356264899726,Returned before completing an orbit,"{""level"":0.4,""mass"":1.0078205084017242,""thrust"":1.0229867276800537,""servo"":1.1170466611096472,""wind"":0.8347192984911334,""deck"":0.9298693114481018,""noise"":0.004}","{""error"":23126.42768212083,""speed"":54.15769697851052,""lateral"":92.11664560986249,""tilt"":0.10941048057633225}",116.49999999999794,false,0,347.7797016639025,"[{""name"":""Launch"",""time"":1.1000000000000003,""altitude"":4.022174123885057}]",0.8108325740772852,1022.6819034161568,0.010586303301465644,62.38637848517341,0,335.09919368619194,0.25,0,0.9316322343656165,false
conditional_periapsis,2,10,2,579437,24,1,-488.06578891928376,false,0,false,-1.5724640793162523,Flight left the recovery corridor,"{""level"":0,""mass"":1,""thrust"":1,""servo"":1,""wind"":1,""deck"":1,""noise"":0}",null,118.05000000000015,false,0,12062.012753559018,"[{""name"":""Launch"",""time"":1.1500000000000004,""altitude"":4.125739522409813},{""name"":""Space"",""time"":66.55000000000015,""altitude"":804.0730930350238}]",0.7101899351970622,1052.2279222364746,0.00046384764696685566,200.55661717636022,0,null,0,0,0,false
conditional_periapsis,2,10,3,589828,25,1,-488.733861519822,false,0,false,-1.1693389749827765,Flight left the recovery corridor,"{""level"":0.4,""mass"":1.008987657975143,""thrust"":0.9746573988387026,""servo"":1.1938851225845255,""wind"":1.1238364144730137,""deck"":1.0541332943729074,""noise"":0.004}",null,132.4499999999988,false,0,12082.034392766684,"[{""name"":""Launch"",""time"":1.2000000000000004,""altitude"":4.0936451250708075},{""name"":""Space"",""time"":98.19999999999881,""altitude"":809.230698336638}]",0.7350290348656636,1082.0348418387962,0.0019153039984250765,202.2983647981101,0,null,0,0,0,false
conditional_periapsis,2,10,4,600219,26,1,-652.1082725780956,false,0,false,-0.38563121613870954,Returned before completing an orbit,"{""level"":0,""mass"":1,""thrust"":1,""servo"":1,""wind"":1,""deck"":1,""noise"":0}","{""error"":58091.30331237776,""speed"":40.323054292334355,""lateral"":110.29243164099752,""tilt"":0.1418213789420141}",481.10000000000025,false,0,9249.53326974672,"[{""name"":""Launch"",""time"":1.1500000000000004,""altitude"":4.276604282806474},{""name"":""Space"",""time"":115.39999999999836,""altitude"":807.0642785492378}]",0.7489798953772597,1098.7758744527118,0.008843316871357945,210.61198024562952,0,null,0,0,0,false
conditional_periapsis,2,10,5,610610,24,1,-616.6908463524215,false,0,false,-1.035571891603329,Returned before completing an orbit,"{""level"":0.4,""mass"":1.0226949788820694,""thrust"":1.0169597470262557,""servo"":0.9232613077167986,""wind"":1.0598531795533879,""deck"":0.9889243339994453,""noise"":0.004}","{""error"":21281.133340673936,""speed"":45.846450396075,""lateral"":103.83275725904163,""tilt"":0.1130776088737}",120.9499999999975,false,0,330.0492199323033,"[{""name"":""Launch"",""time"":1.1500000000000004,""altitude"":4.035908528492801}]",0.7983582826769249,1024.0397831987705,0.013347327866434366,82.02663742618189,0,317.1742478699589,0.25,0,0.9289962129220528,false
conditional_periapsis,2,11,0,714133,25,1,-479.64822599141115,false,0,false,-0.2022861240432512,Flight left the recovery corridor,"{""level"":0,""mass"":1,""thrust"":1,""servo"":1,""wind"":1,""deck"":1,""noise"":0}",null,66.55000000000001,false,0,12012.443793805616,"[{""name"":""Launch"",""time"":1.1000000000000003,""altitude"":4.2306127664089},{""name"":""Space"",""time"":19.800000000000004,""altitude"":803.3340597160181}]",0.14499444936212666,373.99333923455197,1.447323994879861e-17,200.00000000000003,0,null,0,0,0,false
conditional_periapsis,2,11,1,569046,26,1,-477.91929139648005,false,0,false,-0.26132146180859617,Flight left the recovery corridor,"{""level"":0.4,""mass"":1.0078205084017242,""thrust"":1.0229867276800537,""servo"":1.1170466611096472,""wind"":0.8347192984911334,""deck"":0.9298693114481018,""noise"":0.004}",null,62.599999999999994,false,0,12080.093288722685,"[{""name"":""Launch"",""time"":1.0500000000000003,""altitude"":4.203189592519035},{""name"":""Space"",""time"":18.849999999999998,""altitude"":808.8637725110616}]",0.2075903406248401,449.1084087498081,1.833549364236023e-18,200,0,null,0,0,0,false
conditional_periapsis,2,11,2,579437,24,1,-479.61339957527855,false,0,false,-0.19781168501171592,Flight left the recovery corridor,"{""level"":0,""mass"":1,""thrust"":1,""servo"":1,""wind"":1,""deck"":1,""noise"":0}",null,66.85000000000001,false,0,12091.414769032885,"[{""name"":""Launch"",""time"":1.1000000000000003,""altitude"":4.206795314926476},{""name"":""Space"",""time"":20.100000000000005,""altitude"":816.1977908549159}]",0.1454358134241998,374.52297610903975,1.4526490454141158e-17,200.00000000000003,0,null,0,0,0,false
conditional_periapsis,2,11,3,589828,25,1,-478.95276938297184,false,0,false,-0.2783319831100978,Flight left the recovery corridor,"{""level"":0.4,""mass"":1.008987657975143,""thrust"":0.9746573988387026,""servo"":1.1938851225845255,""wind"":1.1238364144730137,""deck"":1.0541332943729074,""noise"":0.004}",null,65.9,false,0,12056.977996003468,"[{""name"":""Launch"",""time"":1.1000000000000003,""altitude"":4.259669168062141},{""name"":""Space"",""time"":20.15000000000001,""altitude"":810.0420001507046}]",0.13630084528031172,363.56101433637406,1.5010970264513894e-17,200.00000000000003,0,null,0,0,0,false
conditional_periapsis,2,11,4,600219,26,1,-479.33804497334125,false,0,false,-0.26081780188361636,Flight left the recovery corridor,"{""level"":0,""mass"":1,""thrust"":1,""servo"":1,""wind"":1,""deck"":1,""noise"":0}",null,64.3,false,0,12061.091914441546,"[{""name"":""Launch"",""time"":1.1000000000000003,""altitude"":4.282437449365419},{""name"":""Space"",""time"":19.05,""altitude"":809.5512389640762}]",0.20768399592484718,449.2207951098166,1.919175954345513e-18,200,0,null,0,0,0,false
conditional_periapsis,2,11,5,610610,24,1,-479.28579254294823,false,0,false,-0.2613111191468383,Flight left the recovery corridor,"{""level"":0.4,""mass"":1.0226949788820694,""thrust"":1.0169597470262557,""servo"":0.9232613077167986,""wind"":1.0598531795533879,""deck"":0.9889243339994453,""noise"":0.004}",null,67.65,false,0,12043.013412106617,"[{""name"":""Launch"",""time"":1.1500000000000004,""altitude"":4.409013471169887},{""name"":""Space"",""time"":20.150000000000006,""altitude"":802.3281773386481}]",0.14966279647145966,379.5953557657516,1.4907687788658598e-17,200.00000000000003,0,null,0,0,0,false
conditional_periapsis,3,0,0,714133,26,1,-476.01287104966724,false,0,false,-0.4115120116383338,Flight left the recovery corridor,"{""level"":0,""mass"":1,""thrust"":1,""servo"":1,""wind"":1,""deck"":1,""noise"":0}",null,48.19999999999998,false,0,12097.188247605976,"[{""name"":""Launch"",""time"":1.0500000000000003,""altitude"":4.3798359296627645},{""name"":""Space"",""time"":15.949999999999982,""altitude"":811.8607619527156}]",0.20768402981066736,449.2208357728008,1.6428409770104095e-18,200,0,null,0,0,0,false
conditional_periapsis,3,0,1,584473,24,1,-476.7486419359904,false,0,false,-0.39617041376407375,Flight left the recovery corridor,"{""level"":0.4,""mass"":1.0123965861732382,""thrust"":0.990949915316868,""servo"":1.0282920281207044,""wind"":1.0082934134596004,""deck"":0.8579490613429118,""noise"":0.004}",null,48.999999999999986,false,0,12006.20884835687,"[{""name"":""Launch"",""time"":1.0500000000000003,""altitude"":4.179712868457845},{""name"":""Space"",""time"":16.249999999999986,""altitude"":822.931251202796}]",0.13529054770456916,362.34865724548297,1.2807414465196041e-17,200.00000000000003,0,null,0,0,0,false
conditional_periapsis,3,0,2,594864,25,1,-476.5711076120633,false,0,false,-0.2892735551284792,Flight left the recovery corridor,"{""level"":0,""mass"":1,""thrust"":1,""servo"":1,""wind"":1,""deck"":1,""noise"":0}",null,48.79999999999998,false,0,12035.982232103363,"[{""name"":""Launch"",""time"":1.0500000000000003,""altitude"":4.288778761743933},{""name"":""Space"",""time"":16.049999999999983,""altitude"":812.3035866145573}]",0.13529351470872356,362.3522176504683,1.243794983555864e-17,200.00000000000003,0,null,0,0,0,false
conditional_periapsis,3,0,3,605255,26,1,-475.7628052575013,false,0,false,-0.30305338666275783,Flight left the recovery corridor,"{""level"":0.4,""mass"":0.9751983228506517,""thrust"":0.9670899006549541,""servo"":0.9215901047489898,""wind"":1.1172324308261492,""deck"":1.0147672166710695,""noise"":0.004}",null,48.94999999999998,false,0,12091.065595751477,"[{""name"":""Launch"",""time"":1.0500000000000003,""altitude"":4.106373410239065},{""name"":""Space"",""time"":15.949999999999982,""altitude"":809.5375218726103}]",0.20774427626707354,449.29313152048826,1.695600198694662e-18,200,0,null,0,0,0,false
conditional_periapsis,3,0,4,615646,24,1,-475.7306670051237,false,0,false,-0.38920335963035047,Flight left the recovery corridor,"{""level"":0,""mass"":1,""thrust"":1,""servo"":1,""wind"":1,""deck"":1,""noise"":0}",null,48.59999999999998,false,0,12141.290280117906,"[{""name"":""Launch"",""time"":1.0500000000000003,""altitude"":4.308434281974719},{""name"":""Space"",""time"":15.849999999999984,""altitude"":821.4356749007379}]",0.13529351293714237,362.35221552457085,1.239145073223697e-17,200.00000000000003,0,null,0,0,0,false
conditional_periapsis,3,0,5,626037,25,1,-477.470761185752,false,0,false,-0.32237081513929056,Flight left the recovery corridor,"{""level"":0.4,""mass"":1.025088755698434,""thrust"":0.9952510595113163,""servo"":0.8821019609759517,""wind"":1.0626529041168111,""deck"":1.0370582238461685,""noise"":0.004}",null,50.34999999999999,false,0,12100.121605410313,"[{""name"":""Launch"",""time"":1.1000000000000003,""altitude"":4.223576415080808},{""name"":""Space"",""time"":16.599999999999987,""altitude"":814.7712283660808}]",0.13818561620229014,365.8227394427482,1.3425209633159287e-17,200.00000000000003,0,null,0,0,0,false
conditional_periapsis,3,1,0,714133,26,1,-482.562531274634,false,0,false,-0.0174874308768987,Flight left the recovery corridor,"{""level"":0,""mass"":1,""thrust"":1,""servo"":1,""wind"":1,""deck"":1,""noise"":0}",null,165.84999999999656,false,0,12045.57457886092,"[{""name"":""Launch"",""time"":1.7000000000000008,""altitude"":4.186748091315179},{""name"":""Space"",""time"":118.34999999999656,""altitude"":801.5846964985778}]",0.7883753435859109,1146.050412303093,0.053344166966109406,264.0130003593313,0,236.72239027695105,1.7499999999999005,0,0.9171650573936693,false
conditional_periapsis,3,1,1,584473,24,1,-481.48772898214537,false,0,false,-0.07105109790184937,Flight left the recovery corridor,"{""level"":0.4,""mass"":1.0123965861732382,""thrust"":0.990949915316868,""servo"":1.0282920281207044,""wind"":1.0082934134596004,""deck"":0.8579490613429118,""noise"":0.004}",null,157.849999999997,false,0,12047.709686306755,"[{""name"":""Launch"",""time"":1.800000000000001,""altitude"":4.070153547291328},{""name"":""Space"",""time"":110.349999999997,""altitude"":811.2720115756813}]",0.8138083133547387,1176.5699760256864,0.045499034137749195,254.59884096529902,0,241.04594625290156,1.299999999999926,0,0.9178008744489561,false
conditional_periapsis,3,1,2,594864,25,1,-480.97627954523796,false,0,false,-0.0686721832853915,Flight left the recovery corridor,"{""level"":0,""mass"":1,""thrust"":1,""servo"":1,""wind"":1,""deck"":1,""noise"":0}",null,154.09999999999718,false,0,11994.863528257863,"[{""name"":""Launch"",""time"":1.7500000000000009,""altitude"":4.024771275204124},{""name"":""Space"",""time"":106.84999999999718,""altitude"":801.5517851158046}]",0.8086260762557866,1170.351291506944,0.048760518449135114,258.5126221389621,0,235.76898813518892,1.599999999999909,0,0.9170248511963514,false
conditional_periapsis,3,1,3,605255,26,1,-485.27740330976013,false,0,false,-0.007592830801606793,Flight left the recovery corridor,"{""level"":0.4,""mass"":0.9751983228506517,""thrust"":0.9670899006549541,""servo"":0.9215901047489898,""wind"":1.1172324308261492,""deck"":1.0147672166710695,""noise"":0.004}",null,171.34999999999638,false,0,12033.808909409914,"[{""name"":""Launch"",""time"":1.7000000000000008,""altitude"":4.018394390611668},{""name"":""Space"",""time"":122.8499999999964,""altitude"":816.2642422639267}]",0.7869456232596077,1144.3347479115291,0.05743520306938323,268.92224368325986,0,239.58657883326305,2.299999999999912,0,0.917586261593127,false
conditional_periapsis,3,1,4,615646,24,1,-483.70353666020577,false,0,false,-0.04113986199197789,Flight left the recovery corridor,"{""level"":0,""mass"":1,""thrust"":1,""servo"":1,""wind"":1,""deck"":1,""noise"":0}",null,154.14999999999714,false,0,12008.601614937394,"[{""name"":""Launch"",""time"":1.7500000000000009,""altitude"":4.16126340092886},{""name"":""Space"",""time"":106.64999999999714,""altitude"":816.3334401808662}]",0.8138930675728293,1176.6716810873952,0.05182883947068014,262.1946073648162,0,227.0936899802382,1.899999999999892,0,0.9157490720559174,false
conditional_periapsis,3,1,5,626037,25,1,-482.2754857798485,false,0,false,-0.06948144814821754,Flight left the recovery corridor,"{""level"":0.4,""mass"":1.025088755698434,""thrust"":0.9952510595113163,""servo"":0.8821019609759517,""wind"":1.0626529041168111,""deck"":1.0370582238461685,""noise"":0.004}",null,161.84999999999695,false,0,12067.799478641624,"[{""name"":""Launch"",""time"":1.850000000000001,""altitude"":4.123260536862954},{""name"":""Space"",""time"":111.59999999999697,""altitude"":803.244273635157}]",0.7964224851564072,1155.7069821876887,0.052505808290532446,263.0069699486389,0,234.8107391823214,1.7499999999999432,0,0.9168839322326944,false
conditional_periapsis,3,2,0,714133,26,1,-475.5005633695523,false,0,false,-0.3563652702175316,Flight left the recovery corridor,"{""level"":0,""mass"":1,""thrust"":1,""servo"":1,""wind"":1,""deck"":1,""noise"":0}",null,46.19999999999998,false,0,12023.343916623624,"[{""name"":""Launch"",""time"":1.0500000000000003,""altitude"":4.391779031040526},{""name"":""Space"",""time"":15.449999999999982,""altitude"":813.7728147773084}]",0.2076840899470212,449.2209079364254,1.6300659560726774e-18,200,0,null,0,0,0,false
conditional_periapsis,3,2,1,584473,24,1,-476.5683885610102,false,0,false,-0.2766469701664974,Flight left the recovery corridor,"{""level"":0.4,""mass"":1.0123965861732382,""thrust"":0.990949915316868,""servo"":1.0282920281207044,""wind"":1.0082934134596004,""deck"":0.8579490613429118,""noise"":0.004}",null,48.09999999999999,false,0,12151.364666035517,"[{""name"":""Launch"",""time"":1.0500000000000003,""altitude"":4.186847556515341},{""name"":""Space"",""time"":16.349999999999987,""altitude"":812.2535667256096}]",0.1352905888665546,362.34870663986555,1.2753631671792073e-17,200.00000000000003,0,null,0,0,0,false
conditional_periapsis,3,2,2,594864,25,1,-475.3364594409109,false,0,false,-0.35595787145905944,Flight left the recovery corridor,"{""level"":0,""mass"":1,""thrust"":1,""servo"":1,""wind"":1,""deck"":1,""noise"":0}",null,47.149999999999984,false,0,12067.997045180098,"[{""name"":""Launch"",""time"":1.0500000000000003,""altitude"":4.309810670229659},{""name"":""Space"",""time"":15.899999999999984,""altitude"":815.8377224960019}]",0.13529355410268842,362.35226492322613,1.2338422165164275e-17,200.00000000000003,0,null,0,0,0,false
conditional_periapsis,3,2,3,605255,26,1,-475.13436254677714,false,0,false,-0.278185772702759,Flight left the recovery corridor,"{""level"":0.4,""mass"":0.9751983228506517,""thrust"":0.9670899006549541,""servo"":0.9215901047489898,""wind"":1.1172324308261492,""deck"":1.0147672166710695,""noise"":0.004}",null,46.79999999999998,false,0,12088.277705706396,"[{""name"":""Launch"",""time"":1.0500000000000003,""altitude"":4.119713469438857},{""name"":""Space"",""time"":15.799999999999983,""altitude"":808.9302265934355}]",0.2077443240700372,449.29318888404464,1.6845154653219937e-18,200,0,null,0,0,0,false
conditional_periapsis,3,2,4,615646,24,1,-475.3947122576674,false,0,false,-0.2671176820673085,Flight left the recovery corridor,"{""level"":0,""mass"":1,""thrust"":1,""servo"":1,""wind"":1,""deck"":1,""noise"":0}",null,47.149999999999984,false,0,12065.56536852706,"[{""name"":""Launch"",""time"":1.0500000000000003,""altitude"":4.315428835421727},{""name"":""Space"",""time"":15.899999999999984,""altitude"":815.0937696855822}]",0.13529355189591039,362.35226227509247,1.232630166177702e-17,200.00000000000003,0,null,0,0,0,false
conditional_periapsis,3,2,5,626037,25,1,-475.3903422723499,false,0,false,-0.38128591889334684,Flight left the recovery corridor,"{""level"":0.4,""mass"":1.025088755698434,""thrust"":0.9952510595113163,""servo"":0.8821019609759517,""wind"":1.0626529041168111,""deck"":1.0370582238461685,""noise"":0.004}",null,48.249999999999986,false,0,12032.348095722924,"[{""name"":""Launch"",""time"":1.1000000000000003,""altitude"":4.244230962965723},{""name"":""Space"",""time"":16.49999999999999,""altitude"":818.9760479909456}]",0.135335283277799,362.4023399333588,1.3300076432089336e-17,200.00000000000003,0,null,0,0,0,false
conditional_periapsis,3,3,0,714133,26,1,-618.0270077335355,false,0,false,-0.2748414018413115,Returned before completing an orbit,"{""level"":0,""mass"":1,""thrust"":1,""servo"":1,""wind"":1,""deck"":1,""noise"":0}","{""error"":17835.191140327457,""speed"":32.37159179913715,""lateral"":91.37766317781735,""tilt"":0.5038870510641194}",134.64999999999637,false,0,98.23110722415836,"[{""name"":""Launch"",""time"":1.850000000000001,""altitude"":4.006042123013296}]",0.2883691209534074,360.0759604618258,4.125888146342999e-14,14.033015317786422,0,null,0,0,0,false
conditional_periapsis,3,3,1,584473,24,1,-617.8862365448165,false,0,false,-0.30448213827107456,Returned before completing an orbit,"{""level"":0.4,""mass"":1.0123965861732382,""thrust"":0.990949915316868,""servo"":1.0282920281207044,""wind"":1.0082934134596004,""deck"":0.8579490613429118,""noise"":0.004}","{""error"":17932.673221172572,""speed"":32.87259482382289,""lateral"":92.14474456393587,""tilt"":0.486118529872242}",137.449999999997,false,0,106.04616100692387,"[{""name"":""Launch"",""time"":2.000000000000001,""altitude"":4.042485786649474}]",0.22250811702996873,288.2189726373473,6.139265920097717e-13,21.209232202121484,0,null,0,0,0,false
conditional_periapsis,3,3,2,594864,25,1,-617.9691292737222,false,0,false,-0.2562437839325952,Returned before completing an orbit,"{""level"":0,""mass"":1,""thrust"":1,""servo"":1,""wind"":1,""deck"":1,""noise"":0}","{""error"":18286.157972900037,""speed"":33.1975048524683,""lateral"":91.0616964932907,""tilt"":0.47767362063738994}",137.399999999997,false,0,105.72505012988644,"[{""name"":""Launch"",""time"":1.950000000000001,""altitude"":4.07890102647222}]",0.22008680339182085,285.2491740961623,5.318890812747726e-13,21.145010026615555,0,null,0,0,0,false
conditional_periapsis,3,3,3,605255,26,1,-618.0806224892102,false,0,false,-0.27885004908929906,Returned before completing an orbit,"{""level"":0.4,""mass"":0.9751983228506517,""thrust"":0.9670899006549541,""servo"":0.9215901047489898,""wind"":1.1172324308261492,""deck"":1.0147672166710695,""noise"":0.004}","{""error"":17688.72049619382,""speed"":32.65843983942134,""lateral"":89.92301323582713,""tilt"":0.5247457232912275}",134.59999999999636,false,0,98.82592270298927,"[{""name"":""Launch"",""time"":1.950000000000001,""altitude"":4.188714995076644}]",0.2867768206307953,358.25017371452424,3.529338455822122e-14,14.117988957612248,0,null,0,0,0,false
conditional_periapsis,3,3,4,615646,24,1,-618.1597756232544,false,0,false,-0.2568131407659227,Returned before completing an orbit,"{""level"":0,""mass"":1,""thrust"":1,""servo"":1,""wind"":1,""deck"":1,""noise"":0}","{""error"":18320.45795557393,""speed"":33.698746572214645,""lateral"":91.85841581089208,""tilt"":0.4823771315442147}",137.54999999999703,false,0,109.88944285982818,"[{""name"":""Launch"",""time"":1.950000000000001,""altitude"":4.134883258739519}]",0.22215554697735893,288.56454494479635,5.206403837708158e-13,21.977888572590405,0,null,0,0,0,false
conditional_periapsis,3,3,5,626037,25,1,-618.0152703586543,false,0,false,-0.31120139975057465,Returned before completing an orbit,"{""level"":0.4,""mass"":1.025088755698434,""thrust"":0.9952510595113163,""servo"":0.8821019609759517,""wind"":1.0626529041168111,""deck"":1.0370582238461685,""noise"":0.004}","{""error"":17786.207232789413,""speed"":32.35872486465046,""lateral"":92.48796691464023,""tilt"":0.468061782882747}",137.0499999999969,false,0,100.07918112518696,"[{""name"":""Launch"",""time"":2.0500000000000007,""altitude"":4.013486594362428}]",0.2162678799894031,279.5372922123211,3.6844123688162585e-13,20.01583622547952,0,null,0,0,0,false
conditional_periapsis,3,4,0,714133,26,1,-476.2785474441841,false,0,false,-0.5675991455665882,Flight left the recovery corridor,"{""level"":0,""mass"":1,""thrust"":1,""servo"":1,""wind"":1,""deck"":1,""noise"":0}",null,43.54999999999998,false,0,12101.328999470834,"[{""name"":""Launch"",""time"":0.9500000000000003,""altitude"":4.075443623004688},{""name"":""Space"",""time"":15.299999999999983,""altitude"":802.0484795813709}]",0.2719589368084221,526.3507241701066,9.55834305138469e-16,200.00000000000114,0,null,0,0,0,false
conditional_periapsis,3,4,1,584473,24,1,-475.54410853892216,false,0,false,-0.42783945015076286,Flight left the recovery corridor,"{""level"":0.4,""mass"":1.0123965861732382,""thrust"":0.990949915316868,""servo"":1.0282920281207044,""wind"":1.0082934134596004,""deck"":0.8579490613429118,""noise"":0.004}",null,44.64999999999998,false,0,12090.888952599113,"[{""name"":""Launch"",""time"":1.0000000000000002,""altitude"":4.501093800181639},{""name"":""Space"",""time"":15.89999999999998,""altitude"":804.4497195691915}]",0.2268118036958028,472.17416443496336,8.918765946061309e-15,200.00000000001071,0,null,0,0,0,false
conditional_periapsis,3,4,2,594864,25,1,-476.34832162278025,false,0,false,-0.5491485525093774,Flight left the recovery corridor,"{""level"":0,""mass"":1,""thrust"":1,""servo"":1,""wind"":1,""deck"":1,""noise"":0}",null,43.499999999999986,false,0,12025.886257045535,"[{""name"":""Launch"",""time"":0.9500000000000003,""altitude"":4.073139397522867},{""name"":""Space"",""time"":15.249999999999982,""altitude"":817.6157549890229}]",0.19920511739655503,439.04614087586606,4.908147417757133e-16,200.0000000000006,0,null,0,0,0,false
conditional_periapsis,3,4,3,605255,26,1,-475.6050517108734,false,0,false,-0.423518012715793,Flight left the recovery corridor,"{""level"":0.4,""mass"":0.9751983228506517,""thrust"":0.9670899006549541,""servo"":0.9215901047489898,""wind"":1.1172324308261492,""deck"":1.0147672166710695,""noise"":0.004}",null,44.94999999999998,false,0,12076.525764770862,"[{""name"":""Launch"",""time"":1.0000000000000002,""altitude"":4.312971795906254},{""name"":""Space"",""time"":16.44999999999998,""altitude"":801.9464084902637}]",0.35901012370745755,630.8121484489491,1.9137680713833506e-12,200.00000000229653,0,null,0,0,0,false
conditional_periapsis,3,4,4,615646,24,1,-476.5499677294433,false,0,false,-0.4376970544984855,Flight left the recovery corridor,"{""level"":0,""mass"":1,""thrust"":1,""servo"":1,""wind"":1,""deck"":1,""noise"":0}",null,43.999999999999986,false,0,12056.71080241892,"[{""name"":""Launch"",""time"":0.9500000000000003,""altitude"":4.0743654271796395},{""name"":""Space"",""time"":15.499999999999982,""altitude"":813.9882808799001}]",0.2162720321606543,459.52643859278515,2.398279231291451e-15,200.00000000000287,0,null,0,0,0,false
conditional_periapsis,3,4,5,626037,25,1,-476.7412032427439,false,0,false,-0.5492906337780448,Flight left the recovery corridor,"{""level"":0.4,""mass"":1.025088755698434,""thrust"":0.9952510595113163,""servo"":0.8821019609759517,""wind"":1.0626529041168111,""deck"":1.0370582238461685,""noise"":0.004}",null,44.999999999999986,false,0,12008.409135242342,"[{""name"":""Launch"",""time"":1.0000000000000002,""altitude"":4.028119754308538},{""name"":""Space"",""time"":15.999999999999982,""altitude"":809.5188157659346}]",0.2219842393140637,466.3810871768764,4.272827278109279e-15,200.00000000000512,0,null,0,0,0,false
conditional_periapsis,3,5,0,714133,26,1,-475.7804017596162,false,0,false,-0.32241174148427515,Flight left the recovery corridor,"{""level"":0,""mass"":1,""thrust"":1,""servo"":1,""wind"":1,""deck"":1,""noise"":0}",null,41.149999999999984,false,0,12113.979454513566,"[{""name"":""Launch"",""time"":1.0000000000000002,""altitude"":4.272817076839683},{""name"":""Space"",""time"":12.899999999999983,""altitude"":810.4693627022281}]",0.20768403817023676,449.22084580428407,1.4623302611196036e-18,200,0,null,0,0,0,false
conditional_periapsis,3,5,1,584473,24,1,-475.38142358416565,false,0,false,-0.32591507598124203,Flight left the recovery corridor,"{""level"":0.4,""mass"":1.0123965861732382,""thrust"":0.990949915316868,""servo"":1.0282920281207044,""wind"":1.0082934134596004,""deck"":0.8579490613429118,""noise"":0.004}",null,42.09999999999998,false,0,12154.85492914293,"[{""name"":""Launch"",""time"":1.0000000000000002,""altitude"":4.124633128397031},{""name"":""Space"",""time"":13.349999999999982,""altitude"":823.3022188075336}]",0.13529055333258383,362.3486639991006,1.1260701027445115e-17,200,0,null,0,0,0,false
conditional_periapsis,3,5,2,594864,25,1,-475.0586006847935,false,0,false,-0.4005465201804106,Flight left the recovery corridor,"{""level"":0,""mass"":1,""thrust"":1,""servo"":1,""wind"":1,""deck"":1,""noise"":0}",null,41.19999999999998,false,0,12014.193804035202,"[{""name"":""Launch"",""time"":1.0000000000000002,""altitude"":4.211522426331262},{""name"":""Space"",""time"":12.949999999999982,""altitude"":814.7305199498204}]",0.13529352020267502,362.35222424321,1.0976945118009282e-17,200,0,null,0,0,0,false
conditional_periapsis,3,5,3,605255,26,1,-476.03316940844644,false,0,false,-0.4228171369509018,Flight left the recovery corridor,"{""level"":0.4,""mass"":0.9751983228506517,""thrust"":0.9670899006549541,""servo"":0.9215901047489898,""wind"":1.1172324308261492,""deck"":1.0147672166710695,""noise"":0.004}",null,41.44999999999998,false,0,12087.721192707473,"[{""name"":""Launch"",""time"":1.0000000000000002,""altitude"":4.005647872979351},{""name"":""Space"",""time"":12.949999999999982,""altitude"":806.1517808093009}]",0.20774428352097304,449.2931402251677,1.509973699922625e-18,200,0,null,0,0,0,false
conditional_periapsis,3,5,4,615646,24,1,-475.6729849153687,false,0,false,-0.4088867388613765,Flight left the recovery corridor,"{""level"":0,""mass"":1,""thrust"":1,""servo"":1,""wind"":1,""deck"":1,""noise"":0}",null,41.44999999999998,false,0,12161.517448406825,"[{""name"":""Launch"",""time"":1.0000000000000002,""altitude"":4.22515751565037},{""name"":""Space"",""time"":12.949999999999982,""altitude"":806.6844487083197}]",0.13529351833499403,362.3522220019928,1.0981706903976221e-17,200,0,null,0,0,0,false
conditional_periapsis,3,5,5,626037,25,1,-474.75845449119714,false,0,false,-0.42616559285454003,Flight left the recovery corridor,"{""level"":0.4,""mass"":1.025088755698434,""thrust"":0.9952510595113163,""servo"":0.8821019609759517,""wind"":1.0626529041168111,""deck"":1.0370582238461685,""noise"":0.004}",null,42.44999999999998,false,0,12115.890483478921,"[{""name"":""Launch"",""time"":1.0500000000000003,""altitude"":4.184251192323567},{""name"":""Space"",""time"":13.449999999999982,""altitude"":817.991521445174}]",0.13533528334444453,362.4023400133334,1.1843023911082344e-17,200.00000000000003,0,null,0,0,0,false
conditional_periapsis,3,6,0,714133,26,1,-475.67228802815265,false,0,false,-0.19682504472241055,Flight left the recovery corridor,"{""level"":0,""mass"":1,""thrust"":1,""servo"":1,""wind"":1,""deck"":1,""noise"":0}",null,49.44999999999999,false,0,12082.510490708311,"[{""name"":""Launch"",""time"":1.0500000000000003,""altitude"":4.234822950491564},{""name"":""Space"",""time"":15.449999999999989,""altitude"":804.1795437407396}]",0.20768398943577307,449.22078732292766,1.7595119156093252e-18,200,0,null,0,0,0,false
conditional_periapsis,3,6,1,584473,24,1,-476.98855631697086,false,0,false,-0.15954594787577703,Flight left the recovery corridor,"{""level"":0.4,""mass"":1.0123965861732382,""thrust"":0.990949915316868,""servo"":1.0282920281207044,""wind"":1.0082934134596004,""deck"":0.8579490613429118,""noise"":0.004}",null,51.39999999999999,false,0,12054.994495465759,"[{""name"":""Launch"",""time"":1.1000000000000003,""altitude"":4.4141741860795705},{""name"":""Space"",""time"":16.399999999999995,""altitude"":820.0147168193564}]",0.1352905209018553,362.34862508222636,1.3948115915051152e-17,200.00000000000003,0,null,0,0,0,false
conditional_periapsis,3,6,2,594864,25,1,-474.5179621761821,false,0,false,-0.20597844116105699,Flight left the recovery corridor,"{""level"":0,""mass"":1,""thrust"":1,""servo"":1,""wind"":1,""deck"":1,""noise"":0}",null,50.69999999999999,false,0,12123.717392011322,"[{""name"":""Launch"",""time"":1.0500000000000003,""altitude"":4.126017399333479},{""name"":""Space"",""time"":15.949999999999992,""altitude"":807.191141713313}]",0.13529348808382913,362.352185700595,1.340635058811281e-17,200.00000000000003,0,null,0,0,0,false
conditional_periapsis,3,6,3,605255,26,1,-474.44346752541435,false,0,false,-0.1921706456217116,Flight left the recovery corridor,"{""level"":0.4,""mass"":0.9751983228506517,""thrust"":0.9670899006549541,""servo"":0.9215901047489898,""wind"":1.1172324308261492,""deck"":1.0147672166710695,""noise"":0.004}",null,49.79999999999999,false,0,12005.007793334431,"[{""name"":""Launch"",""time"":1.1000000000000003,""altitude"":4.402646014744638},{""name"":""Space"",""time"":15.79999999999999,""altitude"":822.8217850323342}]",0.20774424306638772,449.2930916796653,1.824461030348719e-18,200,0,null,0,0,0,false
conditional_periapsis,3,6,4,615646,24,1,-475.95059940707966,false,0,false,-0.20020432049383294,Flight left the recovery corridor,"{""level"":0,""mass"":1,""thrust"":1,""servo"":1,""wind"":1,""deck"":1,""noise"":0}",null,50.69999999999999,false,0,12120.493861146553,"[{""name"":""Launch"",""time"":1.0500000000000003,""altitude"":4.111838894944357},{""name"":""Space"",""time"":15.949999999999992,""altitude"":804.7294658041553}]",0.13529348701323907,362.3521844158869,1.3494357140743744e-17,200.00000000000003,0,null,0,0,0,false
conditional_periapsis,3,6,5,626037,25,1,-474.6366488690759,false,0,false,-0.19859317312713767,Flight left the recovery corridor,"{""level"":0.4,""mass"":1.025088755698434,""thrust"":0.9952510595113163,""servo"":0.8821019609759517,""wind"":1.0626529041168111,""deck"":1.0370582238461685,""noise"":0.004}",null,52,false,0,12078.387371915136,"[{""name"":""Launch"",""time"":1.1000000000000003,""altitude"":4.078465303408294},{""name"":""Space"",""time"":16.499999999999996,""altitude"":805.950586164767}]",0.13533528364341085,362.402340372093,1.4375874640854124e-17,200.00000000000003,0,null,0,0,0,false
conditional_periapsis,3,7,0,714133,26,1,-476.70411619589254,false,0,false,-0.3679838380195635,Flight left the recovery corridor,"{""level"":0,""mass"":1,""thrust"":1,""servo"":1,""wind"":1,""deck"":1,""noise"":0}",null,48.24999999999998,false,0,12072.440453836702,"[{""name"":""Launch"",""time"":1.0500000000000003,""altitude"":4.417754760618843},{""name"":""Space"",""time"":15.249999999999979,""altitude"":808.7190833329039}]",0.20768400805702186,449.2208096684262,1.6151333145479992e-18,200,0,null,0,0,0,false
conditional_periapsis,3,7,1,584473,24,1,-476.4224630567477,false,0,false,-0.3577460682538622,Flight left the recovery corridor,"{""level"":0.4,""mass"":1.0123965861732382,""thrust"":0.990949915316868,""servo"":1.0282920281207044,""wind"":1.0082934134596004,""deck"":0.8579490613429118,""noise"":0.004}",null,49.34999999999998,false,0,12074.98400537121,"[{""name"":""Launch"",""time"":1.0500000000000003,""altitude"":4.191222146182877},{""name"":""Space"",""time"":16.099999999999984,""altitude"":820.2971447533304}]",0.13529053284149362,362.3486394097923,1.2645306158874852e-17,200.00000000000003,0,null,0,0,0,false
conditional_periapsis,3,7,2,594864,25,1,-476.91216516528834,false,0,false,-0.36884743069575715,Flight left the recovery corridor,"{""level"":0,""mass"":1,""thrust"":1,""servo"":1,""wind"":1,""deck"":1,""noise"":0}",null,48.89999999999998,false,0,12079.686376081749,"[{""name"":""Launch"",""time"":1.0500000000000003,""altitude"":4.320449488334299},{""name"":""Space"",""time"":15.64999999999998,""altitude"":807.88097804943}]",0.13529350043761662,362.35220052513995,1.228035800590959e-17,200.00000000000003,0,null,0,0,0,false
conditional_periapsis,3,7,3,605255,26,1,-476.05758648950416,false,0,false,-0.3651293155420472,Flight left the recovery corridor,"{""level"":0.4,""mass"":0.9751983228506517,""thrust"":0.9670899006549541,""servo"":0.9215901047489898,""wind"":1.1172324308261492,""deck"":1.0147672166710695,""noise"":0.004}",null,49.09999999999998,false,0,12096.32122292136,"[{""name"":""Launch"",""time"":1.0500000000000003,""altitude"":4.1523652802606605},{""name"":""Space"",""time"":15.59999999999998,""altitude"":819.3415834653563}]",0.2077442596666797,449.29311160001566,1.6687816570799062e-18,200,0,null,0,0,0,false
conditional_periapsis,3,7,4,615646,24,1,-476.82474447965853,false,0,false,-0.4440126291871001,Flight left the recovery corridor,"{""level"":0,""mass"":1,""thrust"":1,""servo"":1,""wind"":1,""deck"":1,""noise"":0}",null,48.39999999999998,false,0,12038.327541374942,"[{""name"":""Launch"",""time"":1.0500000000000003,""altitude"":4.319157355798255},{""name"":""Space"",""time"":15.64999999999998,""altitude"":808.1659303940432}]",0.13529349887664457,362.3521986519735,1.2272262379425099e-17,200.00000000000003,0,null,0,0,0,false
conditional_periapsis,3,7,5,626037,25,1,-477.33489935604484,false,0,false,-0.46193012423102525,Flight left the recovery corridor,"{""level"":0.4,""mass"":1.025088755698434,""thrust"":0.9952510595113163,""servo"":0.8821019609759517,""wind"":1.0626529041168111,""deck"":1.0370582238461685,""noise"":0.004}",null,49.94999999999999,false,0,12029.650585091289,"[{""name"":""Launch"",""time"":1.1000000000000003,""altitude"":4.253277311867226},{""name"":""Space"",""time"":15.949999999999985,""altitude"":817.8571978578374}]",0.13533528342715384,362.4023401125846,1.3239276018222568e-17,200.00000000000003,0,null,0,0,0,false
conditional_periapsis,3,8,0,714133,26,1,-594.4095208396996,false,0,false,-0.736050068090794,Orbital mission timed out,"{""level"":0,""mass"":1,""thrust"":1,""servo"":1,""wind"":1,""deck"":1,""noise"":0}",null,650.0499999999565,false,0,0,[],0.21431833169586784,257.18199803504143,1.0133841618343233e-17,1.216060994201188e-14,0,null,0,0,0,false
conditional_periapsis,3,8,1,584473,24,1,-597.8672870004729,false,0,false,-0.8109508386577357,Orbital mission timed out,"{""level"":0.4,""mass"":1.0123965861732382,""thrust"":0.990949915316868,""servo"":1.0282920281207044,""wind"":1.0082934134596004,""deck"":0.8579490613429118,""noise"":0.004}",null,650.0499999999565,false,0,0,[],0.14133930268466205,169.60716322159445,7.471864150652634e-17,8.966236980783161e-14,0,null,0,0,0,false
conditional_periapsis,3,8,2,594864,25,1,-596.8545295951739,false,0,false,-0.8161518780004244,Orbital mission timed out,"{""level"":0,""mass"":1,""thrust"":1,""servo"":1,""wind"":1,""deck"":1,""noise"":0}",null,650.0499999999565,false,0,0,[],0.14154020429227293,169.8482451507275,7.680014675408914e-17,9.216017610490697e-14,0,null,0,0,0,false
conditional_periapsis,3,8,3,605255,26,1,-594.9274738330414,false,0,false,-0.7729445695960273,Orbital mission timed out,"{""level"":0.4,""mass"":0.9751983228506517,""thrust"":0.9670899006549541,""servo"":0.9215901047489898,""wind"":1.1172324308261492,""deck"":1.0147672166710695,""noise"":0.004}",null,650.0499999999565,false,0,0,[],0.21429845719378499,257.158148632542,1.006878885900004e-17,1.2082546630800047e-14,0,null,0,0,0,false
conditional_periapsis,3,8,4,615646,24,1,-597.9510849132037,false,0,false,-0.850050745539501,Orbital mission timed out,"{""level"":0,""mass"":1,""thrust"":1,""servo"":1,""wind"":1,""deck"":1,""noise"":0}",null,650.0499999999565,false,0,0,[],0.14137397339692762,169.64876807631313,7.501396374324077e-17,9.001675649188892e-14,0,null,0,0,0,false
conditional_periapsis,3,8,5,626037,25,1,-596.2391186878829,false,0,false,-0.9129293095642231,Orbital mission timed out,"{""level"":0.4,""mass"":1.025088755698434,""thrust"":0.9952510595113163,""servo"":0.8821019609759517,""wind"":1.0626529041168111,""deck"":1.0370582238461685,""noise"":0.004}",null,650.0499999999565,false,0,0,[],0.1414367792435016,169.72413509220192,7.492846658180595e-17,8.991415989816715e-14,0,null,0,0,0,false
conditional_periapsis,3,9,0,714133,26,1,-481.4431184661875,false,0,false,-0.05820267565618318,Flight left the recovery corridor,"{""level"":0,""mass"":1,""thrust"":1,""servo"":1,""wind"":1,""deck"":1,""noise"":0}",null,149.24999999999727,false,0,12062.52941450788,"[{""name"":""Launch"",""time"":2.2,""altitude"":4.160339189392095},{""name"":""Space"",""time"":104.74999999999729,""altitude"":814.5315562520174}]",0.797494391416051,1156.9932696992614,0.041463874474072106,249.75664936888654,0,237.29195483843887,1.1499999999999346,0,0.9172488168880057,false
conditional_periapsis,3,9,1,584473,24,1,-481.88652535204636,false,0,false,-0.1334680675964329,Flight left the recovery corridor,"{""level"":0.4,""mass"":1.0123965861732382,""thrust"":0.990949915316868,""servo"":1.0282920281207044,""wind"":1.0082934134596004,""deck"":0.8579490613429118,""noise"":0.004}",null,137.94999999999783,false,0,12080.928162583017,"[{""name"":""Launch"",""time"":2.3999999999999995,""altitude"":4.048880976124234},{""name"":""Space"",""time"":93.69999999999784,""altitude"":803.2917601434274}]",0.8074376718040105,1168.9252061648126,0.047438094690349125,256.925713628419,0,229.54174109072756,1.599999999999909,0,0.9161090795721658,false
conditional_periapsis,3,9,2,594864,25,1,-482.428032990688,false,0,false,-0.049798346988106076,Flight left the recovery corridor,"{""level"":0,""mass"":1,""thrust"":1,""servo"":1,""wind"":1,""deck"":1,""noise"":0}",null,137.29999999999797,false,0,12065.14043942139,"[{""name"":""Launch"",""time"":2.3499999999999996,""altitude"":4.074224687792862},{""name"":""Space"",""time"":92.79999999999797,""altitude"":808.4921135879229}]",0.7990488785157306,1158.8586542188768,0.04556025539618932,254.67230647542718,0,234.3223101800695,1.4499999999999176,0,0.9168121044382456,false
conditional_periapsis,3,9,3,605255,26,1,-479.0152990883454,false,0,false,-0.009395056817942731,Flight left the recovery corridor,"{""level"":0.4,""mass"":0.9751983228506517,""thrust"":0.9670899006549541,""servo"":0.9215901047489898,""wind"":1.1172324308261492,""deck"":1.0147672166710695,""noise"":0.004}",null,151.19999999999732,false,0,12074.764702686933,"[{""name"":""Launch"",""time"":2.25,""altitude"":4.048275019240636},{""name"":""Space"",""time"":104.69999999999732,""altitude"":805.9273697857384}]",0.7919640289569707,1150.3568347483647,0.050244174461922836,260.2930093543074,0,235.8882338893718,1.6999999999999034,0,0.9170423873366723,false
conditional_periapsis,3,9,4,615646,24,1,-481.66200434096083,false,0,false,-0.1263521532344938,Flight left the recovery corridor,"{""level"":0,""mass"":1,""thrust"":1,""servo"":1,""wind"":1,""deck"":1,""noise"":0}",null,138.74999999999784,false,0,12090.851735071055,"[{""name"":""Launch"",""time"":2.3,""altitude"":4.08658540258979},{""name"":""Space"",""time"":94.24999999999784,""altitude"":812.2147168100654}]",0.7982764153652154,1157.9316984382585,0.0519867188387803,262.38406260653636,0,211.03917267537145,3.3499999999998096,0,0.9133881136287311,false
conditional_periapsis,3,9,5,626037,25,1,-479.75151567687624,false,0,false,-0.0337733390662494,Flight left the recovery corridor,"{""level"":0.4,""mass"":1.025088755698434,""thrust"":0.9952510595113163,""servo"":0.8821019609759517,""wind"":1.0626529041168111,""deck"":1.0370582238461685,""noise"":0.004}",null,146.14999999999768,false,0,12024.569200900181,"[{""name"":""Launch"",""time"":2.499999999999999,""altitude"":4.000429559248635},{""name"":""Space"",""time"":99.39999999999768,""altitude"":811.0222179040057}]",0.7925640019900031,1151.0768023880037,0.04988373688793254,259.86048426551906,0,238.72058039864987,1.7499999999999574,0,0.9174589088821544,false
conditional_periapsis,3,10,0,714133,26,1,-600.7096649652299,false,0,false,-0.0111040696124543,Returned before completing an orbit,"{""level"":0,""mass"":1,""thrust"":1,""servo"":1,""wind"":1,""deck"":1,""noise"":0}","{""error"":1195.4618445963495,""speed"":38.12682812270109,""lateral"":151.67016224848894,""tilt"":1.0392527606412947}",18.200000000000124,false,0,187.27946729720756,"[{""name"":""Launch"",""time"":1.2000000000000004,""altitude"":4.384579482827281}]",0.23232022055103557,305.5384742751295,9.145008250115112e-17,26.754209613886903,0,null,0,0,0,false
conditional_periapsis,3,10,1,584473,24,1,-600.8125566928221,false,0,false,-0.01631363631116595,Returned before completing an orbit,"{""level"":0.4,""mass"":1.0123965861732382,""thrust"":0.990949915316868,""servo"":1.0282920281207044,""wind"":1.0082934134596004,""deck"":0.8579490613429118,""noise"":0.004}","{""error"":1317.3631061855199,""speed"":27.710794037235033,""lateral"":149.13916231563357,""tilt"":0.8578905381224844}",19.600000000000144,false,0,178.46657217310533,"[{""name"":""Launch"",""time"":1.2000000000000004,""altitude"":4.06112847199366}]",0.16619652434240692,235.12914364550937,8.510078438725236e-16,35.69331443462209,0,null,0,0,0,false
conditional_periapsis,3,10,2,594864,25,1,-600.652660062081,false,0,false,-0.01921334192049879,Returned before completing an orbit,"{""level"":0,""mass"":1,""thrust"":1,""servo"":1,""wind"":1,""deck"":1,""noise"":0}","{""error"":1284.4272301074761,""speed"":32.32503242375409,""lateral"":151.98749850628943,""tilt"":0.9033279788910724}",19.150000000000137,false,0,188.00917737958218,"[{""name"":""Launch"",""time"":1.2000000000000004,""altitude"":4.246951007272676}]",0.16534605764771293,236.01710465317194,7.834111810458922e-16,37.60183547591737,0,null,0,0,0,false
conditional_periapsis,3,10,3,605255,26,1,-600.7466373876441,false,0,false,-0.01502426114585402,Returned before completing an orbit,"{""level"":0.4,""mass"":0.9751983228506517,""thrust"":0.9670899006549541,""servo"":0.9215901047489898,""wind"":1.1172324308261492,""deck"":1.0147672166710695,""noise"":0.004}","{""error"":1201.5984035333959,""speed"":36.71147215989321,""lateral"":150.32004236625107,""tilt"":1.004853310892749}",18.350000000000126,false,0,186.32665791894075,"[{""name"":""Launch"",""time"":1.2000000000000004,""altitude"":4.224135960959533}]",0.23216099196359408,305.21128434473303,9.265694621127967e-17,26.618093988420217,0,null,0,0,0,false
conditional_periapsis,3,10,4,615646,24,1,-600.7722693023577,false,0,false,-0.01690103066045657,Returned before completing an orbit,"{""level"":0,""mass"":1,""thrust"":1,""servo"":1,""wind"":1,""deck"":1,""noise"":0}","{""error"":1294.7257040789705,""speed"":31.536142722174493,""lateral"":151.39473663366778,""tilt"":0.9182462644873952}",19.25000000000014,false,0,185.60720460183975,"[{""name"":""Launch"",""time"":1.2000000000000004,""altitude"":4.220733785479389}]",0.16599716102596407,236.31803415152484,8.382855078442654e-16,37.121440920368954,0,null,0,0,0,false
conditional_periapsis,3,10,5,626037,25,1,-600.8099775843737,false,0,false,-0.013440916595480199,Returned before completing an orbit,"{""level"":0.4,""mass"":1.025088755698434,""thrust"":0.9952510595113163,""servo"":0.8821019609759517,""wind"":1.0626529041168111,""deck"":1.0370582238461685,""noise"":0.004}","{""error"":1326.5074208733884,""speed"":25.847801918312378,""lateral"":148.16834962441692,""tilt"":0.8248241459053159}",19.750000000000146,false,0,176.94572706231426,"[{""name"":""Launch"",""time"":1.2500000000000004,""altitude"":4.254130304333696}]",0.16612652511659184,234.74097555237307,8.200219505096373e-16,35.38914541246383,0,null,0,0,0,false
conditional_periapsis,3,11,0,714133,26,1,-476.20297631688186,false,0,false,-0.3096468544906309,Flight left the recovery corridor,"{""level"":0,""mass"":1,""thrust"":1,""servo"":1,""wind"":1,""deck"":1,""noise"":0}",null,50.1,false,0,12025.351532477976,"[{""name"":""Launch"",""time"":1.1000000000000003,""altitude"":4.250038321659684},{""name"":""Space"",""time"":17.85,""altitude"":820.7610107222764}]",0.20768402957509105,449.22083549010927,2.020421624253721e-18,200,0,null,0,0,0,false
conditional_periapsis,3,11,1,584473,24,1,-477.2267632889309,false,0,false,-0.31064517091957583,Flight left the recovery corridor,"{""level"":0.4,""mass"":1.0123965861732382,""thrust"":0.990949915316868,""servo"":1.0282920281207044,""wind"":1.0082934134596004,""deck"":0.8579490613429118,""noise"":0.004}",null,51.85000000000001,false,0,12020.7296508062,"[{""name"":""Launch"",""time"":1.1000000000000003,""altitude"":4.014006139984144},{""name"":""Space"",""time"":18.60000000000001,""altitude"":808.251931520215}]",0.138021363229537,365.6256358754444,1.5802710267535256e-17,200.00000000000003,0,null,0,0,0,false
conditional_periapsis,3,11,2,594864,25,1,-475.4430106307308,false,0,false,-0.2346648770526766,Flight left the recovery corridor,"{""level"":0,""mass"":1,""thrust"":1,""servo"":1,""wind"":1,""deck"":1,""noise"":0}",null,51.10000000000001,false,0,12081.517059382422,"[{""name"":""Launch"",""time"":1.1000000000000003,""altitude"":4.1115931822448},{""name"":""Space"",""time"":18.100000000000005,""altitude"":823.7038962745659}]",0.13529351454913102,362.3522174589572,1.5442617580286924e-17,200.00000000000003,0,null,0,0,0,false
conditional_periapsis,3,11,3,605255,26,1,-477.15118368969064,false,0,false,-0.2580763633702668,Flight left the recovery corridor,"{""level"":0.4,""mass"":0.9751983228506517,""thrust"":0.9670899006549541,""servo"":0.9215901047489898,""wind"":1.1172324308261492,""deck"":1.0147672166710695,""noise"":0.004}",null,50.7,false,0,12062.27559585663,"[{""name"":""Launch"",""time"":1.1000000000000003,""altitude"":4.002326689232664},{""name"":""Space"",""time"":17.950000000000003,""altitude"":818.8742761351375}]",0.2077442760703262,449.2931312843914,2.072374546008995e-18,200,0,null,0,0,0,false
conditional_periapsis,3,11,4,615646,24,1,-477.17308414580833,false,0,false,-0.31686505944551785,Flight left the recovery corridor,"{""level"":0,""mass"":1,""thrust"":1,""servo"":1,""wind"":1,""deck"":1,""noise"":0}",null,51.050000000000004,false,0,12062.706157432767,"[{""name"":""Launch"",""time"":1.1000000000000003,""altitude"":4.1506917072603375},{""name"":""Space"",""time"":17.800000000000004,""altitude"":800.0251133725832}]",0.13529351278928525,362.3522153471423,1.5267551626978205e-17,200.00000000000003,0,null,0,0,0,false
conditional_periapsis,3,11,5,626037,25,1,-476.5926085621364,false,0,false,-0.3221582648411752,Flight left the recovery corridor,"{""level"":0.4,""mass"":1.025088755698434,""thrust"":0.9952510595113163,""servo"":0.8821019609759517,""wind"":1.0626529041168111,""deck"":1.0370582238461685,""noise"":0.004}",null,52.500000000000014,false,0,12125.786302950924,"[{""name"":""Launch"",""time"":1.1500000000000004,""altitude"":4.047662084853979},{""name"":""Space"",""time"":18.50000000000001,""altitude"":806.0777095408373}]",0.13533528337552775,362.40234005063326,1.666088464993561e-17,200.00000000000003,0,null,0,0,0,false
conditional_periapsis,4,0,0,714133,24,1,-478.68461485684804,false,0,false,-0.27467048208432887,Flight left the recovery corridor,"{""level"":0,""mass"":1,""thrust"":1,""servo"":1,""wind"":1,""deck"":1,""noise"":0}",null,78.30000000000013,false,0,12065.842148998705,"[{""name"":""Launch"",""time"":1.4000000000000006,""altitude"":4.2103022112860025},{""name"":""Space"",""time"":34.30000000000012,""altitude"":811.0955926693637}]",0.17539280026808524,410.47136032170226,1.1283127887636052e-16,200.00000000000014,0,null,0,0,0,false
conditional_periapsis,4,0,1,599900,25,1,-477.75390166859626,false,0,false,-0.20351168793861152,Flight left the recovery corridor,"{""level"":0.4,""mass"":1.0159092865474317,""thrust"":0.9720936932782933,""servo"":0.9635634618107671,""wind"":1.0428350290641748,""deck"":0.9733258060268977,""noise"":0.004}",null,81.45000000000014,false,0,12099.720273147776,"[{""name"":""Launch"",""time"":1.4500000000000006,""altitude"":4.028298200548717},{""name"":""Space"",""time"":37.700000000000145,""altitude"":812.7775448773102}]",0.2027609911878717,443.313189425446,2.5142549235926864e-15,200.000000000003,0,null,0,0,0,false
conditional_periapsis,4,0,2,610291,26,1,-480.33668416025205,false,0,false,-0.2870388358227111,Flight left the recovery corridor,"{""level"":0,""mass"":1,""thrust"":1,""servo"":1,""wind"":1,""deck"":1,""noise"":0}",null,75.8000000000001,false,0,11992.05390190839,"[{""name"":""Launch"",""time"":1.3500000000000005,""altitude"":4.148772337238919},{""name"":""Space"",""time"":32.550000000000104,""altitude"":815.4749165677488}]",0.2427525170586894,491.30302047042727,5.61609722775963e-17,200.00000000000006,0,null,0,0,0,false
conditional_periapsis,4,0,3,620682,24,1,-481.32871033190446,false,0,false,-0.28359509682748296,Flight left the recovery corridor,"{""level"":0.4,""mass"":1.0249772481929473,""thrust"":0.9648022504031921,""servo"":0.8721900477096804,""wind"":1.1007241071881264,""deck"":0.9955778308544985,""noise"":0.004}",null,83.10000000000015,false,0,11996.255625577362,"[{""name"":""Launch"",""time"":1.5000000000000007,""altitude"":4.101826895038078},{""name"":""Space"",""time"":38.60000000000015,""altitude"":803.7168586576153}]",0.20965571996876683,451.58686396252017,5.71696121897424e-15,200.00000000000685,0,null,0,0,0,false
conditional_periapsis,4,0,4,631073,25,1,-478.51619848373355,false,0,false,-0.2854676002588665,Flight left the recovery corridor,"{""level"":0,""mass"":1,""thrust"":1,""servo"":1,""wind"":1,""deck"":1,""noise"":0}",null,78.50000000000011,false,0,12054.960421526483,"[{""name"":""Launch"",""time"":1.4000000000000006,""altitude"":4.129811808962199},{""name"":""Space"",""time"":34.000000000000114,""altitude"":800.9284919559552}]",0.17228028486899818,406.73634184279786,7.901696304401928e-17,200.00000000000009,0,null,0,0,0,false
conditional_periapsis,4,0,5,641464,26,1,-478.99448366503333,false,0,false,-0.2772289733738098,Flight left the recovery corridor,"{""level"":0.4,""mass"":1.0000215748575443,""thrust"":0.9953700784806693,""servo"":1.0742618595996196,""wind"":1.0433899879407975,""deck"":1.0173419123779455,""noise"":0.004}",null,75.7000000000001,false,0,12041.761574970787,"[{""name"":""Launch"",""time"":1.3500000000000005,""altitude"":4.129101592359762},{""name"":""Space"",""time"":32.9500000000001,""altitude"":813.1701975185941}]",0.2459042085515852,495.08505026190227,8.83698460649077e-17,200.0000000000001,0,null,0,0,0,false
conditional_periapsis,4,1,0,714133,24,1,-483.70353666020577,false,0,false,-0.04113986199197789,Flight left the recovery corridor,"{""level"":0,""mass"":1,""thrust"":1,""servo"":1,""wind"":1,""deck"":1,""noise"":0}",null,154.14999999999714,false,0,12008.601614937394,"[{""name"":""Launch"",""time"":1.7500000000000009,""altitude"":4.16126340092886},{""name"":""Space"",""time"":106.64999999999714,""altitude"":816.3334401808662}]",0.8138930675728293,1176.6716810873952,0.05182883947068014,262.1946073648162,0,227.0936899802382,1.899999999999892,0,0.9157490720559174,false
conditional_periapsis,4,1,1,599900,25,1,-485.116798311055,false,0,false,-0.0278484664410497,Flight left the recovery corridor,"{""level"":0.4,""mass"":1.0159092865474317,""thrust"":0.9720936932782933,""servo"":0.9635634618107671,""wind"":1.0428350290641748,""deck"":0.9733258060268977,""noise"":0.004}",null,166.0999999999966,false,0,12077.450739278449,"[{""name"":""Launch"",""time"":1.900000000000001,""altitude"":4.174552073021502},{""name"":""Space"",""time"":116.09999999999663,""altitude"":805.0614199478797}]",0.8091224928663008,1170.9469914395609,0.05723829015105553,268.68594818126667,0,230.5847465867164,3.149999999999821,0,0.9162624627333407,false
conditional_periapsis,4,1,2,610291,26,1,-488.14160369824947,false,0,false,0.0384332188422791,Flight left the recovery corridor,"{""level"":0,""mass"":1,""thrust"":1,""servo"":1,""wind"":1,""deck"":1,""noise"":0}",null,171.29999999999634,false,0,12034.61103749469,"[{""name"":""Launch"",""time"":1.7000000000000008,""altitude"":4.1883293536360515},{""name"":""Space"",""time"":123.54999999999634,""altitude"":812.4644588649136}]",0.7974643207770505,1156.9571849324607,0.0483509976161971,258.02119713943654,0,243.29075716506304,1.4499999999999176,0,0.9181309937007446,false
conditional_periapsis,4,1,3,620682,24,1,-483.69307684582964,false,0,false,-0.06221386376813062,Flight left the recovery corridor,"{""level"":0.4,""mass"":1.0249772481929473,""thrust"":0.9648022504031921,""servo"":0.8721900477096804,""wind"":1.1007241071881264,""deck"":0.9955778308544985,""noise"":0.004}",null,166.49999999999676,false,0,12013.201576824493,"[{""name"":""Launch"",""time"":1.950000000000001,""altitude"":4.030924746377433},{""name"":""Space"",""time"":115.74999999999675,""altitude"":807.7633739490068}]",0.8085537608362001,1170.2645130034402,0.05523989243828909,266.2878709259469,0,239.33608518657275,1.899999999999892,0,0.917549424292143,false
conditional_periapsis,4,1,4,631073,25,1,-484.0647089642534,false,0,false,-0.04142199255978035,Flight left the recovery corridor,"{""level"":0,""mass"":1,""thrust"":1,""servo"":1,""wind"":1,""deck"":1,""noise"":0}",null,155.3499999999971,false,0,12002.583596580555,"[{""name"":""Launch"",""time"":1.7500000000000009,""altitude"":4.102560884211913},{""name"":""Space"",""time"":108.0999999999971,""altitude"":816.5591212584618}]",0.8074558801494408,1168.9470561793291,0.051727541153751826,262.0730493845022,0,232.87230684706628,1.8499999999998948,0,0.9165988686539803,false
conditional_periapsis,4,1,5,641464,26,1,-488.0713703113357,false,0,false,0.052498315788860585,Flight left the recovery corridor,"{""level"":0.4,""mass"":1.0000215748575443,""thrust"":0.9953700784806693,""servo"":1.0742618595996196,""wind"":1.0433899879407975,""deck"":1.0173419123779455,""noise"":0.004}",null,170.99999999999628,false,0,12066.433673591855,"[{""name"":""Launch"",""time"":1.7000000000000008,""altitude"":4.145657396568733},{""name"":""Space"",""time"":123.49999999999628,""altitude"":806.7676036713858}]",0.7906248574876993,1148.7498289852392,0.05650889349007825,267.8106721880939,0,238.37430106278316,2.3499999999998664,0,0.9174079854504092,false
conditional_periapsis,4,2,0,714133,24,1,-477.7619389661018,false,0,false,-0.49514937040147916,Flight left the recovery corridor,"{""level"":0,""mass"":1,""thrust"":1,""servo"":1,""wind"":1,""deck"":1,""noise"":0}",null,78.34999999999994,false,0,12135.96917647304,"[{""name"":""Launch"",""time"":1.6500000000000008,""altitude"":4.159151219789484},{""name"":""Space"",""time"":50.099999999999945,""altitude"":822.3264756508098}]",0.7671638102451706,1120.5965722942046,0.008824702753575001,210.58964330429,0,null,0,0,0,false
conditional_periapsis,4,2,1,599900,25,1,-478.2332731114088,false,0,false,-0.36552830092896643,Flight left the recovery corridor,"{""level"":0.4,""mass"":1.0159092865474317,""thrust"":0.9720936932782933,""servo"":0.9635634618107671,""wind"":1.0428350290641748,""deck"":0.9733258060268977,""noise"":0.004}",null,82.29999999999981,false,0,12036.938406716163,"[{""name"":""Launch"",""time"":1.800000000000001,""altitude"":4.19401879199866},{""name"":""Space"",""time"":53.04999999999982,""altitude"":824.6735970560791}]",0.7685072350847071,1122.2086821016485,0.007990107008784728,209.58812841054169,0,null,0,0,0,false
conditional_periapsis,4,2,2,610291,26,1,-479.54995949614045,false,0,false,-0.4114196233280738,Flight left the recovery corridor,"{""level"":0,""mass"":1,""thrust"":1,""servo"":1,""wind"":1,""deck"":1,""noise"":0}",null,82.44999999999973,false,0,12018.488784914525,"[{""name"":""Launch"",""time"":1.6000000000000008,""altitude"":4.088363116432221},{""name"":""Space"",""time"":54.69999999999974,""altitude"":809.8441580384044}]",0.7707754888793334,1124.9305866552002,0.01576780251134229,218.92136301361074,0,null,0,0,0,false
conditional_periapsis,4,2,3,620682,24,1,-479.7315935508965,false,0,false,-0.508909861999901,Flight left the recovery corridor,"{""level"":0.4,""mass"":1.0249772481929473,""thrust"":0.9648022504031921,""servo"":0.8721900477096804,""wind"":1.1007241071881264,""deck"":0.9955778308544985,""noise"":0.004}",null,84.59999999999977,false,0,12082.433018828,"[{""name"":""Launch"",""time"":1.850000000000001,""altitude"":4.134271045988038},{""name"":""Space"",""time"":55.349999999999774,""altitude"":816.0059020145754}]",0.7532236192338021,1103.8683430805627,0.0063808055372922045,207.65696664475064,0,null,0,0,0,false
conditional_periapsis,4,2,4,631073,25,1,-478.78094153639245,false,0,false,-0.3952307342797333,Flight left the recovery corridor,"{""level"":0,""mass"":1,""thrust"":1,""servo"":1,""wind"":1,""deck"":1,""noise"":0}",null,79.49999999999991,false,0,12086.049447971742,"[{""name"":""Launch"",""time"":1.7000000000000008,""altitude"":4.120367459104049},{""name"":""Space"",""time"":51.49999999999992,""altitude"":813.7479291231051}]",0.7700432146765752,1124.0518576118902,0.009185210937835713,211.02225312540287,0,null,0,0,0,false
conditional_periapsis,4,2,5,641464,26,1,-479.31575622228,false,0,false,-0.5006041413049155,Flight left the recovery corridor,"{""level"":0.4,""mass"":1.0000215748575443,""thrust"":0.9953700784806693,""servo"":1.0742618595996196,""wind"":1.0433899879407975,""deck"":1.0173419123779455,""noise"":0.004}",null,81.5499999999997,false,0,12051.683913959352,"[{""name"":""Launch"",""time"":1.5500000000000007,""altitude"":4.0017647373928895},{""name"":""Space"",""time"":54.049999999999706,""altitude"":807.7945678928055}]",0.7721947998548542,1126.633759825825,0.017241125918181627,220.68935110181795,0,null,0,0,0,false
conditional_periapsis,4,3,0,714133,24,1,-613.2726481556596,false,0,false,0.05212430577431388,Returned before completing an orbit,"{""level"":0,""mass"":1,""thrust"":1,""servo"":1,""wind"":1,""deck"":1,""noise"":0}","{""error"":25598.82309143464,""speed"":42.31577628189873,""lateral"":98.30177995377926,""tilt"":0.2832463817416953}",160.3500000000022,false,0,227.12521528669902,"[{""name"":""Launch"",""time"":1.7500000000000009,""altitude"":4.083180075765048}]",0.35412338709403873,470.3731075701863,7.062930437407883e-09,45.42505153285633,0,null,0,0,0,false
conditional_periapsis,4,3,1,599900,25,1,-612.3033510780182,false,0,false,0.05415452233517435,Returned before completing an orbit,"{""level"":0.4,""mass"":1.0159092865474317,""thrust"":0.9720936932782933,""servo"":0.9635634618107671,""wind"":1.0428350290641748,""deck"":0.9733258060268977,""noise"":0.004}","{""error"":24116.142655906857,""speed"":41.715939261606096,""lateral"":96.78218632980226,""tilt"":0.28144055044830674}",157.90000000000165,false,0,211.58820309578863,"[{""name"":""Launch"",""time"":1.900000000000001,""altitude"":4.045963260546431}]",0.3163044732399693,421.88300850712085,7.706251986558716e-10,42.31764154390797,0,null,0,0,0,false
conditional_periapsis,4,3,2,610291,26,1,-612.6569650933214,false,0,false,0.06967985165772585,Returned before completing an orbit,"{""level"":0,""mass"":1,""thrust"":1,""servo"":1,""wind"":1,""deck"":1,""noise"":0}","{""error"":24112.34933325607,""speed"":40.84295615618876,""lateral"":96.30779987509649,""tilt"":0.31071676313834706}",154.25000000000082,false,0,200.93674723649937,"[{""name"":""Launch"",""time"":1.7000000000000008,""altitude"":4.211932856627781}]",0.386090029356935,492.01328483353615,1.4539545763229274e-10,28.705249779688746,0,null,0,0,0,false
conditional_periapsis,4,3,3,620682,24,1,-611.3422799673401,false,0,false,0.022375662955388186,Returned before completing an orbit,"{""level"":0.4,""mass"":1.0249772481929473,""thrust"":0.9648022504031921,""servo"":0.8721900477096804,""wind"":1.1007241071881264,""deck"":0.9955778308544985,""noise"":0.004}","{""error"":23531.205184080376,""speed"":41.79115575135536,""lateral"":96.4442660030934,""tilt"":0.30411602576900065}",157.05000000000146,false,0,208.35579899432824,"[{""name"":""Launch"",""time"":1.950000000000001,""altitude"":4.002119888922161}]",0.29684266362140427,397.8823561445507,2.176890273504872e-10,41.671160060092475,0,null,0,0,0,false
conditional_periapsis,4,3,4,631073,25,1,-614.3758622303948,false,0,false,0.09534471076057648,Returned before completing an orbit,"{""level"":0,""mass"":1,""thrust"":1,""servo"":1,""wind"":1,""deck"":1,""noise"":0}","{""error"":25987.89364520382,""speed"":42.23005792253683,""lateral"":98.48361413440561,""tilt"":0.3042147348082729}",160.95000000000235,false,0,231.51976448150177,"[{""name"":""Launch"",""time"":1.7500000000000009,""altitude"":4.0397132019413}]",0.39829971730249525,524.2636136592946,8.396291442680212e-08,46.304053651797666,0,null,0,0,0,false
conditional_periapsis,4,3,5,641464,26,1,-612.7732590074357,false,0,false,0.08091412756410861,Returned before completing an orbit,"{""level"":0.4,""mass"":1.0000215748575443,""thrust"":0.9953700784806693,""servo"":1.0742618595996196,""wind"":1.0433899879407975,""deck"":1.0173419123779455,""noise"":0.004}","{""error"":24099.30448855264,""speed"":41.06387541668348,""lateral"":96.93319688722981,""tilt"":0.33359556272661584}",154.1500000000008,false,0,202.74945966820076,"[{""name"":""Launch"",""time"":1.7000000000000008,""altitude"":4.115345388237058}]",0.39381034816387217,501.5366263206753,2.730414453830297e-10,28.96420885167841,0,null,0,0,0,false
conditional_periapsis,4,4,0,714133,24,1,-600.7100260472926,false,0,false,-3.9772605836639867,Orbital mission timed out,"{""level"":0,""mass"":1,""thrust"":1,""servo"":1,""wind"":1,""deck"":1,""noise"":0}",null,650.0499999999565,false,0,0,[],0.13761824652086757,165.14189582504108,4.384320301023962e-17,5.261184361228754e-14,0,null,0,0,0,false
conditional_periapsis,4,4,1,599900,25,1,-602.5231201644099,false,0,false,-3.8748614897058413,Orbital mission timed out,"{""level"":0.4,""mass"":1.0159092865474317,""thrust"":0.9720936932782933,""servo"":0.9635634618107671,""wind"":1.0428350290641748,""deck"":0.9733258060268977,""noise"":0.004}",null,650.0499999999565,false,0,0,[],0.13751422939957367,165.0170752794884,4.314681217512866e-17,5.1776174610154396e-14,0,null,0,0,0,false
conditional_periapsis,4,4,2,610291,26,1,-601.8713857039405,false,0,false,-3.7440590268120615,Orbital mission timed out,"{""level"":0,""mass"":1,""thrust"":1,""servo"":1,""wind"":1,""deck"":1,""noise"":0}",null,650.0499999999565,false,0,0,[],0.21057223402306158,252.68668082767388,6.1873095039833826e-18,7.424771404780059e-15,0,null,0,0,0,false
conditional_periapsis,4,4,3,620682,24,1,-600.4907174888223,false,0,false,-3.821470049043208,Orbital mission timed out,"{""level"":0.4,""mass"":1.0249772481929473,""thrust"":0.9648022504031921,""servo"":0.8721900477096804,""wind"":1.1007241071881264,""deck"":0.9955778308544985,""noise"":0.004}",null,650.0499999999565,false,0,0,[],0.13748551575695872,164.98261890835047,4.3011904119125235e-17,5.161428494295028e-14,0,null,0,0,0,false
conditional_periapsis,4,4,4,631073,25,1,-602.3366482742707,false,0,false,-3.8726761251216764,Orbital mission timed out,"{""level"":0,""mass"":1,""thrust"":1,""servo"":1,""wind"":1,""deck"":1,""noise"":0}",null,650.0499999999565,false,0,0,[],0.13780316889965058,165.3638026795807,4.49853851455316e-17,5.3982462174637925e-14,0,null,0,0,0,false
conditional_periapsis,4,4,5,641464,26,1,-600.7834381786413,false,0,false,-3.782435613386817,Orbital mission timed out,"{""level"":0.4,""mass"":1.0000215748575443,""thrust"":0.9953700784806693,""servo"":1.0742618595996196,""wind"":1.0433899879407975,""deck"":1.0173419123779455,""noise"":0.004}",null,650.0499999999565,false,0,0,[],0.2106419636919841,252.77035643038093,6.247422501656484e-18,7.49690700198778e-15,0,null,0,0,0,false
conditional_periapsis,4,5,0,714133,24,1,-480.36557829103873,false,0,false,-0.2257167772532068,Flight left the recovery corridor,"{""level"":0,""mass"":1,""thrust"":1,""servo"":1,""wind"":1,""deck"":1,""noise"":0}",null,102.20000000000029,false,0,12002.039845727173,"[{""name"":""Launch"",""time"":1.6500000000000008,""altitude"":4.094830127041526},{""name"":""Space"",""time"":51.95000000000029,""altitude"":801.8003234737452}]",0.24476822970018539,493.72187564022244,2.0816147841101735e-13,200.0000000002498,0,null,0,0,0,false
conditional_periapsis,4,5,1,599900,25,1,-480.49949164078265,false,0,false,-0.21066676202786386,Flight left the recovery corridor,"{""level"":0.4,""mass"":1.0159092865474317,""thrust"":0.9720936932782933,""servo"":0.9635634618107671,""wind"":1.0428350290641748,""deck"":0.9733258060268977,""noise"":0.004}",null,105.2000000000003,false,0,12056.620683359615,"[{""name"":""Launch"",""time"":1.800000000000001,""altitude"":4.1193650665519215},{""name"":""Space"",""time"":55.700000000000294,""altitude"":808.525379840548}]",0.2730355025575472,527.6426030690566,1.920730811993851e-12,200.0000000023049,0,null,0,0,0,false
conditional_periapsis,4,5,2,610291,26,1,-481.70721543661097,false,0,false,-0.19475481330368674,Flight left the recovery corridor,"{""level"":0,""mass"":1,""thrust"":1,""servo"":1,""wind"":1,""deck"":1,""noise"":0}",null,99.05000000000027,false,0,12054.857621723475,"[{""name"":""Launch"",""time"":1.6000000000000008,""altitude"":4.071874918178132},{""name"":""Space"",""time"":49.80000000000027,""altitude"":804.7409030044183}]",0.33137107985638703,597.6452958276644,5.781557754916292e-13,200.00000000069377,0,null,0,0,0,false
conditional_periapsis,4,5,3,620682,24,1,-480.66203157831575,false,0,false,-0.16859887581040406,Flight left the recovery corridor,"{""level"":0.4,""mass"":1.0249772481929473,""thrust"":0.9648022504031921,""servo"":0.8721900477096804,""wind"":1.1007241071881264,""deck"":0.9955778308544985,""noise"":0.004}",null,106.70000000000024,false,0,12029.741805541298,"[{""name"":""Launch"",""time"":1.850000000000001,""altitude"":4.119862100397945},{""name"":""Space"",""time"":57.20000000000025,""altitude"":809.4460624635035}]",0.2979678873251451,557.5614647901741,1.2872075238797004e-11,200.0000000154465,0,null,0,0,0,false
conditional_periapsis,4,5,4,631073,25,1,-480.46073615703455,false,0,false,-0.217075279182187,Flight left the recovery corridor,"{""level"":0,""mass"":1,""thrust"":1,""servo"":1,""wind"":1,""deck"":1,""noise"":0}",null,101.60000000000028,false,0,12007.808747107585,"[{""name"":""Launch"",""time"":1.7000000000000008,""altitude"":4.235182596746208},{""name"":""Space"",""time"":52.350000000000286,""altitude"":806.8191911123752}]",0.2561541151985303,507.3849382382364,4.832802527654052e-13,200.00000000057994,0,null,0,0,0,false
conditional_periapsis,4,5,5,641464,26,1,-482.70797745400193,false,0,false,-0.1604296292765042,Flight left the recovery corridor,"{""level"":0.4,""mass"":1.0000215748575443,""thrust"":0.9953700784806693,""servo"":1.0742618595996196,""wind"":1.0433899879407975,""deck"":1.0173419123779455,""noise"":0.004}",null,98.70000000000027,false,0,12019.874236606542,"[{""name"":""Launch"",""time"":1.6000000000000008,""altitude"":4.091704360459783},{""name"":""Space"",""time"":49.95000000000027,""altitude"":801.4944777902351}]",0.3234457493442965,588.1348992131558,2.8594712871186285e-13,200.00000000034314,0,null,0,0,0,false
conditional_periapsis,4,6,0,714133,24,1,-601.3121121894017,false,0,false,-3.656643956813426,Orbital mission timed out,"{""level"":0,""mass"":1,""thrust"":1,""servo"":1,""wind"":1,""deck"":1,""noise"":0}",null,650.0499999999565,false,0,0,[],0.1372187881797862,164.66254581574344,4.138340826071408e-17,4.96600899128569e-14,0,null,0,0,0,false
conditional_periapsis,4,6,1,599900,25,1,-602.404988506398,false,0,false,-3.6726957447935686,Orbital mission timed out,"{""level"":0.4,""mass"":1.0159092865474317,""thrust"":0.9720936932782933,""servo"":0.9635634618107671,""wind"":1.0428350290641748,""deck"":0.9733258060268977,""noise"":0.004}",null,650.0499999999565,false,0,0,[],0.1371116480909156,164.53397770909874,4.069115012047969e-17,4.882938014457563e-14,0,null,0,0,0,false
conditional_periapsis,4,6,2,610291,26,1,-601.7668902804742,false,0,false,-3.5849281404790077,Orbital mission timed out,"{""level"":0,""mass"":1,""thrust"":1,""servo"":1,""wind"":1,""deck"":1,""noise"":0}",null,650.0499999999565,false,0,0,[],0.21003813486241737,252.04576183490084,5.76912252004653e-18,6.922947024055835e-15,0,null,0,0,0,false
conditional_periapsis,4,6,3,620682,24,1,-600.9502567631928,false,0,false,-3.6165463765340102,Orbital mission timed out,"{""level"":0.4,""mass"":1.0249772481929473,""thrust"":0.9648022504031921,""servo"":0.8721900477096804,""wind"":1.1007241071881264,""deck"":0.9955778308544985,""noise"":0.004}",null,650.0499999999565,false,0,0,[],0.13711055764331107,164.53266917197328,4.073210077733024e-17,4.8878520932796287e-14,0,null,0,0,0,false
conditional_periapsis,4,6,4,631073,25,1,-602.1181999523324,false,0,false,-3.692873595783389,Orbital mission timed out,"{""level"":0,""mass"":1,""thrust"":1,""servo"":1,""wind"":1,""deck"":1,""noise"":0}",null,650.0499999999565,false,0,0,[],0.13723402720635006,164.68083264762006,4.1430282223737294e-17,4.9716338668484756e-14,0,null,0,0,0,false
conditional_periapsis,4,6,5,641464,26,1,-601.6510517361797,false,0,false,-3.5970376586454313,Orbital mission timed out,"{""level"":0.4,""mass"":1.0000215748575443,""thrust"":0.9953700784806693,""servo"":1.0742618595996196,""wind"":1.0433899879407975,""deck"":1.0173419123779455,""noise"":0.004}",null,650.0499999999565,false,0,0,[],0.21007417246815474,252.08900696178569,5.79684761648389e-18,6.956217139780668e-15,0,null,0,0,0,false
conditional_periapsis,4,7,0,714133,24,1,-481.4197460053499,false,0,false,-0.27586093744521895,Flight left the recovery corridor,"{""level"":0,""mass"":1,""thrust"":1,""servo"":1,""wind"":1,""deck"":1,""noise"":0}",null,85.70000000000016,false,0,12111.221859351726,"[{""name"":""Launch"",""time"":1.5000000000000007,""altitude"":4.268882733629782},{""name"":""Space"",""time"":37.95000000000015,""altitude"":802.6843472303516}]",0.1628582944162969,395.42995329955625,4.868119413808484e-17,200.00000000000006,0,null,0,0,0,false
conditional_periapsis,4,7,1,599900,25,1,-478.9843413552947,false,0,false,-0.19189410575133742,Flight left the recovery corridor,"{""level"":0.4,""mass"":1.0159092865474317,""thrust"":0.9720936932782933,""servo"":0.9635634618107671,""wind"":1.0428350290641748,""deck"":0.9733258060268977,""noise"":0.004}",null,88.65000000000018,false,0,12036.147171428987,"[{""name"":""Launch"",""time"":1.5500000000000007,""altitude"":4.006378656469545},{""name"":""Space"",""time"":41.650000000000176,""altitude"":805.0817036386225}]",0.18638604882282875,423.66325858739447,5.321570313542371e-16,200.00000000000063,0,null,0,0,0,false
conditional_periapsis,4,7,2,610291,26,1,-478.79752117196887,false,0,false,-0.25002229372040113,Flight left the recovery corridor,"{""level"":0,""mass"":1,""thrust"":1,""servo"":1,""wind"":1,""deck"":1,""noise"":0}",null,82.20000000000013,false,0,12021.37207829645,"[{""name"":""Launch"",""time"":1.4500000000000006,""altitude"":4.21133449428093},{""name"":""Space"",""time"":36.45000000000013,""altitude"":806.27356699604}]",0.23828119904285483,485.9374388514258,4.586427411090188e-17,200.00000000000006,0,null,0,0,0,false
conditional_periapsis,4,7,3,620682,24,1,-481.73876442299377,false,0,false,-0.20539871538151258,Flight left the recovery corridor,"{""level"":0.4,""mass"":1.0249772481929473,""thrust"":0.9648022504031921,""servo"":0.8721900477096804,""wind"":1.1007241071881264,""deck"":0.9955778308544985,""noise"":0.004}",null,90.45000000000019,false,0,12105.305406230918,"[{""name"":""Launch"",""time"":1.6500000000000008,""altitude"":4.244834681913174},{""name"":""Space"",""time"":43.20000000000019,""altitude"":808.0164305699108}]",0.19573868069456127,434.8864168334735,1.3172132936078735e-15,200.0000000000016,0,null,0,0,0,false
conditional_periapsis,4,7,4,631073,25,1,-479.4340642206847,false,0,false,-0.27383271981083257,Flight left the recovery corridor,"{""level"":0,""mass"":1,""thrust"":1,""servo"":1,""wind"":1,""deck"":1,""noise"":0}",null,85.55000000000015,false,0,12099.686195938319,"[{""name"":""Launch"",""time"":1.5000000000000007,""altitude"":4.189023166827278},{""name"":""Space"",""time"":38.05000000000015,""altitude"":806.6218774842291}]",0.16459313625350486,397.5117635042058,5.333654584346798e-17,200.00000000000006,0,null,0,0,0,false
conditional_periapsis,4,7,5,641464,26,1,-481.3681607227064,false,0,false,-0.19789923364363052,Flight left the recovery corridor,"{""level"":0.4,""mass"":1.0000215748575443,""thrust"":0.9953700784806693,""servo"":1.0742618595996196,""wind"":1.0433899879407975,""deck"":1.0173419123779455,""noise"":0.004}",null,82.30000000000014,false,0,12073.120351918164,"[{""name"":""Launch"",""time"":1.4500000000000006,""altitude"":4.25480439070771},{""name"":""Space"",""time"":36.55000000000014,""altitude"":808.4254661551084}]",0.2361100214104419,483.3320256925303,3.168698791161464e-17,200.00000000000003,0,null,0,0,0,false
conditional_periapsis,4,8,0,714133,24,1,-477.2057954598992,false,0,false,-0.11792942771340442,Flight left the recovery corridor,"{""level"":0,""mass"":1,""thrust"":1,""servo"":1,""wind"":1,""deck"":1,""noise"":0}",null,73.40000000000005,false,0,12015.459597204557,"[{""name"":""Launch"",""time"":1.2000000000000004,""altitude"":4.377959071591471},{""name"":""Space"",""time"":23.900000000000045,""altitude"":809.973655894649}]",0.13533528329046898,362.40233994856277,1.7800664585022585e-17,200.00000000000003,0,null,0,0,0,false
conditional_periapsis,4,8,1,599900,25,1,-480.6079943460093,false,0,false,-0.1782397743415608,Flight left the recovery corridor,"{""level"":0.4,""mass"":1.0159092865474317,""thrust"":0.9720936932782933,""servo"":0.9635634618107671,""wind"":1.0428350290641748,""deck"":0.9733258060268977,""noise"":0.004}",null,77.50000000000006,false,0,12024.032345706626,"[{""name"":""Launch"",""time"":1.2500000000000004,""altitude"":4.33950481355515},{""name"":""Space"",""time"":25.500000000000057,""altitude"":801.5731738016044}]",0.13533528333660627,362.4023400039275,1.9164513790666236e-17,200.00000000000003,0,null,0,0,0,false
conditional_periapsis,4,8,2,610291,26,1,-477.1361346117924,false,0,false,-0.11839011911394848,Flight left the recovery corridor,"{""level"":0,""mass"":1,""thrust"":1,""servo"":1,""wind"":1,""deck"":1,""noise"":0}",null,70.80000000000004,false,0,12062.18351491222,"[{""name"":""Launch"",""time"":1.1500000000000004,""altitude"":4.138003056555496},{""name"":""Space"",""time"":22.550000000000036,""altitude"":802.7393687548149}]",0.20774818825107025,449.2978259012843,2.3189213905019617e-18,200,0,null,0,0,0,false
conditional_periapsis,4,8,3,620682,24,1,-481.58833984741784,false,0,false,-0.13589129489476445,Flight left the recovery corridor,"{""level"":0.4,""mass"":1.0249772481929473,""thrust"":0.9648022504031921,""servo"":0.8721900477096804,""wind"":1.1007241071881264,""deck"":0.9955778308544985,""noise"":0.004}",null,80.85000000000007,false,0,12031.051190582773,"[{""name"":""Launch"",""time"":1.2500000000000004,""altitude"":4.1183054902281135},{""name"":""Space"",""time"":26.350000000000062,""altitude"":800.1164862524583}]",0.13533528327431643,362.40233992917973,1.98636356377449e-17,200.00000000000003,0,null,0,0,0,false
conditional_periapsis,4,8,4,631073,25,1,-478.6629767087143,false,0,false,-0.13081964584374456,Flight left the recovery corridor,"{""level"":0,""mass"":1,""thrust"":1,""servo"":1,""wind"":1,""deck"":1,""noise"":0}",null,73.60000000000005,false,0,12030.165273395964,"[{""name"":""Launch"",""time"":1.1500000000000004,""altitude"":4.021338683278266},{""name"":""Space"",""time"":23.850000000000044,""altitude"":811.4369297082817}]",0.1353352858037225,362.40234296446704,1.764676881240281e-17,200.00000000000003,0,null,0,0,0,false
conditional_periapsis,4,8,5,641464,26,1,-477.96741469933016,false,0,false,-0.11523363562390411,Flight left the recovery corridor,"{""level"":0.4,""mass"":1.0000215748575443,""thrust"":0.9953700784806693,""servo"":1.0742618595996196,""wind"":1.0433899879407975,""deck"":1.0173419123779455,""noise"":0.004}",null,71.20000000000005,false,0,12070.43864798151,"[{""name"":""Launch"",""time"":1.1500000000000004,""altitude"":4.109076320224716},{""name"":""Space"",""time"":22.95000000000004,""altitude"":803.4234179467031}]",0.2077481886093573,449.29782633122875,2.3501399309786833e-18,200,0,null,0,0,0,false
conditional_periapsis,4,9,0,714133,24,1,-480.61782239591935,false,0,false,-0.07437847029645511,Flight left the recovery corridor,"{""level"":0,""mass"":1,""thrust"":1,""servo"":1,""wind"":1,""deck"":1,""noise"":0}",null,118.69999999999905,false,0,12064.837251935998,"[{""name"":""Launch"",""time"":1.950000000000001,""altitude"":4.091175628970786},{""name"":""Space"",""time"":73.94999999999905,""altitude"":808.3592369535279}]",0.7248059568948773,1069.7671482738529,0.00479050623644193,205.74860748373032,0,null,0,0,0,false
conditional_periapsis,4,9,1,599900,25,1,-482.44860836703947,false,0,false,-0.17539979784376805,Flight left the recovery corridor,"{""level"":0.4,""mass"":1.0159092865474317,""thrust"":0.9720936932782933,""servo"":0.9635634618107671,""wind"":1.0428350290641748,""deck"":0.9733258060268977,""noise"":0.004}",null,126.74999999999864,false,0,12083.909828884847,"[{""name"":""Launch"",""time"":2.1500000000000004,""altitude"":4.0464575493606585},{""name"":""Space"",""time"":80.24999999999864,""altitude"":809.748371775515}]",0.612188681545062,934.6264178540744,9.14231748172248e-05,200.10970780978067,0,null,0,0,0,false
conditional_periapsis,4,9,2,610291,26,1,-479.43834303214027,false,0,false,-0.08709286274685002,Flight left the recovery corridor,"{""level"":0,""mass"":1,""thrust"":1,""servo"":1,""wind"":1,""deck"":1,""noise"":0}",null,123.69999999999862,false,0,12058.578487214581,"[{""name"":""Launch"",""time"":1.850000000000001,""altitude"":4.0426799418327395},{""name"":""Space"",""time"":79.69999999999862,""altitude"":801.414747828784}]",0.7585936445289141,1110.3123734346968,0.01723558867178589,220.68270640614307,0,null,0,0,0,false
conditional_periapsis,4,9,3,620682,24,1,-484.765408025727,false,0,false,-0.17183696516979133,Flight left the recovery corridor,"{""level"":0.4,""mass"":1.0249772481929473,""thrust"":0.9648022504031921,""servo"":0.8721900477096804,""wind"":1.1007241071881264,""deck"":0.9955778308544985,""noise"":0.004}",null,129.09999999999866,false,0,11999.254258970817,"[{""name"":""Launch"",""time"":2.25,""altitude"":4.018315194272171},{""name"":""Space"",""time"":81.59999999999866,""altitude"":808.6646403021689}]",0.6479244703039897,977.5093643647876,0.00023423934482989396,200.28108721379587,0,null,0,0,0,false
conditional_periapsis,4,9,4,631073,25,1,-480.1156648912017,false,0,false,-0.14557543080141894,Flight left the recovery corridor,"{""level"":0,""mass"":1,""thrust"":1,""servo"":1,""wind"":1,""deck"":1,""noise"":0}",null,120.34999999999889,false,0,12043.655258256047,"[{""name"":""Launch"",""time"":2.000000000000001,""altitude"":4.128239172920027},{""name"":""Space"",""time"":75.34999999999889,""altitude"":800.2529774615062}]",0.7052044117780587,1046.2452941336705,0.0027928372804917477,203.3514047365901,0,null,0,0,0,false
conditional_periapsis,4,9,5,641464,26,1,-482.5166441683514,false,0,false,-0.12675019963954456,Flight left the recovery corridor,"{""level"":0.4,""mass"":1.0000215748575443,""thrust"":0.9953700784806693,""servo"":1.0742618595996196,""wind"":1.0433899879407975,""deck"":1.0173419123779455,""noise"":0.004}",null,121.59999999999874,false,0,12075.109639884216,"[{""name"":""Launch"",""time"":1.900000000000001,""altitude"":4.164068295498934},{""name"":""Space"",""time"":78.34999999999874,""altitude"":813.8892646894427}]",0.7507571329420664,1100.9085595304796,0.012533789312649252,215.0405471751791,0,null,0,0,0,false
conditional_periapsis,4,10,0,714133,24,1,-478.57179824153724,false,0,false,-0.4044464805393434,Flight left the recovery corridor,"{""level"":0,""mass"":1,""thrust"":1,""servo"":1,""wind"":1,""deck"":1,""noise"":0}",null,67.10000000000011,false,0,12102.502117904462,"[{""name"":""Launch"",""time"":1.3500000000000005,""altitude"":4.084273817364226},{""name"":""Space"",""time"":28.600000000000104,""altitude"":802.3250774507932}]",0.18153906009479986,417.84687211375984,1.408096249054863e-16,200.00000000000017,0,null,0,0,0,false
conditional_periapsis,4,10,1,599900,25,1,-479.3395082965024,false,0,false,-0.5216779546663742,Flight left the recovery corridor,"{""level"":0.4,""mass"":1.0159092865474317,""thrust"":0.9720936932782933,""servo"":0.9635634618107671,""wind"":1.0428350290641748,""deck"":0.9733258060268977,""noise"":0.004}",null,68.95000000000012,false,0,12022.536805578347,"[{""name"":""Launch"",""time"":1.4500000000000006,""altitude"":4.222936523648205},{""name"":""Space"",""time"":29.95000000000012,""altitude"":803.6759423967284}]",0.17657771442589537,411.8932573110744,7.836947913475977e-17,200.00000000000009,0,null,0,0,0,false
conditional_periapsis,4,10,2,610291,26,1,-477.8118728321835,false,0,false,-0.4875924659796435,Flight left the recovery corridor,"{""level"":0,""mass"":1,""thrust"":1,""servo"":1,""wind"":1,""deck"":1,""noise"":0}",null,64.8500000000001,false,0,12037.48870702729,"[{""name"":""Launch"",""time"":1.3500000000000005,""altitude"":4.273207029691671},{""name"":""Space"",""time"":27.850000000000094,""altitude"":810.19931601763}]",0.26204554780266825,514.4546573632019,4.885173759855029e-16,200.0000000000006,0,null,0,0,0,false
conditional_periapsis,4,10,3,620682,24,1,-477.806081662384,false,0,false,-0.40662178655374576,Flight left the recovery corridor,"{""level"":0.4,""mass"":1.0249772481929473,""thrust"":0.9648022504031921,""servo"":0.8721900477096804,""wind"":1.1007241071881264,""deck"":0.9955778308544985,""noise"":0.004}",null,71.85000000000014,false,0,12060.813287625582,"[{""name"":""Launch"",""time"":1.5000000000000007,""altitude"":4.22617393448664},{""name"":""Space"",""time"":31.60000000000013,""altitude"":805.0661281691557}]",0.21734178813360638,460.81014576032766,5.470343996344155e-15,200.00000000000657,0,null,0,0,0,false
conditional_periapsis,4,10,4,631073,25,1,-476.2289248499968,false,0,false,-0.4597564204860479,Flight left the recovery corridor,"{""level"":0,""mass"":1,""thrust"":1,""servo"":1,""wind"":1,""deck"":1,""noise"":0}",null,66.50000000000011,false,0,12061.49615107247,"[{""name"":""Launch"",""time"":1.3500000000000005,""altitude"":4.034951985437246},{""name"":""Space"",""time"":29.000000000000107,""altitude"":816.9924729867474}]",0.17755261757428775,413.0631410891453,7.962277033067095e-17,200.00000000000009,0,null,0,0,0,false
conditional_periapsis,4,10,5,641464,26,1,-477.4003806815027,false,0,false,-0.4810307829699195,Flight left the recovery corridor,"{""level"":0.4,""mass"":1.0000215748575443,""thrust"":0.9953700784806693,""servo"":1.0742618595996196,""wind"":1.0433899879407975,""deck"":1.0173419123779455,""noise"":0.004}",null,64.5000000000001,false,0,12132.137678092275,"[{""name"":""Launch"",""time"":1.3500000000000005,""altitude"":4.2557570953880255},{""name"":""Space"",""time"":27.500000000000096,""altitude"":807.793140712727}]",0.24229140366077445,490.74968439292934,3.666255041923233e-17,200.00000000000006,0,null,0,0,0,false
conditional_periapsis,4,11,0,714133,24,1,-477.92412132067386,false,0,false,-0.31467051720621825,Flight left the recovery corridor,"{""level"":0,""mass"":1,""thrust"":1,""servo"":1,""wind"":1,""deck"":1,""noise"":0}",null,57.00000000000002,false,0,12044.796675338792,"[{""name"":""Launch"",""time"":1.1500000000000004,""altitude"":4.160250339364916},{""name"":""Space"",""time"":20.25000000000002,""altitude"":813.4589839273514}]",0.1352956609216913,362.35479310602955,1.6878136707900564e-17,200.00000000000003,0,null,0,0,0,false
conditional_periapsis,4,11,1,599900,25,1,-475.97011918570007,false,0,false,-0.23236419250388987,Flight left the recovery corridor,"{""level"":0.4,""mass"":1.0159092865474317,""thrust"":0.9720936932782933,""servo"":0.9635634618107671,""wind"":1.0428350290641748,""deck"":0.9733258060268977,""noise"":0.004}",null,59.400000000000034,false,0,12074.720229201414,"[{""name"":""Launch"",""time"":1.2000000000000004,""altitude"":4.093267421881549},{""name"":""Space"",""time"":21.40000000000003,""altitude"":817.5079642098442}]",0.13532904366647905,362.3948523997749,1.8290107012814425e-17,200.00000000000003,0,null,0,0,0,false
conditional_periapsis,4,11,2,610291,26,1,-477.79065490486755,false,0,false,-0.30752059486146116,Flight left the recovery corridor,"{""level"":0,""mass"":1,""thrust"":1,""servo"":1,""wind"":1,""deck"":1,""noise"":0}",null,55.65000000000002,false,0,12022.100794984324,"[{""name"":""Launch"",""time"":1.1500000000000004,""altitude"":4.329985882429568},{""name"":""Space"",""time"":19.400000000000016,""altitude"":814.9440938403646}]",0.2076873301895489,449.2247962274587,2.190834630863525e-18,200,0,null,0,0,0,false
conditional_periapsis,4,11,3,620682,24,1,-476.3487299386723,false,0,false,-0.3247916879347569,Flight left the recovery corridor,"{""level"":0.4,""mass"":1.0249772481929473,""thrust"":0.9648022504031921,""servo"":0.8721900477096804,""wind"":1.1007241071881264,""deck"":0.9955778308544985,""noise"":0.004}",null,60.45000000000003,false,0,12054.411991425495,"[{""name"":""Launch"",""time"":1.2500000000000004,""altitude"":4.1557829379626146},{""name"":""Space"",""time"":21.950000000000035,""altitude"":804.9465244351337}]",0.13533528327418512,362.4023399290221,1.8913610056397875e-17,200.00000000000003,0,null,0,0,0,false
conditional_periapsis,4,11,4,631073,25,1,-477.7580697676605,false,0,false,-0.3098954083874254,Flight left the recovery corridor,"{""level"":0,""mass"":1,""thrust"":1,""servo"":1,""wind"":1,""deck"":1,""noise"":0}",null,57.00000000000002,false,0,12035.365530508854,"[{""name"":""Launch"",""time"":1.1500000000000004,""altitude"":4.123763944995687},{""name"":""Space"",""time"":20.25000000000002,""altitude"":808.4567671848267}]",0.1352956651414655,362.3547981697586,1.7023474388271728e-17,200.00000000000003,0,null,0,0,0,false
conditional_periapsis,4,11,5,641464,26,1,-477.480648852006,false,0,false,-0.22823460318608685,Flight left the recovery corridor,"{""level"":0.4,""mass"":1.0000215748575443,""thrust"":0.9953700784806693,""servo"":1.0742618595996196,""wind"":1.0433899879407975,""deck"":1.0173419123779455,""noise"":0.004}",null,55.65000000000002,false,0,12061.516494165628,"[{""name"":""Launch"",""time"":1.1500000000000004,""altitude"":4.3369849938849185},{""name"":""Space"",""time"":19.650000000000016,""altitude"":820.1114243319846}]",0.20769056573114977,449.2286788773797,2.17823676372053e-18,200,0,null,0,0,0,false
